delta_over_tk,phi_over_pi,current,eps_x,eps_y
0.1,-1.0000000000000004,-0.18900000000000028,0.425,0.9811
0.1,-0.9336000000000002,-0.5769999999999997,0.4333,0.9423
0.1,-0.8664000000000005,-0.5730000000000002,0.4417,0.9427
0.1,-0.8000000000000003,-0.5559999999999998,0.45,0.9444
0.1,-0.7336000000000005,-0.5369999999999997,0.4583,0.9463
0.1,-0.6664000000000003,-0.494,0.4667,0.9506
0.1,-0.6000000000000005,-0.47599999999999976,0.475,0.9524
0.1,-0.5336000000000003,-0.44300000000000006,0.4833,0.9557
0.1,-0.46640000000000015,-0.39100000000000024,0.4917,0.9609
0.1,-0.40000000000000036,-0.34599999999999964,0.5,0.9654
0.1,-0.33360000000000056,-0.2629999999999999,0.5083,0.9737
0.1,-0.26639999999999997,-0.22800000000000042,0.5167,0.9772
0.1,-0.20000000000000018,-0.17900000000000027,0.525,0.9821
0.1,-0.13360000000000039,-0.11700000000000044,0.5333,0.9883
0.1,-0.06640000000000068,-0.05900000000000016,0.5417,0.9941
0.1,0.0,0.0,0.55,1.0
0.1,0.06639999999999979,0.05900000000000016,0.5583,1.0059
0.1,0.1335999999999995,0.11700000000000044,0.5667,1.0117
0.1,0.1999999999999993,0.17900000000000027,0.575,1.0179
0.1,0.26639999999999997,0.22799999999999931,0.5833,1.0228
0.1,0.3335999999999997,0.2629999999999999,0.5917,1.0263
0.1,0.39999999999999947,0.34599999999999964,0.6,1.0346
0.1,0.46639999999999926,0.3909999999999991,0.6083,1.0391
0.1,0.5335999999999999,0.44300000000000006,0.6167,1.0443
0.1,0.5999999999999996,0.47600000000000087,0.625,1.0476
0.1,0.6663999999999994,0.4940000000000011,0.6333,1.0494
0.1,0.7336,0.5370000000000008,0.6417,1.0537
0.1,0.7999999999999998,0.5560000000000009,0.65,1.0556
0.1,0.8663999999999996,0.5729999999999991,0.6583,1.0573
0.1,0.9335999999999993,0.5770000000000008,0.6667,1.0577
0.1,1.0,0.18899999999999917,0.675,1.0189
1.6,-0.9999999999999998,-0.010199999999999987,0.15,0.6898
1.6,-0.8998095238095236,0.005600000000000049,0.1763,0.7056
1.6,-0.7999999999999998,0.01770000000000005,0.2025,0.7177
1.6,-0.6998095238095237,0.028100000000000014,0.2288,0.7281
1.6,-0.5999999999999999,0.03760000000000008,0.255,0.7376
1.6,-0.5001904761904761,0.04260000000000008,0.2812,0.7426
1.6,-0.3999999999999999,0.044399999999999995,0.3075,0.7444
1.6,-0.39009523809523805,0.04260000000000008,0.3101,0.7426
1.6,-0.3798095238095236,0.043399999999999994,0.3128,0.7434
1.6,-0.36990476190476174,-0.12469999999999992,0.3154,0.5753
1.6,-0.3599999999999999,-0.12139999999999995,0.318,0.5786
1.6,-0.350095238095238,-0.11819999999999997,0.3206,0.5818
1.6,-0.3398095238095238,-0.11529999999999996,0.3233,0.5847
1.6,-0.3299047619047617,-0.1119,0.3259,0.5881
1.6,-0.31999999999999984,-0.10809999999999997,0.3285,0.5919
1.6,-0.310095238095238,-0.1046999999999999,0.3311,0.5953
1.6,-0.3001904761904761,-0.10149999999999992,0.3337,0.5985
1.6,-0.19999999999999996,-0.06919999999999993,0.36,0.6308
1.6,-0.0998095238095238,-0.03479999999999994,0.3863,0.6652
1.6,0.0,0.0,0.4125,0.7
1.6,0.10019047619047636,0.03480000000000005,0.4388,0.7348
1.6,0.20000000000000018,0.06920000000000004,0.465,0.7692
1.6,0.30019047619047634,0.10150000000000003,0.4913,0.8015
1.6,0.3100952380952382,0.10470000000000002,0.4939,0.8047
1.6,0.32000000000000006,0.10810000000000008,0.4965,0.8081
1.6,0.3299047619047619,0.1119,0.4991,0.8119
1.6,0.3401904761904764,0.11530000000000007,0.5018,0.8153
1.6,0.350095238095238,0.11820000000000008,0.5044,0.8182
1.6,0.3600000000000001,0.12140000000000006,0.507,0.8214
1.6,0.3699047619047622,0.12470000000000003,0.5096,0.8247
1.6,0.3801904761904762,-0.043399999999999994,0.5123,0.6566
1.6,0.3900952380952383,-0.04259999999999997,0.5149,0.6574
1.6,0.3999999999999999,-0.044399999999999995,0.5175,0.6556
1.6,0.5001904761904761,-0.04259999999999997,0.5438,0.6574
1.6,0.5999999999999999,-0.03759999999999997,0.57,0.6624
1.6,0.7001904761904765,-0.028099999999999903,0.5963,0.6719
1.6,0.8000000000000003,-0.017699999999999938,0.6225,0.6823
1.6,0.9001904761904764,-0.005599999999999938,0.6488,0.6944
1.6,1.0000000000000002,0.010200000000000098,0.675,0.7102
1.8,-0.9999999999999998,-0.008199999999999985,0.15,0.6918
1.8,-0.8998095238095236,0.006200000000000094,0.1763,0.7062
1.8,-0.7999999999999998,0.016700000000000048,0.2025,0.7167
1.8,-0.6998095238095237,0.027000000000000024,0.2288,0.727
1.8,-0.5999999999999999,0.03520000000000001,0.255,0.7352
1.8,-0.5001904761904761,0.04039999999999999,0.2812,0.7404
1.8,-0.3999999999999999,0.04139999999999999,0.3075,0.7414
1.8,-0.39009523809523805,0.041200000000000014,0.3101,0.7412
1.8,-0.3798095238095236,0.041000000000000036,0.3128,0.741
1.8,-0.36990476190476174,0.04070000000000007,0.3154,0.7407
1.8,-0.3599999999999999,0.0403,0.318,0.7403
1.8,-0.350095238095238,0.040100000000000025,0.3206,0.7401
1.8,-0.3398095238095238,0.03980000000000006,0.3233,0.7398
1.8,-0.3299047619047617,-0.10799999999999998,0.3259,0.592
1.8,-0.31999999999999984,-0.1048,0.3285,0.5952
1.8,-0.310095238095238,-0.1016999999999999,0.3311,0.5983
1.8,-0.3001904761904761,-0.09859999999999991,0.3337,0.6014
1.8,-0.19999999999999996,-0.06659999999999999,0.36,0.6334
1.8,-0.0998095238095238,-0.033399999999999985,0.3863,0.6666
1.8,0.0,0.0,0.4125,0.7
1.8,0.10019047619047636,0.033400000000000096,0.4388,0.7334
1.8,0.20000000000000018,0.06659999999999999,0.465,0.7666
1.8,0.30019047619047634,0.09860000000000002,0.4913,0.7986
1.8,0.3100952380952382,0.10170000000000001,0.4939,0.8017
1.8,0.32000000000000006,0.1048,0.4965,0.8048
1.8,0.3299047619047619,0.1080000000000001,0.4991,0.808
1.8,0.3401904761904764,-0.03979999999999995,0.5018,0.6602
1.8,0.350095238095238,-0.040099999999999913,0.5044,0.6599
1.8,0.3600000000000001,-0.0403,0.507,0.6597
1.8,0.3699047619047622,-0.04069999999999996,0.5096,0.6593
1.8,0.3801904761904762,-0.040999999999999925,0.5123,0.659
1.8,0.3900952380952383,-0.0411999999999999,0.5149,0.6588
1.8,0.3999999999999999,-0.04139999999999999,0.5175,0.6586
1.8,0.5001904761904761,-0.04039999999999999,0.5438,0.6596
1.8,0.5999999999999999,-0.03520000000000001,0.57,0.6648
1.8,0.7001904761904765,-0.026999999999999913,0.5963,0.673
1.8,0.8000000000000003,-0.016699999999999937,0.6225,0.6833
1.8,0.9001904761904764,-0.006199999999999983,0.6488,0.6938
1.8,1.0000000000000002,0.008200000000000096,0.675,0.7082
2.0,-0.9999999999999998,-0.007799999999999918,0.15,0.6922
2.0,-0.8998095238095236,0.005099999999999993,0.1763,0.7051
2.0,-0.7999999999999998,0.015300000000000091,0.2025,0.7153
2.0,-0.6998095238095237,0.025700000000000056,0.2288,0.7257
2.0,-0.5999999999999999,0.033299999999999996,0.255,0.7333
2.0,-0.5001904761904761,0.037800000000000056,0.2812,0.7378
2.0,-0.3999999999999999,0.03850000000000009,0.3075,0.7385
2.0,-0.3001904761904761,0.03480000000000005,0.3337,0.7348
2.0,-0.2899047619047619,0.03380000000000005,0.3364,0.7338
2.0,-0.2799999999999998,0.03320000000000001,0.339,0.7332
2.0,-0.27009523809523794,0.032500000000000084,0.3416,0.7325
2.0,-0.2598095238095237,-0.08449999999999991,0.3443,0.6155
2.0,-0.24990476190476185,-0.08109999999999995,0.3469,0.6189
2.0,-0.24,-0.07789999999999997,0.3495,0.6221
2.0,-0.2300952380952379,-0.07469999999999999,0.3521,0.6253
2.0,-0.2198095238095237,-0.0716,0.3548,0.6284
2.0,-0.20990476190476182,-0.06829999999999992,0.3574,0.6317
2.0,-0.19999999999999996,-0.06499999999999995,0.36,0.635
2.0,-0.0998095238095238,-0.03269999999999995,0.3863,0.6673
2.0,0.0,0.0,0.4125,0.7
2.0,0.10019047619047636,0.03270000000000006,0.4388,0.7327
2.0,0.20000000000000018,0.06500000000000006,0.465,0.765
2.0,0.20990476190476204,0.06830000000000003,0.4676,0.7683
2.0,0.22019047619047624,0.0716,0.4703,0.7716
2.0,0.23009523809523813,0.0747000000000001,0.4729,0.7747
2.0,0.24,0.07790000000000008,0.4755,0.7779
2.0,0.24990476190476207,0.08110000000000006,0.4781,0.7811
2.0,0.2601904761904763,0.08450000000000002,0.4808,0.7845
2.0,0.27009523809523817,-0.03249999999999997,0.4834,0.6675
2.0,0.28,-0.03320000000000001,0.486,0.6668
2.0,0.2899047619047619,-0.03379999999999994,0.4886,0.6662
2.0,0.30019047619047634,-0.03479999999999994,0.4913,0.6652
2.0,0.3999999999999999,-0.03849999999999998,0.5175,0.6615
2.0,0.5001904761904761,-0.037799999999999945,0.5438,0.6622
2.0,0.5999999999999999,-0.033299999999999996,0.57,0.6667
2.0,0.7001904761904765,-0.025699999999999945,0.5963,0.6743
2.0,0.8000000000000003,-0.01529999999999998,0.6225,0.6847
2.0,0.9001904761904764,-0.005099999999999993,0.6488,0.6949
2.0,1.0000000000000002,0.007800000000000029,0.675,0.7078
2.2,-0.9999999999999998,-0.006699999999999928,0.15,0.6933
2.2,-0.8998095238095236,0.0050000000000000044,0.1763,0.705
2.2,-0.7999999999999998,0.014900000000000024,0.2025,0.7149
2.2,-0.6998095238095237,0.0242,0.2288,0.7242
2.2,-0.5999999999999999,0.03170000000000006,0.255,0.7317
2.2,-0.5001904761904761,0.0353,0.2812,0.7353
2.2,-0.3999999999999999,0.03620000000000001,0.3075,0.7362
2.2,-0.3001904761904761,0.032400000000000095,0.3337,0.7324
2.2,-0.19999999999999996,0.024900000000000033,0.36,0.7249
2.2,-0.1900952380952381,0.023500000000000076,0.3626,0.7235
2.2,-0.17980952380952367,0.022800000000000042,0.3653,0.7228
2.2,-0.1699047619047618,-0.054099999999999926,0.3679,0.6459
2.2,-0.15999999999999992,-0.050999999999999934,0.3705,0.649
2.2,-0.15009523809523806,-0.04789999999999994,0.3731,0.6521
2.2,-0.13980952380952363,-0.04489999999999994,0.3758,0.6551
2.2,-0.12990476190476177,-0.04169999999999996,0.3784,0.6583
2.2,-0.11999999999999988,-0.03849999999999998,0.381,0.6615
2.2,-0.11009523809523802,-0.0353,0.3836,0.6647
2.2,-0.0998095238095238,-0.032099999999999906,0.3863,0.6679
2.2,0.0,0.0,0.4125,0.7
2.2,0.10019047619047636,0.03210000000000002,0.4388,0.7321
2.2,0.11009523809523823,0.0353,0.4414,0.7353
2.2,0.1200000000000001,0.03850000000000009,0.444,0.7385
2.2,0.12990476190476197,0.04170000000000007,0.4466,0.7417
2.2,0.14019047619047617,0.04490000000000005,0.4493,0.7449
2.2,0.15009523809523825,0.047900000000000054,0.4519,0.7479
2.2,0.16000000000000014,0.051000000000000045,0.4545,0.751
2.2,0.169904761904762,0.05410000000000004,0.4571,0.7541
2.2,0.1801904761904762,-0.02279999999999993,0.4598,0.6772
2.2,0.1900952380952381,-0.023499999999999965,0.4624,0.6765
2.2,0.20000000000000018,-0.024899999999999922,0.465,0.6751
2.2,0.30019047619047634,-0.032399999999999984,0.4913,0.6676
2.2,0.3999999999999999,-0.03620000000000001,0.5175,0.6638
2.2,0.5001904761904761,-0.0353,0.5438,0.6647
2.2,0.5999999999999999,-0.03169999999999995,0.57,0.6683
2.2,0.7001904761904765,-0.0242,0.5963,0.6758
2.2,0.8000000000000003,-0.014899999999999913,0.6225,0.6851
2.2,0.9001904761904764,-0.0050000000000000044,0.6488,0.695
2.2,1.0000000000000002,0.006700000000000039,0.675,0.7067
10.0,-1.0000000000000002,-0.0008499999999999952,0.15,0.9915
10.0,-0.9000000000000001,0.002410000000000001,0.1625,1.0241
10.0,-0.8000000000000003,0.0051500000000000105,0.175,1.0515
10.0,-0.7000000000000002,0.007299999999999996,0.1875,1.073
10.0,-0.6000000000000001,0.00879000000000001,0.2,1.0879
10.0,-0.5000000000000002,0.009260000000000001,0.2125,1.0926
10.0,-0.40000000000000013,0.008990000000000008,0.225,1.0899
10.0,-0.30000000000000027,0.007850000000000001,0.2375,1.0785
10.0,-0.20000000000000018,0.00572999999999999,0.25,1.0573
10.0,-0.10000000000000009,0.0031199999999999895,0.2625,1.0312
10.0,0.0,0.0,0.275,1.0
10.0,0.09999999999999964,-0.0031200000000000004,0.2875,0.9688
10.0,0.19999999999999973,-0.005730000000000002,0.3,0.9427
10.0,0.2999999999999998,-0.007850000000000001,0.3125,0.9215
10.0,0.3999999999999999,-0.008989999999999998,0.325,0.9101
10.0,0.5,-0.009260000000000001,0.3375,0.9074
10.0,0.5999999999999996,-0.008789999999999997,0.35,0.9121
10.0,0.6999999999999997,-0.007299999999999996,0.3625,0.927
10.0,0.7999999999999998,-0.005149999999999999,0.375,0.9485
10.0,0.8999999999999999,-0.002410000000000001,0.3875,0.9759
10.0,1.0,0.0008499999999999952,0.4,1.0085
