setting,u,phi_over_pi,reference,current,reference_current,difference,same_sign
ChE-W4,2.0,0.25,NRG,0.19523712231828874,0.19632999896882863,-0.0010928766505398924,1
ChE-W4,2.0,0.25,ChE-W4,0.19523712231828874,0.19517631886398656,6.080345430217737e-05,1
ChE-W4,2.0,0.6,NRG,0.4456955936742497,0.44623805285594237,-0.0005424591816926561,1
ChE-W4,2.0,0.6,ChE-W4,0.4456955936742497,0.44557525951776056,0.00012033415648915469,1
ChE-W4,2.0,0.9,NRG,-0.037585412558671455,-0.03673814902546996,-0.0008472635332014977,1
ChE-W4,2.0,0.9,ChE-W4,-0.037585412558671455,-0.03756202531057226,-2.338724809919368e-05,1
ChE-W4,4.0,0.25,NRG,0.19019799982824923,0.19072799600987878,-0.0005299961816295495,1
ChE-W4,4.0,0.25,ChE-W4,0.19019799982824923,0.19011242837472328,8.557145352594553e-05,1
ChE-W4,4.0,0.6,NRG,0.4327379880709428,0.4322819986733724,0.000455989397570411,1
ChE-W4,4.0,0.6,ChE-W4,0.4327379880709428,0.43265206696259567,8.592110834715339e-05,1
ChE-W4,4.0,0.9,NRG,-0.035096347663823614,-0.03429898996399677,-0.0007973576998268408,1
ChE-W4,4.0,0.9,ChE-W4,-0.035096347663823614,-0.03503057579612312,-6.577186770049398e-05,1
ChE-W4,8.0,0.25,NRG,0.17343084459593386,0.17358411396418105,-0.00015326936824719417,1
ChE-W4,8.0,0.25,ChE-W4,0.17343084459593386,0.17332055711706884,0.00011028747886501766,1
ChE-W4,8.0,0.6,NRG,-0.09306829189870029,-0.09201875196087107,-0.0010495399378292192,1
ChE-W4,8.0,0.6,ChE-W4,-0.09306829189870029,-0.09299205926234624,-7.623263635404831e-05,1
ChE-W4,8.0,0.9,NRG,-0.02782426281580735,-0.02738723482989694,-0.0004370279859104119,1
ChE-W4,8.0,0.9,ChE-W4,-0.02782426281580735,-0.0277576783393733,-6.658447643404994e-05,1
ChE-W6,2.0,0.25,NRG,0.1965225362550805,0.19632999896882863,0.00019253728625187594,1
ChE-W6,2.0,0.6,NRG,0.44725351633914817,0.44623805285594237,0.001015463483205803,1
ChE-W6,2.0,0.9,NRG,-0.036871099744641034,-0.03673814902546996,-0.0001329507191710766,1
ChE-W6,4.0,0.25,NRG,0.19132924850655955,0.19072799600987878,0.0006012524966807764,1
ChE-W6,4.0,0.6,NRG,0.434056075253515,0.4322819986733724,0.0017740765801425584,1
ChE-W6,4.0,0.9,NRG,-0.0344710241321999,-0.03429898996399677,-0.0001720341682031265,1
ChE-W6,8.0,0.25,NRG,0.1744824726928272,0.17358411396418105,0.0008983587286461592,1
ChE-W6,8.0,0.6,NRG,-0.09236386958403997,-0.09201875196087107,-0.0003451176231688974,1
ChE-W6,8.0,0.9,NRG,-0.02754346432006039,-0.02738723482989694,-0.00015622949016345228,1
ChE-W8,2.0,0.25,NRG,0.19690154264184773,0.19632999896882863,0.0005715436730190926,1
ChE-W8,2.0,0.6,NRG,0.4476458898110838,0.44623805285594237,0.001407836955141406,1
ChE-W8,2.0,0.9,NRG,-0.036627163321317185,-0.03673814902546996,0.00011098570415277176,1
ChE-W8,4.0,0.25,NRG,0.19160758457010957,0.19072799600987878,0.0008795885602307929,1
ChE-W8,4.0,0.6,NRG,0.4342863298096659,0.4322819986733724,0.0020043311362935023,1
ChE-W8,4.0,0.9,NRG,-0.03425389806561298,-0.03429898996399677,4.5091898383795015e-05,1
ChE-W8,8.0,0.25,NRG,0.17474301575754345,0.17358411396418105,0.0011589017933623935,1
ChE-W8,8.0,0.6,NRG,-0.09211437018826424,-0.09201875196087107,-9.56182273931655e-05,1
ChE-W8,8.0,0.9,NRG,-0.02744492057718297,-0.02738723482989694,-5.768574728602996e-05,1
ChE-F4,2.0,0.25,NRG,0.19455178442320079,0.19632999896882863,-0.0017782145456278486,1
ChE-F4,2.0,0.25,ChE-F4,0.19455178442320079,0.19699539938370528,-0.002443614960504492,1
ChE-F4,2.0,0.6,NRG,0.4443216735758726,0.44623805285594237,-0.0019163792800697688,1
ChE-F4,2.0,0.6,ChE-F4,0.4443216735758726,0.449920860622697,-0.005599187046824383,1
ChE-F4,2.0,0.9,NRG,-0.037660309450201074,-0.03673814902546996,-0.0009221604247311166,1
ChE-F4,2.0,0.9,ChE-F4,-0.037660309450201074,-0.03812144221295697,0.00046113276275589615,1
ChE-F4,4.0,0.25,NRG,0.18947660865672492,0.19072799600987878,-0.00125138735315386,1
ChE-F4,4.0,0.25,ChE-F4,0.18947660865672492,0.19182984588656032,-0.0023532372298354087,1
ChE-F4,4.0,0.6,NRG,0.4312656432805828,0.4322819986733724,-0.001016355392789603,1
ChE-F4,4.0,0.6,ChE-F4,0.4312656432805828,0.4367310079713134,-0.005465364690730612,1
ChE-F4,4.0,0.9,NRG,-0.035099085794939006,-0.03429898996399677,-0.0008000958309422324,1
ChE-F4,4.0,0.9,ChE-F4,-0.035099085794939006,-0.03545917953617791,0.0003600937412389024,1
ChE-F4,8.0,0.25,NRG,0.17256520065062295,0.17358411396418105,-0.0010189133135581063,1
ChE-F4,8.0,0.25,ChE-F4,0.17256520065062295,0.17451542165739797,-0.001950221006775027,1
ChE-F4,8.0,0.6,NRG,-0.09257528228880794,-0.09201875196087107,-0.0005565303279368716,1
ChE-F4,8.0,0.6,ChE-F4,-0.09257528228880794,-0.09376696445980322,0.001191682170995273,1
ChE-F4,8.0,0.9,NRG,-0.027692373770559126,-0.02738723482989694,-0.00030513894066218697,1
ChE-F4,8.0,0.9,ChE-F4,-0.027692373770559126,-0.028048881976845547,0.0003565082062864204,1
ChE-F6,2.0,0.25,NRG,0.1957826686702791,0.19632999896882863,-0.000547330298549531,1
ChE-F6,2.0,0.6,NRG,0.4458095579454,0.44623805285594237,-0.0004284949105423652,1
ChE-F6,2.0,0.9,NRG,-0.036973679170831865,-0.03673814902546996,-0.0002355301453619077,1
ChE-F6,4.0,0.25,NRG,0.19055681619300163,0.19072799600987878,-0.0001711798168771428,1
ChE-F6,4.0,0.6,NRG,0.43252000508546357,0.4322819986733724,0.0002380064120911518,1
ChE-F6,4.0,0.9,NRG,-0.03450056019872786,-0.03429898996399677,-0.00020157023473108687,1
ChE-F6,8.0,0.25,NRG,0.1735644966216765,0.17358411396418105,-1.961734250455205e-05,1
ChE-F6,8.0,0.6,NRG,-0.09192704582908835,-0.09201875196087107,9.170613178272058e-05,1
ChE-F6,8.0,0.9,NRG,-0.027431521838268715,-0.02738723482989694,-4.428700837177599e-05,1
ChE-F8,2.0,0.25,NRG,0.19613726655171587,0.19632999896882863,-0.000192732417112762,1
ChE-F8,2.0,0.6,NRG,0.44617373209811556,0.44623805285594237,-6.43207578268079e-05,1
ChE-F8,2.0,0.9,NRG,-0.036743465470353426,-0.03673814902546996,-5.316444883468607e-06,1
ChE-F8,4.0,0.25,NRG,0.19081538409187362,0.19072799600987878,8.738808199484915e-05,1
ChE-F8,4.0,0.6,NRG,0.43273037863579644,0.4322819986733724,0.0004483799624240281,1
ChE-F8,4.0,0.9,NRG,-0.03429659200983372,-0.03429898996399677,2.397954163055327e-06,1
ChE-F8,8.0,0.25,NRG,0.17380728495197517,0.17358411396418105,0.00022317098779411904,1
ChE-F8,8.0,0.6,NRG,-0.09170502896033231,-0.09201875196087107,0.00031372300053876534,1
ChE-F8,8.0,0.9,NRG,-0.027342547649891975,-0.02738723482989694,4.468718000496391e-05,1
ChE-F8-q4,2.0,0.25,NRG,0.19680626827907743,0.19632999896882863,0.00047626931024880026,1
ChE-F8-q4,2.0,0.6,NRG,0.44818044866472484,0.44623805285594237,0.001942395808782471,1
ChE-F8-q4,2.0,0.9,NRG,-0.036603527557245226,-0.03673814902546996,0.00013462146822473126,1
ChE-F8-q4,4.0,0.25,NRG,0.19155511300774153,0.19072799600987878,0.0008271169978627535,1
ChE-F8-q4,4.0,0.6,NRG,0.4349548864953987,0.4322819986733724,0.002672887822026293,1
ChE-F8-q4,4.0,0.9,NRG,-0.03413481860670258,-0.03429898996399677,0.0001641713572941919,1
ChE-F8-q4,8.0,0.25,NRG,0.1746002152933414,0.17358411396418105,0.0010161013291603571,1
ChE-F8-q4,8.0,0.6,NRG,-0.091229947942733,-0.09201875196087107,0.0007888040181380784,1
ChE-F8-q4,8.0,0.9,NRG,-0.027208389751985206,-0.02738723482989694,0.00017884507791173301,1
SM8,2.0,0.25,NRG,0.19630524859633633,0.19632999896882863,-2.475037249230483e-05,1
SM8,2.0,0.6,NRG,0.44616456579460156,0.44623805285594237,-7.348706134080452e-05,1
SM8,2.0,0.9,NRG,-0.03647689745983144,-0.03673814902546996,0.0002612515656385192,1
SM8,4.0,0.25,NRG,0.1907652273186409,0.19072799600987878,3.723130876212566e-05,1
SM8,4.0,0.6,NRG,0.43236085064298235,0.4322819986733724,7.885196960993879e-05,1
SM8,4.0,0.9,NRG,-0.03405796854534385,-0.03429898996399677,0.0002410214186529258,1
SM8,8.0,0.25,NRG,0.1737470488049992,0.17358411396418105,0.0001629348408181408,1
SM8,8.0,0.6,NRG,-0.09131383754741863,-0.09201875196087107,0.0007049144134524399,1
SM8,8.0,0.9,NRG,-0.02721766385142829,-0.02738723482989694,0.00016957097846865068,1
SM10,2.0,0.25,NRG,0.1963059583223465,0.19632999896882863,-2.4040646482120787e-05,1
SM10,2.0,0.6,NRG,0.44615591076247946,0.44623805285594237,-8.214209346291135e-05,1
SM10,2.0,0.9,NRG,-0.03650322582088557,-0.03673814902546996,0.0002349232045843891,1
SM10,4.0,0.25,NRG,0.1907644450388213,0.19072799600987878,3.6449028942536765e-05,1
SM10,4.0,0.6,NRG,0.4323321983431234,0.4322819986733724,5.019966975100543e-05,1
SM10,4.0,0.9,NRG,-0.03407096616369717,-0.03429898996399677,0.00022802380029960517,1
SM10,8.0,0.25,NRG,0.17371921015794367,0.17358411396418105,0.00013509619376261828,1
SM10,8.0,0.6,NRG,-0.0913428975318954,-0.09201875196087107,0.0006758544289756779,1
SM10,8.0,0.9,NRG,-0.027217241190289808,-0.02738723482989694,0.00016999363960713137,1
