method,u,phi_over_pi,current,pdf_x,pdf_y
ChE-F1,2.0,0.0,7.313272051834296e-08,391.7037658691406,201.93548583984375
ChE-F1,2.0,0.2349999526052777,0.16096943271680014,462.0661926269531,157.15484619140625
ChE-F1,2.0,0.36000001630786144,0.24561368225441849,499.4930419921875,133.60736083984375
ChE-F1,2.0,0.4650000168174821,0.31577370396021004,530.9315795898438,114.08929443359375
ChE-F1,2.0,0.555000046375481,0.3750123045802292,557.87890625,97.6094970703125
ChE-F1,2.0,0.6399998817680046,0.43003297554368697,583.3291015625,82.3031005859375
ChE-F1,2.0,0.7199999306915889,0.48085502388880313,607.2822875976562,68.16473388671875
ChE-F1,2.0,0.7949999892979659,0.5275297887853898,629.7384033203125,55.18011474609375
ChE-F1,2.0,0.8649998537388677,0.5701366923679425,650.6973876953125,43.3271484375
ChE-F1,2.0,0.890000009173172,0.5851088617111448,658.1828002929688,39.1619873046875
ChE-F1,2.0,0.8949999994903793,-0.06033486010076225,659.6798706054688,218.72027587890625
ChE-F1,2.0,1.0,7.313272051834296e-08,691.118408203125,201.93548583984375
ChE-F1,4.0,0.0,7.313272051834296e-08,391.7037658691406,201.93548583984375
ChE-F1,4.0,0.21499999133644862,0.14041379955930222,456.0779113769531,162.873291015625
ChE-F1,4.0,0.3299999724804838,0.21455699488875418,490.5105895996094,142.24713134765625
ChE-F1,4.0,0.42499989043155595,0.27489126992775215,518.9549560546875,125.4625244140625
ChE-F1,4.0,0.5099999296723475,0.32794393938175065,544.4052124023438,110.70361328125
ChE-F1,4.0,0.5849999882787246,0.37385870904659063,566.861328125,97.930419921875
ChE-F1,4.0,0.6550000565678944,0.41581860745061533,587.8203735351562,86.2574462890625
ChE-F1,4.0,0.7199999306915889,0.45389186742207893,607.2822875976562,75.66571044921875
ChE-F1,4.0,0.7650000473947223,0.4796873868728229,620.7559814453125,68.48956298828125
ChE-F1,4.0,0.7700000377119296,-0.11205183354700277,622.2530517578125,233.10760498046875
ChE-F1,4.0,0.8299999215184168,-0.08355705851422103,640.2178955078125,225.1805419921875
ChE-F1,4.0,0.9049999801247939,-0.047020463266531476,662.6740112304688,215.01629638671875
ChE-F1,4.0,1.0,7.313272051834296e-08,691.118408203125,201.93548583984375
ChE-F1,8.0,0.0,7.313272051834296e-08,391.7037658691406,201.93548583984375
ChE-F1,8.0,0.18999993782627828,0.10694570699960582,448.592529296875,172.18389892578125
ChE-F1,8.0,0.28999994801869167,0.16234067122673557,478.53399658203125,156.77337646484375
ChE-F1,8.0,0.37499998725948325,0.20855184780788327,503.9842529296875,143.917724609375
ChE-F1,8.0,0.40999991947993414,0.22728230765911667,514.4637451171875,138.70703125
ChE-F1,8.0,0.4149999097971414,-0.12140982333328702,515.9608154296875,235.7109375
ChE-F1,8.0,0.44000006523144575,-0.12152325218282888,523.4462280273438,235.74249267578125
ChE-F1,8.0,0.4650000168174821,-0.12088348714363341,530.9315795898438,235.56451416015625
ChE-F1,8.0,0.48999996840351845,-0.11953177507007944,538.4169311523438,235.1884765625
ChE-F1,8.0,0.5199999103067621,-0.117030197231634,547.3993530273438,234.4925537109375
ChE-F1,8.0,0.5500000560582737,-0.11363874044978087,556.3818359375,233.549072265625
ChE-F1,8.0,0.5799999979615174,-0.10943068371049097,565.3642578125,232.37841796875
ChE-F1,8.0,0.609999939864761,-0.10447777021260414,574.3466796875,231.00054931640625
ChE-F1,8.0,0.6449998720852118,-0.09784997114914176,584.826171875,229.15673828125
ChE-F1,8.0,0.6800000081539307,-0.09040732731353535,595.3057250976562,227.08624267578125
ChE-F1,8.0,0.7199999306915889,-0.08103112747983915,607.2822875976562,224.47784423828125
ChE-F1,8.0,0.7600000570775151,-0.07086004810670357,619.2589111328125,221.6483154296875
ChE-F1,8.0,0.8049999699323804,-0.05863101397785689,632.7325439453125,218.24627685546875
ChE-F1,8.0,0.8599998634216605,-0.04279726805409187,649.2003173828125,213.8414306640625
ChE-F1,8.0,0.924999941393623,-0.023208961391042865,668.6622924804688,208.39208984375
ChE-F1,8.0,1.0,7.313272051834296e-08,691.118408203125,201.93548583984375
ChE-F2,2.0,0.0,1.8283180133749077e-07,391.7037658691406,464.8283996582031
ChE-F2,2.0,0.17499996687465647,0.13285608138794203,444.101318359375,427.8687438964844
ChE-F2,2.0,0.2699999867498626,0.2039796998194353,472.54571533203125,408.0826110839844
ChE-F2,2.0,0.34499994343210566,0.25923128734796624,495.0018005371094,392.71197509765625
ChE-F2,2.0,0.4149999097971414,0.30984435894416834,515.9608154296875,378.6317443847656
ChE-F2,2.0,0.47499999745189664,0.35232412129207963,533.9257202148438,366.81414794921875
ChE-F2,2.0,0.5299998909411766,0.3903979297589472,550.3934936523438,356.2222595214844
ChE-F2,2.0,0.5849999882787246,0.42751614953301104,566.861328125,345.8962097167969
ChE-F2,2.0,0.6349998914507973,0.460317161982394,581.83203125,336.77117919921875
ChE-F2,2.0,0.6800000081539307,0.48897593714096416,595.3057250976562,328.7984924316406
ChE-F2,2.0,0.7249999210087962,0.5167268427068761,608.7793579101562,321.078369140625
ChE-F2,2.0,0.7650000473947223,0.540554141249999,620.7559814453125,314.44976806640625
ChE-F2,2.0,0.8049999699323804,0.5635135006658734,632.7325439453125,308.0626220703125
ChE-F2,2.0,0.8449998924700386,0.585524182431034,644.7091064453125,301.93939208984375
ChE-F2,2.0,0.8800000285387575,0.6039354179571543,655.1886596679688,296.8175048828125
ChE-F2,2.0,0.890000009173172,0.6090410325755078,658.1828002929688,295.39715576171875
ChE-F2,2.0,0.8949999994903793,-0.04366915634824925,659.6798706054688,476.9769287109375
ChE-F2,2.0,0.9649998639312811,-0.014680735451890747,680.6388549804688,468.91253662109375
ChE-F2,2.0,1.0,1.8283180133749077e-07,691.118408203125,464.8283996582031
ChE-F2,4.0,0.0,1.8283180133749077e-07,391.7037658691406,464.8283996582031
ChE-F2,4.0,0.1699999765574492,0.12552324633221124,442.604248046875,429.90869140625
ChE-F2,4.0,0.2649999964326553,0.1946640538783379,471.04864501953125,410.6741638183594
ChE-F2,4.0,0.3399999531148984,0.24832511443442445,493.5047302246094,395.7460021972656
ChE-F2,4.0,0.40499992916272687,0.29395367919747073,512.9666748046875,383.05242919921875
ChE-F2,4.0,0.4650000168174821,0.33518495630685613,530.9315795898438,371.5821533203125
ChE-F2,4.0,0.5199999103067621,0.37209792910075273,547.3993530273438,361.3132019042969
ChE-F2,4.0,0.57500000764431,0.4080371031544337,563.8671875,351.3151550292969
ChE-F2,4.0,0.6249999108163827,0.43974869403244315,578.837890625,342.4931945800781
ChE-F2,4.0,0.6700000275195162,0.4674120597318809,592.3115844726562,334.79742431640625
ChE-F2,4.0,0.7149999403743816,0.49415274646275315,605.7852172851562,327.35833740234375
ChE-F2,4.0,0.7549998629120398,0.5170699814316022,617.7617797851562,320.98291015625
ChE-F2,4.0,0.7700000377119296,0.5254415570833795,622.2530517578125,318.65399169921875
ChE-F2,4.0,0.7750000280291368,-0.08341806977885396,623.7501220703125,488.0348205566406
ChE-F2,4.0,0.814999950566795,-0.06970381979512602,635.7266845703125,484.2196044921875
ChE-F2,4.0,0.8649998537388677,-0.05165020327239672,650.6973876953125,479.19720458984375
ChE-F2,4.0,0.924999941393623,-0.029034640775733395,668.6622924804688,472.90570068359375
ChE-F2,4.0,1.0,1.8283180133749077e-07,691.118408203125,464.8283996582031
ChE-F2,8.0,0.0,1.8283180133749077e-07,391.7037658691406,464.8283996582031
ChE-F2,8.0,0.1649999862402419,0.11081687786177474,441.107177734375,433.9999084472656
ChE-F2,8.0,0.2550000157982408,0.17029440307976518,468.05450439453125,417.4536437988281
ChE-F2,8.0,0.3299999724804838,0.21891270659079393,490.5105895996094,403.9283447265625
ChE-F2,8.0,0.39499994852831233,0.2601236893702322,509.9725341796875,392.4637145996094
ChE-F2,8.0,0.45500003618306756,0.297228525856439,527.9374389648438,382.1413879394531
ChE-F2,8.0,0.46000002650027483,-0.1069638804806575,529.4345092773438,494.5851135253906
ChE-F2,8.0,0.48999996840351845,-0.10641670146565287,538.4169311523438,494.4328918457031
ChE-F2,8.0,0.5199999103067621,-0.10495408362141533,547.3993530273438,494.0260009765625
ChE-F2,8.0,0.5500000560582737,-0.10262133266831314,556.3818359375,493.3770446777344
ChE-F2,8.0,0.5799999979615174,-0.0994679228917848,565.3642578125,492.4997863769531
ChE-F2,8.0,0.609999939864761,-0.09554618075336942,574.3466796875,491.4087829589844
ChE-F2,8.0,0.6449998720852118,-0.0900727451171111,584.826171875,489.8861083984375
ChE-F2,8.0,0.6800000081539307,-0.08371645127861592,595.3057250976562,488.1178283691406
ChE-F2,8.0,0.7149999403743816,-0.07656736218321648,605.7852172851562,486.1289978027344
ChE-F2,8.0,0.7549998629120398,-0.0675414315144982,617.7617797851562,483.6180419921875
ChE-F2,8.0,0.7949999892979659,-0.05773104271901605,629.7384033203125,480.88885498046875
ChE-F2,8.0,0.8399999021528314,-0.045921278476967226,643.2120361328125,477.60345458984375
ChE-F2,8.0,0.8949999994903793,-0.030636247355337987,659.6798706054688,473.35125732421875
ChE-F2,8.0,0.9699998542484883,-0.008852094192018739,682.1359252929688,467.2910461425781
ChE-F2,8.0,1.0,1.8283180133749077e-07,691.118408203125,464.8283996582031
ChE-F4,2.0,0.0,7.313272051834296e-08,391.7037658691406,727.7213134765625
ChE-F4,2.0,0.15500000560582736,0.12292403631185839,438.113037109375,693.524658203125
ChE-F4,2.0,0.23999994292248497,0.18932203774087175,463.5632629394531,675.0531616210938
ChE-F4,2.0,0.3100000112116547,0.24303531505941672,484.5223083496094,660.1104736328125
ChE-F4,2.0,0.369999996942276,0.2881609095370187,502.4871826171875,647.5568237304688
ChE-F4,2.0,0.42499989043155595,0.32862758405326403,518.9549560546875,636.2992553710938
ChE-F4,2.0,0.4799999877691039,0.36809380295266053,535.4227905273438,625.3200073242188
ChE-F4,2.0,0.5299998909411766,0.4029853507847507,550.3934936523438,615.6134033203125
ChE-F4,2.0,0.57500000764431,0.43349156816298645,563.8671875,607.1267700195312
ChE-F4,2.0,0.6199999204991755,0.4630642463636582,577.3408203125,598.8998413085938
ChE-F4,2.0,0.6600000468851016,0.4884997334312337,589.3174438476562,591.8238525390625
ChE-F4,2.0,0.6999999694227598,0.5130712305384688,601.2940063476562,584.9882202148438
ChE-F4,2.0,0.7399998919604179,0.5367168674037956,613.2705688476562,578.41015625
ChE-F4,2.0,0.7800000183463441,0.5593727991621915,625.2471923828125,572.107421875
ChE-F4,2.0,0.814999950566795,0.5783336270830941,635.7266845703125,566.8326416015625
ChE-F4,2.0,0.8499998827872459,0.5964416543498976,646.2061767578125,561.7951049804688
ChE-F4,2.0,0.8850000188559648,0.6136508073486684,656.6857299804688,557.0076293945312
ChE-F4,2.0,0.890000009173172,0.616033032587209,658.1828002929688,556.3449096679688
ChE-F4,2.0,0.8949999994903793,-0.04002407529159843,659.6798706054688,738.8557739257812
ChE-F4,2.0,0.9800000387311709,-0.007679301319241133,685.130126953125,729.857666015625
ChE-F4,2.0,1.0,7.313272051834296e-08,691.118408203125,727.7213134765625
ChE-F4,4.0,0.0,7.313272051834296e-08,391.7037658691406,727.7213134765625
ChE-F4,4.0,0.15500000560582736,0.11976667736842145,438.113037109375,694.4030151367188
ChE-F4,4.0,0.2349999526052777,0.18062443642097242,462.0661926269531,677.4727783203125
ChE-F4,4.0,0.30500002089444744,0.23291623305057785,483.0252380371094,662.925537109375
ChE-F4,4.0,0.3650000066250687,0.27680376370232934,500.9901123046875,650.71630859375
ChE-F4,4.0,0.4199999001143487,0.316113771110674,517.4578857421875,639.780517578125
ChE-F4,4.0,0.47000000713468937,0.3509638526902236,532.4286499023438,630.08544921875
ChE-F4,4.0,0.5199999103067621,0.3848573582852424,547.3993530273438,620.656494140625
ChE-F4,4.0,0.5650000270098955,0.41445131810758856,560.873046875,612.4236450195312
ChE-F4,4.0,0.609999939864761,0.44309660027922076,574.3466796875,604.4547119140625
ChE-F4,4.0,0.6499998624024191,0.46769376697136206,586.3232421875,597.6119384765625
ChE-F4,4.0,0.6899999887883452,0.4914129022208214,598.2998657226562,591.013427734375
ChE-F4,4.0,0.7299999113260034,0.5141905999588994,610.2764282226562,584.6768188476562
ChE-F4,4.0,0.7650000473947223,0.5332990828425519,620.7559814453125,579.3609619140625
ChE-F4,4.0,0.7700000377119296,0.5359636735150584,622.2530517578125,578.6196899414062
ChE-F4,4.0,0.7750000280291368,-0.07730070053832996,623.7501220703125,749.2258911132812
ChE-F4,4.0,0.8199999408840023,-0.06281318173407918,637.2237548828125,745.195556640625
ChE-F4,4.0,0.8750000382215503,-0.04423432601250424,653.6915893554688,740.0270385742188
ChE-F4,4.0,0.944999902662452,-0.019663925896076934,674.6505737304688,733.1917114257812
ChE-F4,4.0,1.0,7.313272051834296e-08,691.118408203125,727.7213134765625
ChE-F4,8.0,0.0,7.313272051834296e-08,391.7037658691406,727.7213134765625
ChE-F4,8.0,0.1000000101924134,0.0706688791752384,421.6452331542969,708.0617065429688
ChE-F4,8.0,0.2000000203848268,0.14047676683167848,451.5867004394531,688.6416015625
ChE-F4,8.0,0.2999999286531062,0.20855404178949916,481.52813720703125,669.7029418945312
ChE-F4,8.0,0.3999999388455196,0.2740125802905855,511.4696044921875,651.4927978515625
ChE-F4,8.0,0.40999991947993414,0.2803795149399178,514.4637451171875,649.7215576171875
ChE-F4,8.0,0.4179999447571194,0.28544717367631606,516.8590698242188,648.311767578125
ChE-F4,8.0,0.4259999700343046,0.2904911374112626,519.25439453125,646.9085693359375
ChE-F4,8.0,0.43399999531148986,0.2955109673484343,521.6497192382812,645.5120849609375
ChE-F4,8.0,0.44200002058867505,0.3005057858951847,524.0450439453125,644.12255859375
ChE-F4,8.0,0.4500000458658603,0.30547581244967553,526.4403686523438,642.7399291992188
ChE-F4,8.0,0.45799986729477754,0.31042016941926037,528.8356323242188,641.3644409179688
ChE-F4,8.0,0.4659998925719628,0.31533863740577767,531.23095703125,639.9961547851562
ChE-F4,8.0,0.473999917849148,0.3202305582147425,533.6262817382812,638.63525390625
ChE-F4,8.0,0.4819999431263332,-0.10379215095763641,536.0216064453125,756.5956420898438
ChE-F4,8.0,0.48999996840351845,-0.10351285709793276,538.4169311523438,756.5179443359375
ChE-F4,8.0,0.499999949037933,-0.10307625475636932,541.4110717773438,756.396484375
ChE-F4,8.0,0.5999999592303464,-0.09376697136195798,571.3525390625,753.8067016601562
ChE-F4,8.0,0.6999999694227598,-0.07683733162105258,601.2940063476562,749.0969848632812
ChE-F4,8.0,0.7999999796151732,-0.054282981211472764,631.2354736328125,742.822509765625
ChE-F4,8.0,0.8999999898075866,-0.028048884835711024,661.1769409179688,735.5243530273438
ChE-F4,8.0,1.0,7.313272051834296e-08,691.118408203125,727.7213134765625
ChE-W2,2.0,0.0,1.8283180133749077e-07,77.31839752197266,464.8283996582031
ChE-W2,2.0,0.17499999681487075,0.1323888730028368,129.71595764160156,427.99871826171875
ChE-W2,2.0,0.2699999681487073,0.20325733137240132,158.16033935546875,408.2835693359375
ChE-W2,2.0,0.34499997770409513,0.25830575620330015,180.61643981933594,392.9694519042969
ChE-W2,2.0,0.4149999968148707,0.3087277320007577,201.57546997070312,378.9423828125
ChE-W2,2.0,0.4749999840743537,0.35104195843574965,219.54034423828125,367.17083740234375
ChE-W2,2.0,0.5299999808892244,0.3889627366849085,236.00814819335938,356.62152099609375
ChE-W2,2.0,0.5849999777040952,0.4259260613568899,252.4759521484375,346.33856201171875
ChE-W2,2.0,0.6349999840743537,0.45858490379756284,267.4466857910156,337.2530822753906
ChE-W2,2.0,0.68,0.4871144534389565,280.92034912109375,329.31634521484375
ChE-W2,2.0,0.7250000159256463,0.5147344880014801,294.3940124511719,321.63262939453125
ChE-W2,2.0,0.7649999394825439,0.5384441891299914,306.3705749511719,315.0367431640625
ChE-W2,2.0,0.8049999649635781,0.561284634742284,318.34716796875,308.68267822265625
ChE-W2,2.0,0.8449999904446122,0.5831753057130551,330.3237609863281,302.59283447265625
ChE-W2,2.0,0.8800000254810342,0.6014805719271277,340.80328369140625,297.50042724609375
ChE-W2,2.0,0.8900000063702586,0.6065554708028584,343.79742431640625,296.088623046875
ChE-W2,2.0,0.8949999968148707,-0.043395676539827704,345.29449462890625,476.9008483886719
ChE-W2,2.0,0.9649999649635781,-0.014589356117588659,366.2535095214844,468.8871154785156
ChE-W2,2.0,1.0,1.8283180133749077e-07,376.7330322265625,464.8283996582031
ChE-W2,4.0,0.0,1.8283180133749077e-07,77.31839752197266,464.8283996582031
ChE-W2,4.0,0.17000000637025853,0.12511066808934185,128.21888732910156,430.0234680175781
ChE-W2,4.0,0.2649999777040951,0.194020229973153,156.66326904296875,410.853271484375
ChE-W2,4.0,0.33999998725948294,0.2474980930643122,179.11936950683594,395.97607421875
ChE-W2,4.0,0.40499996496357804,0.2929672650629636,198.58131408691406,383.32684326171875
ChE-W2,4.0,0.4650000031851293,0.3340506678114376,216.54620361328125,371.897705078125
ChE-W2,4.0,0.52,0.3708279428423909,233.01400756835938,361.66650390625
ChE-W2,4.0,0.5749999968148707,0.40663054154048234,249.4818115234375,351.7064514160156
ChE-W2,4.0,0.6250000031851293,0.4382175142627089,264.4525451660156,342.9191589355469
ChE-W2,4.0,0.6700000191107756,0.4657681093070894,277.92620849609375,335.2547607421875
ChE-W2,4.0,0.715000035036422,0.4923954768875007,291.3998718261719,327.8471984863281
ChE-W2,4.0,0.7549999585933195,0.5152116790029377,303.3764343261719,321.4998779296875
ChE-W2,4.0,0.7700000318512927,0.5235452987727598,307.86767578125,319.1815185546875
ChE-W2,4.0,0.7750000222959049,-0.08305255244164558,309.36474609375,487.9331359863281
ChE-W2,4.0,0.8149999458528024,-0.0694005018367283,321.34130859375,484.1352233886719
ChE-W2,4.0,0.8649999522230609,-0.051427075342060036,336.3120422363281,479.1351318359375
ChE-W2,4.0,0.9249999394825439,-0.028909912920869668,354.27691650390625,472.8710021972656
ChE-W2,4.0,1.0,1.8283180133749077e-07,376.7330322265625,464.8283996582031
ChE-W2,8.0,0.0,1.8283180133749077e-07,77.31839752197266,464.8283996582031
ChE-W2,8.0,0.1649999904446122,0.11055349036878637,126.72180938720703,434.07318115234375
ChE-W2,8.0,0.25499999681487073,0.16988862617990502,153.66912841796875,417.5665283203125
ChE-W2,8.0,0.33000000637025856,0.21838955167448332,176.12522888183594,404.0738830566406
ChE-W2,8.0,0.39499998407435366,0.2594997209986712,195.58717346191406,392.6372985839844
ChE-W2,8.0,0.4549999713338366,0.2965129587524143,213.5520477294922,382.3404541015625
ChE-W2,8.0,0.4650000031851293,0.30258315738819647,216.54620361328125,380.6517639160156
ChE-W2,8.0,0.4699999936297415,-0.10697364369884825,218.04327392578125,494.58782958984375
ChE-W2,8.0,0.4999999872594829,-0.10611107982655844,227.0257110595703,494.3478698730469
ChE-W2,8.0,0.5299999808892244,-0.10434711860737748,236.00814819335938,493.8571472167969
ChE-W2,8.0,0.5599999745189659,-0.10172893064604716,244.99058532714844,493.1287841796875
ChE-W2,8.0,0.5899999681487074,-0.09830719691789463,253.9730224609375,492.1768798828125
ChE-W2,8.0,0.6200000127405171,-0.09413523117618623,262.9554748535156,491.0162658691406
ChE-W2,8.0,0.6549999458528024,-0.08839325219014216,273.4349670410156,489.41888427734375
ChE-W2,8.0,0.6899999808892244,-0.0817945233830904,283.91448974609375,487.5831604003906
ChE-W2,8.0,0.7250000159256463,-0.07442888830220196,294.3940124511719,485.5340881347656
ChE-W2,8.0,0.7649999394825439,-0.06518750863880263,306.3705749511719,482.96319580078125
ChE-W2,8.0,0.8099999554081903,-0.05390046051674116,319.84423828125,479.8232116699219
ChE-W2,8.0,0.8599999617784487,-0.040472634832968535,334.8149719238281,476.0876770019531
ChE-W2,8.0,0.9199999490379317,-0.023471580990465674,352.77984619140625,471.35809326171875
ChE-W2,8.0,1.0,1.8283180133749077e-07,376.7330322265625,464.8283996582031
ChE-W4,2.0,0.0,7.313272051834296e-08,77.31839752197266,727.7213134765625
ChE-W4,2.0,0.15499998407435367,0.12179589096496435,123.7276611328125,693.8385009765625
ChE-W4,2.0,0.23999997451896585,0.18757562837461794,149.1779022216797,675.5390014648438
ChE-W4,2.0,0.30999999362974145,0.24078034075459803,170.13693237304688,660.73779296875
ChE-W4,2.0,0.36999998088922437,0.2854708686777677,188.101806640625,648.30517578125
ChE-W4,2.0,0.42499997770409514,0.32553955492888936,204.56961059570312,637.1583251953125
ChE-W4,2.0,0.47999997451896587,0.36460844375764695,221.03741455078125,626.2896118164062
ChE-W4,2.0,0.5299999808892244,0.39914039800289164,236.00814819335938,616.6830444335938
ChE-W4,2.0,0.5749999968148707,0.42932431948175237,249.4818115234375,608.2860717773438
ChE-W4,2.0,0.6200000127405171,0.4585760181720184,262.9554748535156,600.1484375
ChE-W4,2.0,0.6599999362974146,0.48372826221298143,274.9320373535156,593.1512451171875
ChE-W4,2.0,0.6999999617784488,0.5080180520807356,286.90863037109375,586.3939819335938
ChE-W4,2.0,0.7399999872594829,0.5313843950863588,298.8852233886719,579.8936157226562
ChE-W4,2.0,0.7800000127405171,0.5537638851611517,310.86181640625,573.6677856445312
ChE-W4,2.0,0.8149999458528024,0.5724853496877598,321.34130859375,568.4595947265625
ChE-W4,2.0,0.8499999808892243,0.5903570851345314,331.8208312988281,563.48779296875
ChE-W4,2.0,0.8850000159256464,0.6073334566838553,342.30035400390625,558.7650756835938
ChE-W4,2.0,0.8900000063702586,0.6096825527999958,343.79742431640625,558.111572265625
ChE-W4,2.0,0.8949999968148707,-0.03943674641302289,345.29449462890625,738.6923828125
ChE-W4,2.0,0.9799999362974147,-0.007566530664184057,370.7447204589844,729.8262939453125
ChE-W4,2.0,1.0,7.313272051834296e-08,376.7330322265625,727.7213134765625
ChE-W4,4.0,0.0,7.313272051834296e-08,77.31839752197266,727.7213134765625
ChE-W4,4.0,0.15499998407435367,0.11870062170125723,123.7276611328125,694.6995849609375
ChE-W4,4.0,0.23499998407435366,0.17900966595167245,147.6808319091797,677.9219970703125
ChE-W4,4.0,0.30500000318512926,0.23082251639452767,168.63986206054688,663.5079956054688
ChE-W4,4.0,0.3649999904446122,0.2743008694749144,186.604736328125,651.41259765625
ChE-W4,4.0,0.4199999872594829,0.31323811940671814,203.07254028320312,640.5805053710938
ChE-W4,4.0,0.4699999936297415,0.34775054721558135,218.04327392578125,630.9793701171875
ChE-W4,4.0,0.52,0.3813088124196911,233.01400756835938,621.6436767578125
ChE-W4,4.0,0.5649999649635781,0.41060329375146726,246.48765563964844,613.494140625
ChE-W4,4.0,0.6100000318512927,0.4389517302104687,259.9613342285156,605.6077880859375
ChE-W4,4.0,0.6499999554081902,0.46328715489583344,271.9378967285156,598.8378295898438
ChE-W4,4.0,0.6899999808892244,0.48674718091645536,283.91448974609375,592.3114013671875
ChE-W4,4.0,0.7300000063702585,0.5092697185926047,295.8910827636719,586.0457763671875
ChE-W4,4.0,0.7700000318512927,0.5307909230592587,307.86767578125,580.0587158203125
ChE-W4,4.0,0.7750000222959049,0.5334072461362156,309.36474609375,579.3308715820312
ChE-W4,4.0,0.7800000127405171,-0.07476599357748451,310.86181640625,748.520751953125
ChE-W4,4.0,0.8300000191107756,-0.058739835466005336,325.8325500488281,744.0623779296875
ChE-W4,4.0,0.8850000159256464,-0.04025466275942918,342.30035400390625,738.919921875
ChE-W4,4.0,0.9599999745189659,-0.014134214631370878,364.7564392089844,731.6533813476562
ChE-W4,4.0,1.0,7.313272051834296e-08,376.7330322265625,727.7213134765625
ChE-W4,8.0,0.0,7.313272051834296e-08,77.31839752197266,727.7213134765625
ChE-W4,8.0,0.14499997770409512,0.10145131883891567,120.73351287841797,699.4982299804688
ChE-W4,8.0,0.22500000318512928,0.1564711122097271,144.6866912841797,684.1920776367188
ChE-W4,8.0,0.2899999808892244,0.20027965952330629,164.1486358642578,672.0048217773438
ChE-W4,8.0,0.3499999681487073,0.23977966573958753,182.11351013183594,661.0161743164062
ChE-W4,8.0,0.40499996496357804,0.27502576100080667,198.58131408691406,651.2109375
ChE-W4,8.0,0.4549999713338366,0.3061364203142221,213.5520477294922,642.55615234375
ChE-W4,8.0,0.48499996496357806,0.3243271606879449,222.53448486328125,637.49560546875
ChE-W4,8.0,0.49000000637025853,-0.10278182242351598,224.0315704345703,756.3145751953125
ChE-W4,8.0,0.52,-0.10118701718692066,233.01400756835938,755.8709106445312
ChE-W4,8.0,0.5499999936297415,-0.09877297921494951,241.99644470214844,755.1993408203125
ChE-W4,8.0,0.5799999872594829,-0.09559060888109133,250.9788818359375,754.3140258789062
ChE-W4,8.0,0.6100000318512927,-0.09169278114228922,259.9613342285156,753.2296752929688
ChE-W4,8.0,0.644999964963578,-0.0863126994237873,270.4408264160156,751.7329711914062
ChE-W4,8.0,0.68,-0.08011755353497976,280.92034912109375,750.009521484375
ChE-W4,8.0,0.7200000254810341,-0.0721485735097197,292.8969421386719,747.7926025390625
ChE-W4,8.0,0.7599999490379317,-0.06335290121158979,304.8735046386719,745.345703125
ChE-W4,8.0,0.8049999649635781,-0.05262345351720851,318.34716796875,742.36083984375
ChE-W4,8.0,0.8549999713338365,-0.03986830259686977,333.3179016113281,738.8124389648438
ChE-W4,8.0,0.9149999585933195,-0.023720817302031544,351.28277587890625,734.3203125
ChE-W4,8.0,1.0,7.313272051834296e-08,376.7330322265625,727.7213134765625
GAL,2.0,0.0,-1.6601127560300633e-05,77.31839752197266,201.94012451171875
GAL,2.0,0.1089999904446122,0.11357131208145232,109.95458984375,170.3406982421875
GAL,2.0,0.16699999681487074,0.1728669562234848,127.32064056396484,153.84503173828125
GAL,2.0,0.2153999726078883,0.22127145622604444,141.8123016357422,140.37921142578125
GAL,2.0,0.2586000082813361,0.2634038015850786,154.7470245361328,128.65826416015625
GAL,2.0,0.29819998152625027,0.3009647668492303,166.6038360595703,118.20904541015625
GAL,2.0,0.33519997197086243,0.3350103153702307,177.6821746826172,108.73779296875
GAL,2.0,0.3702000070072844,0.3661762630203667,188.1616973876953,100.067626953125
GAL,2.0,0.40359998598543123,0.3948869258441527,198.16213989257812,92.08050537109375
GAL,2.0,0.4355999859854312,0.4213759628836817,207.743408203125,84.71142578125
GAL,2.0,0.4663999821632761,0.4458671602637751,216.9653778076172,77.89813232421875
GAL,2.0,0.4959999745189658,0.46842151067335486,225.8280487060547,71.6236572265625
GAL,2.0,0.5247999643265522,0.48939487793051956,234.45118713378906,65.78900146484375
GAL,2.0,0.5528000025481035,0.5088258761117088,242.83480834960938,60.3834228515625
GAL,2.0,0.5799999872594829,0.5267597012382101,250.9788818359375,55.39434814453125
GAL,2.0,0.6065999445787508,0.5433683614687097,258.94329833984375,50.77392578125
GAL,2.0,0.6325999764300434,0.5586858635182543,266.72808837890625,46.5126953125
GAL,2.0,0.6581999560452161,0.5728576683679776,274.3930969238281,42.5701904296875
GAL,2.0,0.6832000101924136,0.5858034762907378,281.87847900390625,38.96875
GAL,2.0,0.7078000121034912,0.5976604111375283,289.24407958984375,35.67022705078125
GAL,2.0,0.7319999617784487,0.6084541424932555,296.4898986816406,32.66748046875
GAL,2.0,0.7557999611414229,0.6182120951281176,303.615966796875,29.952880859375
GAL,2.0,0.7793999853484054,0.6270349727982847,310.6821594238281,27.4984130859375
GAL,2.0,0.8025999573192678,0.6348685841578439,317.6285705566406,25.31915283203125
GAL,2.0,0.8255999541341386,0.6418024436567238,324.5151062011719,23.39019775390625
GAL,2.0,0.8483999757930175,0.6478494957864585,331.3417663574219,21.70794677734375
GAL,2.0,0.8710000222959049,0.6530233432330659,338.1085510253906,20.26861572265625
GAL,2.0,0.8932000165626722,0.6573044595601651,344.75555419921875,19.07763671875
GAL,2.0,0.8933999917186639,0.6416844074457886,344.8154296875,23.42303466796875
GAL,2.0,0.8937999420306473,7.313272051834296e-08,344.9351806640625,201.93548583984375
GAL,2.0,1.0,7.313272051834296e-08,376.7330322265625,201.93548583984375
GAL,4.0,0.0002000006370258537,0.00019270471859625382,77.37828063964844,201.88189697265625
GAL,4.0,0.1089999904446122,0.11357131208145232,109.95458984375,170.3406982421875
GAL,4.0,0.16699999681487074,0.1728669562234848,127.32064056396484,153.84503173828125
GAL,4.0,0.2153999726078883,0.22127145622604444,141.8123016357422,140.37921142578125
GAL,4.0,0.2586000082813361,0.2634038015850786,154.7470245361328,128.65826416015625
GAL,4.0,0.29819998152625027,0.3009647668492303,166.6038360595703,118.20904541015625
GAL,4.0,0.33519997197086243,0.3350103153702307,177.6821746826172,108.73779296875
GAL,4.0,0.3702000070072844,0.3661762630203667,188.1616973876953,100.067626953125
GAL,4.0,0.40359998598543123,0.3948869258441527,198.16213989257812,92.08050537109375
GAL,4.0,0.4355999859854312,0.4213759628836817,207.743408203125,84.71142578125
GAL,4.0,0.4663999821632761,0.4458671602637751,216.9653778076172,77.89813232421875
GAL,4.0,0.4959999745189658,0.46842151067335486,225.8280487060547,71.6236572265625
GAL,4.0,0.5247999643265522,0.48939487793051956,234.45118713378906,65.78900146484375
GAL,4.0,0.5528000025481035,0.5088258761117088,242.83480834960938,60.3834228515625
GAL,4.0,0.5799999872594829,0.5267597012382101,250.9788818359375,55.39434814453125
GAL,4.0,0.6065999445787508,0.5433683614687097,258.94329833984375,50.77392578125
GAL,4.0,0.6325999764300434,0.5586858635182543,266.72808837890625,46.5126953125
GAL,4.0,0.6581999560452161,0.5728576683679776,274.3930969238281,42.5701904296875
GAL,4.0,0.6832000101924136,0.5858034762907378,281.87847900390625,38.96875
GAL,4.0,0.7078000121034912,0.5976604111375283,289.24407958984375,35.67022705078125
GAL,4.0,0.7319999617784487,0.6084541424932555,296.4898986816406,32.66748046875
GAL,4.0,0.7557999611414229,0.6182120951281176,303.615966796875,29.952880859375
GAL,4.0,0.7793999853484054,0.6270349727982847,310.6821594238281,27.4984130859375
GAL,4.0,0.7835999732449141,0.6285152521945301,311.939697265625,27.08660888671875
GAL,4.0,0.7840000254810342,7.313272051834296e-08,312.0594787597656,201.93548583984375
GAL,4.0,1.0,7.313272051834296e-08,376.7330322265625,201.93548583984375
GAL,8.0,0.0002000006370258537,0.00019270471859625382,77.37828063964844,201.88189697265625
GAL,8.0,0.1089999904446122,0.11357131208145232,109.95458984375,170.3406982421875
GAL,8.0,0.16699999681487074,0.1728669562234848,127.32064056396484,153.84503173828125
GAL,8.0,0.2153999726078883,0.22127145622604444,141.8123016357422,140.37921142578125
GAL,8.0,0.2586000082813361,0.2634038015850786,154.7470245361328,128.65826416015625
GAL,8.0,0.29819998152625027,0.3009647668492303,166.6038360595703,118.20904541015625
GAL,8.0,0.33519997197086243,0.3350103153702307,177.6821746826172,108.73779296875
GAL,8.0,0.3702000070072844,0.3661762630203667,188.1616973876953,100.067626953125
GAL,8.0,0.40359998598543123,0.3948869258441527,198.16213989257812,92.08050537109375
GAL,8.0,0.4355999859854312,0.4213759628836817,207.743408203125,84.71142578125
GAL,8.0,0.4663999821632761,0.4458671602637751,216.9653778076172,77.89813232421875
GAL,8.0,0.4959999745189658,0.46842151067335486,225.8280487060547,71.6236572265625
GAL,8.0,0.5247999643265522,0.48939487793051956,234.45118713378906,65.78900146484375
GAL,8.0,0.5353999726078883,0.4968642883418399,237.62498474121094,63.7110595703125
GAL,8.0,0.53579997388194,7.313272051834296e-08,237.7447509765625,201.93548583984375
GAL,8.0,1.0,7.313272051834296e-08,376.7330322265625,201.93548583984375
NRG,2.0,0.0,7.313272051834296e-08,77.31839752197266,201.93548583984375
NRG,2.0,0.05,0.03966775439399667,92.28913116455078,190.9001922607422
NRG,2.0,0.1,0.07923072788265417,107.2598648071289,179.89402770996094
NRG,2.0,0.15,0.11858401157837234,122.23059844970703,168.94619750976562
NRG,2.0,0.2,0.15766600944728482,137.20132446289062,158.07383728027344
NRG,2.0,0.25,0.19632999896882863,152.17205810546875,147.31776428222656
NRG,2.0,0.3,0.23444302485708035,167.14279174804688,136.7149658203125
NRG,2.0,0.35,0.2719270362160546,182.113525390625,126.28715515136719
NRG,2.0,0.4,0.3086780383171576,197.08425903320312,116.06326293945312
NRG,2.0,0.45,0.3445940384400205,212.05499267578125,106.07166290283203
NRG,2.0,0.5,0.37956103181492734,227.02572631835938,96.34407043457031
NRG,2.0,0.55,0.41347804043800646,241.9964599609375,86.90857696533203
NRG,2.0,0.6,0.44623805285594237,256.9671936035156,77.79495239257812
NRG,2.0,0.65,0.47773605962364446,271.93792724609375,69.03240966796875
NRG,2.0,0.7,0.5078570618234766,286.9086608886719,60.65294075012207
NRG,2.0,0.75,0.5365020491788293,301.87939453125,52.68408966064453
NRG,2.0,0.8,0.5635540481886123,316.8501281738281,45.15839767456055
NRG,2.0,0.85,0.5889010492351414,331.82086181640625,38.107025146484375
NRG,2.0,0.889,0.6074120423628597,343.498046875,32.9573860168457
NRG,2.0,0.891,0.6083290444039939,344.09686279296875,32.7022819519043
NRG,2.0,0.893,-0.039272855986315414,344.6956787109375,212.8609619140625
NRG,2.0,0.9,-0.03673814902546996,346.7915954589844,212.15582275390625
NRG,2.0,0.95,-0.01845613901652579,361.7623291015625,207.06988525390625
NRG,2.0,1.0,7.313272051834296e-08,376.7330627441406,201.93548583984375
NRG,4.0,0.0,7.313272051834296e-08,77.31839752197266,201.93548583984375
NRG,4.0,0.05,0.03857356091260858,92.28913116455078,191.20458984375
NRG,4.0,0.1,0.07704003723918129,107.2598648071289,180.5034637451172
NRG,4.0,0.15,0.11529303915452727,122.23059844970703,169.86172485351562
NRG,4.0,0.2,0.1532240194181999,137.20132446289062,159.3095703125
NRG,4.0,0.25,0.19072799600987878,152.17205810546875,148.87620544433594
NRG,4.0,0.3,0.22769598289279397,167.14279174804688,138.59194946289062
NRG,4.0,0.35,0.26402299804662505,182.113525390625,128.4860076904297
NRG,4.0,0.4,0.2996060066097353,197.08425903320312,118.58704376220703
NRG,4.0,0.45,0.33432801451245714,212.05499267578125,108.92760467529297
NRG,4.0,0.5,0.3680870016096512,227.02572631835938,99.53607177734375
NRG,4.0,0.55,0.4007749965810454,241.9964599609375,90.4424819946289
NRG,4.0,0.6,0.4322819986733724,256.96720123291016,81.67743682861328
NRG,4.0,0.65,0.4625000091415901,271.93792724609375,73.27098083496094
NRG,4.0,0.7,0.4913230038241099,286.9086608886719,65.25260925292969
NRG,4.0,0.75,0.5186380063800986,301.87939453125,57.653751373291016
NRG,4.0,0.774,0.5311820002822922,309.0653381347656,54.164093017578125
NRG,4.0,0.776,0.5322100040808058,309.6641540527344,53.878108978271484
NRG,4.0,0.778,-0.07377107776421574,310.2629699707031,222.45814514160156
NRG,4.0,0.8,-0.06697055749804187,316.85009765625,220.5662841796875
NRG,4.0,0.85,-0.050942369953568045,331.8208312988281,216.1073455810547
NRG,4.0,0.9,-0.03429898996399677,346.79156494140625,211.47726440429688
NRG,4.0,0.95,-0.01724577420857598,361.7622985839844,206.73316955566406
NRG,4.0,1.0,1.8283180136524635e-08,376.7330322265625,201.9355010986328
NRG,8.0,0.0,7.313272051834296e-08,77.31839752197266,201.93548583984375
NRG,8.0,0.05,0.0351512786890521,92.28913116455078,192.15664672851562
NRG,8.0,0.1,0.07018960389124584,107.2598648071289,182.40921020507812
NRG,8.0,0.15,0.10500211353562328,122.23059844970703,172.72459411621094
NRG,8.0,0.2,0.1395450925384879,137.20132446289062,163.11495971679688
NRG,8.0,0.25,0.17358411396418105,152.17205810546875,153.64552307128906
NRG,8.0,0.3,0.20705813027424042,167.14279174804688,144.33326721191406
NRG,8.0,0.35,0.23985612599890155,182.113525390625,135.20907592773438
NRG,8.0,0.4,0.2718681278096677,197.08425903320312,126.30354309082031
NRG,8.0,0.45,0.30297612692037384,212.05499267578125,117.64949798583984
NRG,8.0,0.485,0.3241541378127612,222.5345001220703,111.7579116821289
NRG,8.0,0.49,0.3271371300672748,224.0315704345703,110.92806243896484
NRG,8.0,0.495,-0.10167084498276628,225.5286407470703,230.2196807861328
NRG,8.0,0.5,-0.10142983610226003,227.0257110595703,230.1526336669922
NRG,8.0,0.55,-0.09777142660729266,241.99644470214844,229.1348876953125
NRG,8.0,0.6,-0.09201875196087107,256.96715545654297,227.53453063964844
NRG,8.0,0.65,-0.08442307790755586,271.9378967285156,225.4214630126953
NRG,8.0,0.7,-0.07523215982132214,286.90863037109375,222.86460876464844
NRG,8.0,0.75,-0.06470263870168946,301.8793640136719,219.93536376953125
NRG,8.0,0.8,-0.05305901371750438,316.85009765625,216.69618225097656
NRG,8.0,0.85,-0.040546407464803064,331.8208312988281,213.2152557373047
NRG,8.0,0.9,-0.02738723482989694,346.79156494140625,209.55445861816406
NRG,8.0,0.95,-0.013800729425754554,361.7622985839844,205.7747802734375
NRG,8.0,1.0,1.8283180133749077e-07,376.7330322265625,201.93545532226562
