gamma,branch,excitation,nrg_excitation,difference
0.4019986971288645,S,0.9852436583919838,0.9463137434996529,0.038929914892330886
0.42694915471590617,S,0.9761305972182148,0.939559928555751,0.036570668662463834
0.4557139517815669,S,0.9654731530710455,0.9320504353677597,0.033422717703285865
0.48641671626346294,S,0.953923233558728,0.9231659848823938,0.030757248676334226
0.5191880146209306,S,0.9414020433423584,0.9134270297076427,0.027975013634715773
0.5541672099525896,S,0.9278245483367535,0.9027847452237072,0.02503980311304632
0.5915030546513256,S,0.9130993717604436,0.8905522462186033,0.02254712554184035
0.6313543229881496,S,0.8971288252088442,0.8769672858607511,0.02016153934809306
0.6738904863150592,S,0.8798091158133741,0.8620022362529223,0.017806879560451794
0.7192924337582636,S,0.8610307750006083,0.8454711687930258,0.015559606207582566
0.7677532414665937,S,0.840679356997621,0.827143416765047,0.013535940232573984
0.8020190695978676,S,0.8261119552279663,0.8139998068172976,0.012112148410668766
0.819478993686398,S,0.8186364550413276,0.8069077440820961,0.011728710959231559
0.8746896591546225,S,0.7947810792111104,0.7847170703609883,0.010064008850122153
0.9336200265370252,S,0.7689914310393494,0.760438816997412,0.008552614041937412
0.996520702889562,S,0.7411470960935416,0.7339596181997451,0.007187477893796479
1.0636591793889978,S,0.7111316567633339,0.7049521388094981,0.006179517953835756
1.1353209688648673,S,0.6788357046148151,0.6735646361652142,0.005271068449600902
1.201997975215189,S,0.6486172407180432,0.6440598138142809,0.004557426903762263
1.2118108199702469,S,0.644160206928949,0.6396067794711969,0.004553427457752113
1.293454013154715,S,0.6070201582481323,0.603082780488743,0.003937377759389293
1.3805977439507549,S,0.5673484280519299,0.5638132730812305,0.003535154970699339
1.4736125994561546,S,0.5250997028538265,0.5218487535735603,0.0032509492802661466
1.5728941342912859,S,0.48025441667606455,0.4772409187892774,0.0030134978867871753
1.6019896562414089,S,0.46718056121215423,0.4642561783411489,0.0029243828710053266
1.6788645527331787,S,0.43282256787300977,0.4299237520408116,0.0028988158321981428
1.7919745041798212,S,0.38284733043506247,0.3800265717576135,0.0028207586774489646
1.9127049995800742,S,0.33040838020716856,0.32755757783569006,0.0028508023714785002
2.002011587336446,S,0.2923026581914655,0.2894718637981392,0.002830794393326286
2.0415694569790004,S,0.2756248657819037,0.2727167487074974,0.0029081170744063023
2.1791158848774894,S,0.21865795494219942,0.21565277408013428,0.0030051808620651377
2.3259292126911197,S,0.15971287614968754,0.15664216749424156,0.0030707086554459806
2.402073513997814,S,0.12993569244985825,0.12684696404681448,0.003088728403043778
2.4826337782187666,S,0.09904034826209118,0.09587257811232357,0.0031677701497676153
2.649895982699147,S,0.03693725053559049,0.03367108085907183,0.003266169676518667
2.7121254716791605,S,0.014545965979738451,0.01124509804592137,0.0033008679338170817
2.743604350801535,S,0.0033679533958677066,7.779175603848925e-05,0.003290161639829217
2.82842712474619,Dg,0.026253667829820637,0.02952715925034151,-0.0032734914205208715
2.85214005801166,Dg,0.03440440842650405,0.03770384807669989,-0.003299439650195836
3.0189864252148166,Dg,0.09014529727854592,0.09350742598348524,-0.003362128704939321
3.222384255860653,Dg,0.1543092083283133,0.15768562170656028,-0.003376413378246984
3.252074012490817,Dg,0.16333045851368455,0.16672990393568352,-0.0033994454219989645
3.439485585523875,Dg,0.2182805694454868,0.22171033048545996,-0.003429761039973167
3.6521375457392815,Dg,0.2765459210748049,0.27997781291532015,-0.003431891840515233
3.671213658492405,Dg,0.2815652905388606,0.28498193454398696,-0.003416644005126368
3.918553920687053,Dg,0.3436496936446307,0.3470709076697875,-0.0034212140251567713
4.052060600632312,Dg,0.3749146899481475,0.37838149881772504,-0.0034668088695775645
4.182558210365094,Dg,0.4040129061198554,0.4074848668940953,-0.0034719607742398906
4.452147005790962,Dg,0.4597532838807319,0.4632833657856716,-0.003530081904939697
4.464349231163624,Dg,0.46214199920283194,0.4656892423081901,-0.0035472431053581444
4.765125326504785,Dg,0.5175496514600972,0.5212374905675615,-0.0036878391074642858
4.851984026003564,Dg,0.532358202478878,0.5361620770290568,-0.003803874550178832
5.0861655756664375,Dg,0.569793790149284,0.5737537841630704,-0.003959994013786439
5.252099906488253,Dg,0.5942378127484229,0.59839877701366,-0.004160964265237044
5.428835233189813,Dg,0.6184982248120288,0.6228757171913809,-0.004377492379352144
5.652200739263097,Dg,0.6467151571861529,0.6514333886263723,-0.004718231440219434
5.794591534755801,Dg,0.6633727039926232,0.6683997672979638,-0.00502706330534064
6.052283779039906,Dg,0.691091206571405,0.6966663522792976,-0.005575145707892637
6.184989894219835,Dg,0.7042301282649257,0.7100902734909316,-0.005860145226005864
6.552192048923352,Dg,0.736962285664811,0.7437670151060971,-0.006804729441286073
6.601690518158949,Dg,0.7409980487421794,0.7479034815348559,-0.006905432792676414
6.952192583587032,Dg,0.7672868931584729,0.7752453829277106,-0.007958489769237742
7.04646546605994,Dg,0.7737215152257875,0.7818979160227368,-0.008176400796949368
7.452333977225559,Dg,0.7987143674474915,0.8081439323988217,-0.009429564951330183
7.521206186172787,Dg,0.8025553167409223,0.8122200040587794,-0.009664687317857079
7.852339075847178,Dg,0.8195913790699008,0.8302643599743833,-0.010672980904482543
8.02793155907629,Dg,0.8277457870944582,0.8389195243104396,-0.01117373721598136
8.302270783258267,Dg,0.8394058308884711,0.8513925306177865,-0.011986699729315431
8.56879648316192,Dg,0.8496049608486711,0.862356168955681,-0.012751208107009915
8.802409022395919,Dg,0.8577333784846921,0.8710616308583301,-0.013328252373637994
9.14610103854653,Dg,0.8684817484404617,0.882727945619003,-0.014246197178541364
9.302333542639238,Dg,0.8729418636993787,0.8875595165355883,-0.014617652836209638
9.762300268384278,Dg,0.8847350351985535,0.900287560322435,-0.0155525251238815
9.852424453463835,Dg,0.886835081027737,0.9026176277563115,-0.015782546728574487
10.302360536751287,Dg,0.8964271646282951,0.9129483805578407,-0.016521215929545585
10.420014619173829,Dg,0.8987122508829284,0.9154163708023407,-0.01670411991941234
10.902709402213368,Dg,0.9072515947077742,0.9246408334484679,-0.017389238740693758
11.122041084459124,Dg,0.9107348814387093,0.9283888207888357,-0.01765393935012638
11.352684544172638,Dg,0.9141620881756021,0.932014259830203,-0.017852171654600957
11.871365099313504,Dg,0.9210905792051305,0.939426316728613,-0.018335737523482498
12.002336725194269,Dg,0.9226877926116197,0.941138719125726,-0.01845092651410629
12.671173236189535,Dg,0.9300304815600047,0.9487845260780677,-0.018754044518063062
12.752653842473693,Dg,0.9308413494538783,0.9496599574530679,-0.01881860799918955
13.302034253929175,Dg,0.9359013553347655,0.9548934633873942,-0.018992108052628742
13.524866756124833,Dg,0.937770058875877,0.956741011142196,-0.018970952266318952
13.852017862087372,Dg,0.9403435991723814,0.9593874892864157,-0.01904389011403429
14.302712765199512,Dg,0.9435911698020742,0.9625781482263822,-0.018986978424307965
14.43607607293189,Dg,0.944492003973405,0.963454263846682,-0.018962259873276932
14.902242114215563,Dg,0.9474468598247707,0.9663718797041737,-0.018925019879402982
15.402911151073127,Dg,0.9503186457891672,0.9691150211197637,-0.018796375330596415
15.408676191881966,Dg,0.9503500578466149,0.9691493162257253,-0.01879925837911045
15.902936944787808,Dg,0.9529155328829191,0.9716053856385001,-0.018689852755580993
16.44680318853778,Dg,0.9554730524517616,0.9739624177327321,-0.01848936528097045
16.652163791186364,Dg,0.9563740343530256,0.9747958961481102,-0.01842186179508465
17.053032524395185,Dg,0.9580402236540841,0.9763328924880504,-0.018292668833966297
17.554871797812698,Dg,0.959968757975199,0.9780112892422691,-0.018042531267070117
17.702873780591467,Dg,0.9605068827879091,0.9784535169891344,-0.01794663420122533
18.252346745595048,Dg,0.9623937568747536,0.9801266239658418,-0.017732867091088234
18.737594188055574,Dg,0.9639273335532099,0.981442860918519,-0.017515527365309036
18.752381905768242,Dg,0.9639722647477225,0.9814884724852964,-0.017516207737573897
19.252821005778276,Dg,0.9654343881197729,0.9827142103679836,-0.017279822248210674
19.702690038335355,Dg,0.9666583777756017,0.9837063188697855,-0.01704794109418384
20.0,Dg,0.9674243116955452,0.9843063357479966,-0.016882024052451428
