bath_key,family,levels,bandwidth,in_max_abs,in_max_rel,in_rms_abs,minimum_qp_energy,moment_0_error,moment_2_error,moment_4_error,out_max_abs,out_max_rel,out_rms_abs,weak_spin_slope,weak_spin_slope_continuum,weak_spin_slope_error,construction_seconds,construction_q25,construction_q75,frequency_cutoff,frequency_min,relative_weight,starts,seed,frequency_points
ef1a2cec9b8f0a611f0f,cosh-grid,2,10.0,0.12450313814175351,0.2932392230451219,0.09107728604244751,2.350518625869713,-0.2952621110814577,-0.3014443821323127,-0.19855704478971387,0.12450349095350721,0.2952619080578532,0.07242857699862364,0.08303702465073706,0.07785935589746482,0.0051776687532722465,5.191611126065254e-05,5.145883187651634e-05,5.916738882660866e-05,,,,,,
1b20c1359794dd974817,cosh-grid,4,10.0,0.031615719298701994,0.04588316799483946,0.02318927637774897,1.2075294029551078,-0.014403188419292556,-0.108793629216176,-0.13779397122526624,0.03161576770866725,0.03375773065317364,0.018392135079358832,0.07756548840451265,0.07785935589746482,0.0002938674929521684,6.720796227455139e-05,6.658397614955902e-05,7.716706022620201e-05,,,,,,
e386939b991078e0f8ba,cosh-grid,6,10.0,0.002810275656387917,0.007460210816505171,0.0010840976447271235,1.0576350789913183,-0.0002719120746197401,-0.016073966983354893,-0.04595959321491308,0.0005416482379908549,0.0005783451175021962,0.0003150901177554791,0.07784445414473282,0.07785935589746482,1.4901752731999451e-05,7.133278995752335e-05,6.983382627367973e-05,7.837498560547829e-05,,,,,,
7197041c673afd2ce476,cosh-grid,8,10.0,0.0005357975752120492,0.0011907243944057917,0.00029876802635179464,1.02174618396525,-2.735284645449809e-06,-0.0013212318055716432,-0.008955131877830064,0.00038720943859316126,0.0004134428129294201,0.00022525485090310856,0.07786266016804737,0.07785935589746482,3.3042705825520047e-06,8.27917829155922e-05,8.116662502288818e-05,9.2250294983387e-05,,,,,,
0cac2ffaa5efee12d0b7,cosh-grid,10,10.0,8.532827512020003e-05,0.00019379807150945354,3.1888206578134803e-05,1.0099070862707442,-1.70936108601083e-08,-6.942504703544294e-05,-0.0011609366147386224,3.1193324395273336e-05,3.330668429677985e-05,1.81462764097968e-05,0.07785907426757513,0.07785935589746482,2.8162988968682967e-07,8.954200893640518e-05,8.866610005497932e-05,9.854184463620186e-05,,,,,,
81a4955732b57cc62f3a,cosh-grid,12,10.0,1.3279982671310364e-05,3.123407238121533e-05,4.018056484811292e-06,1.0051287140931393,-7.278944114119668e-11,-2.5309687909369494e-06,-0.00010741002944009148,3.1385269546602146e-06,3.3511616279416178e-06,1.8258007284354955e-06,0.07785937379723269,0.07785935589746482,1.7899767876250472e-08,9.170779958367348e-05,9.104190394282341e-05,0.00010024989023804665,,,,,,
0ccd6a7ebad9f4a5dc65,cosh-grid,16,10.0,3.3569930124599523e-07,8.093080928640773e-07,8.200671713474872e-08,1.0017724297275086,-2.220446049250313e-16,-1.384284853411799e-09,-3.9923019437559937e-07,4.096532890685012e-09,4.374072305063763e-09,2.383036220945715e-09,0.07785935593284005,0.07785935589746482,3.537523052266067e-11,0.00010629091411828995,0.00010475004091858864,0.0001139170490205288,,,,,,
2479680ede57077b0426,cosh-grid,24,10.0,2.1574603215057664e-10,5.402762033718648e-10,4.726737043779208e-11,1.0003820827872207,0.0,-2.220446049250313e-16,-4.213018822696313e-13,1.0316747456329267e-11,1.1015711122782188e-11,6.001512228729152e-12,0.0778593558974644,0.07785935589746482,4.163336342344337e-16,0.00014020781964063644,0.00013862503692507744,0.00014754198491573334,,,,,,
6580a1782ef52e07f9c4,cosh-grid,32,10.0,1.4066525722000733e-13,3.5931158018966963e-13,2.809945468870904e-14,1.0001262356760345,0.0,-1.1102230246251565e-16,-1.6653345369377348e-16,1.9984014443252818e-15,2.133793590127558e-15,9.917773905081345e-16,0.07785935589746482,0.07785935589746482,0.0,0.00015733297914266586,0.0001571252942085266,0.00017312495037913322,,,,,,
288c70ddb47e6160e7b0,cosh-grid,48,10.0,4.440892098500626e-16,1.0558019298331285e-15,1.6748531176284083e-16,1.0000260274586703,-7.771561172376096e-16,-9.992007221626409e-16,-1.0824674490095276e-15,4.440892098500626e-16,1.1611410383513184e-15,1.4926473738705136e-16,0.07785935589746482,0.07785935589746482,0.0,0.00022120820358395576,0.00021966686472296715,0.0002339594066143036,,,,,,
bb9ac5099df6bc4513d7,cosh-grid,64,10.0,6.661338147750939e-16,1.9015721998751042e-15,2.315776790844039e-16,1.0000084122953778,1.3322676295501878e-15,2.3869795029440866e-15,2.4424906541753444e-15,5.551115123125783e-16,1.9131929793814132e-15,1.6406569501641522e-16,0.07785935589746482,0.07785935589746482,0.0,0.0002776249311864376,0.0002760831266641617,0.0002870834432542324,,,,,,
cbe4835b727b2600a6e7,surrogate,1,10.0,0.19703616170711014,0.8484178539333949,0.07395157975291129,1.0,-0.8489200676757092,-0.3333333333333333,-0.2,0.02525575611710318,0.8489200173157457,0.014692593371530796,0.026716797812666556,0.07785935589746482,0.051142558084798256,0.002933249808847904,0.0029206248000264168,0.0029701660387218,100.0,0.001,0.0,4,1729,1000
7f84769c6d5e38135811,surrogate,2,10.0,0.04704245191155629,0.6004787410096863,0.01823317908790908,1.650334581215303,-0.6017337865272563,-0.32646880003143514,-0.1998816826136418,0.005634908778738623,0.601733660636424,0.0032788165995064032,0.057327974441221785,0.07785935589746482,0.02053138145624303,0.0052537089213728905,0.005223333369940519,0.005439375061541796,100.0,0.001,0.0,4,1729,1000
34663020eef42b5037a5,surrogate,3,10.0,0.011116346796466725,0.3282615736092841,0.004722493296768801,1.0,-0.33002651129210814,-0.2872297382152671,-0.19639420565102428,0.0013217279549474492,0.3300263340712801,0.0007698875929342958,0.07331291738426032,0.07785935589746482,0.004546438513204493,0.012321833055466413,0.012308208737522364,0.01246691681444645,100.0,0.001,0.0,4,1729,1000
0e89b46d223723f271af,surrogate,4,10.0,0.002948766723231494,0.1462627896661924,0.0012376092469686157,1.233709168511554,-0.14784166660232545,-0.20812683869502993,-0.1773454664011963,0.00032568445634539867,0.1478415077561387,0.0001902611534147632,0.07714852202894754,0.07785935589746482,0.0007108338685172799,0.012852916028350592,0.012696875259280205,0.01290749991312623,100.0,0.001,0.0,4,1729,1000
a2941b38c018b093cc8c,surrogate,5,10.0,0.0007717301319485337,0.05685349121391532,0.00032472986048526177,1.0,-0.05789433130321364,-0.12429777073253892,-0.13775081595285696,8.107357709674634e-05,0.057894226303645664,4.7649111931460375e-05,0.07775522492024847,0.07785935589746482,0.00010413097721634346,0.02032366581261158,0.02028520777821541,0.020669416058808565,100.0,0.001,0.0,4,1729,1000
97655a34bdb6f4801fe0,surrogate,6,10.0,0.00020317860252400122,0.020261591423791882,8.524772443062166e-05,1.1227832581299397,-0.020825169176289737,-0.0639838350212264,-0.09165543317293595,2.037350582251296e-05,0.02082511213424684,1.20977746733289e-05,0.0778414552973434,0.07785935589746482,1.7900600121412147e-05,0.02299270872026682,0.022689833771437407,0.02323962515220046,100.0,0.001,0.0,4,1729,1000
584ab3176ecc911c66f5,surrogate,7,10.0,5.3209641611207115e-05,0.00681597500673207,2.2381550608713322e-05,1.0,-0.007083947616172592,-0.0295887071982901,-0.05370786988331239,5.15049719929106e-06,0.007083920388824577,3.106233350469905e-06,0.07785577888629996,0.07785935589746482,3.577011164851429e-06,0.058984624687582254,0.05884391721338034,0.05940666561946273,100.0,0.001,0.0,4,1729,1000
5cdd8fd87638223a88af,surrogate,8,10.0,1.3994276378215265e-05,0.0022018485783406472,5.876381160719944e-06,1.0758837430766102,-0.002318270766120123,-0.012653941899544274,-0.028521040742930798,1.3709212641502483e-06,0.0023182588849594617,8.061668213690261e-07,0.0778585956616994,0.07785935589746482,7.602357654096226e-07,0.11054395791143179,0.11002849973738194,0.11055312491953373,100.0,0.001,0.0,4,1729,1000
f6f15d8de6fc70cafa84,surrogate,9,10.0,3.6697376965544315e-06,0.0006902603850157341,1.5428464863944988e-06,1.0,-0.0007376079879318764,-0.0051017811223676435,-0.014025869053562234,4.2989942628109904e-07,0.0007376031320323608,2.1134643784108438e-07,0.07785919065168889,0.07785935589746482,1.6524577592380574e-07,0.23625225014984608,0.23533962480723858,0.23869470926001668,100.0,0.001,0.0,4,1729,1000
ec7f6b150f649684fe3d,surrogate,10,10.0,9.644171694023207e-07,0.0002114275380910559,4.050614152846182e-07,1.0515807309244871,-0.00022973510142088038,-0.001964561385024266,-0.0064866341154507234,1.3172295241332347e-07,0.00022973321344393224,5.59297946297324e-08,0.077859319134123,0.07785935589746482,3.676334181523799e-08,0.6220549582503736,0.6151952501386404,0.6318650422617793,100.0,0.001,0.0,4,1729,1000
f8a963cb1bf36ba2aa49,surrogate,11,10.0,2.5300177236564636e-07,6.357067261977981e-05,1.0634080927329001e-07,1.0,-7.03723759605257e-05,-0.0007291723474639467,-0.002852757394481792,3.962053278635993e-08,7.03716702480497e-05,1.492719413925237e-08,0.07785934754987123,0.07785935589746482,8.347593588586832e-09,1.2426631669513881,1.2326144999824464,1.260644749738276,100.0,0.001,0.0,4,1729,1000
0370c8627e9055ac9fcc,surrogate,12,10.0,6.645751612910367e-08,1.8825971618685878e-05,2.7916264588025454e-08,1.0373489882705516,-2.1272386846460378e-05,-0.0002626175693739019,-0.001203025690190207,1.1738229678949323e-08,2.127213132099621e-05,4.013524209766778e-09,0.07785935396397384,0.07785935589746482,1.9334909784340937e-09,2.638988417107612,2.6186599577777088,2.6791973328217864,100.0,0.001,0.0,4,1729,1000
fc8972b596bf21fc94d8,linear-gl,2,10.0,0.7511252360794622,0.802014272480384,0.5702735651018919,5.859465277082316,0.0,1.1102230246251565e-16,-0.08888888888888884,0.7511257304687236,0.8020143723690192,0.4369593942689502,0.05398377377574355,0.07785935589746482,0.023875582121721264,4.045804962515831e-05,4.0416140109300613e-05,4.77498397231102e-05,,,,,,
1d16033e80a0755671d1,linear-gl,4,10.0,0.5765006817496048,0.6155588344643782,0.43237868820792125,3.5438271684303104,0.0,-1.6653345369377348e-16,-1.6653345369377348e-16,0.5765011548245499,0.6155590110967163,0.33537340321941633,0.06872670277068745,0.07785935589746482,0.00913265312677737,4.141731187701225e-05,4.083290696144104e-05,5.1999930292367935e-05,,,,,,
982ca6fc1f2583884c24,linear-gl,6,10.0,0.42778393207955256,0.45676646527861386,0.3175499748230953,2.5872594761060856,2.220446049250313e-16,-4.996003610813204e-16,-5.828670879282072e-16,0.42778436410081977,0.45676668281554095,0.24885899166673062,0.0738358675020093,0.07785935589746482,0.004023488395455521,4.570884630084038e-05,4.412466660141945e-05,5.395803600549698e-05,,,,,,
905b040555a9771e8b88,linear-gl,8,10.0,0.30890822263173545,0.32983687877448736,0.22731436251406495,2.089216792664343,-1.1102230246251565e-16,8.326672684688674e-16,8.326672684688674e-16,0.3089085983763795,0.32983710395811233,0.17970428005762168,0.0759271445653612,0.07785935589746482,0.0019322113321036116,4.329206421971321e-05,4.2750034481287e-05,5.10411337018013e-05,,,,,,
dea852bf7a83d83d7f41,linear-gl,10,10.0,0.2184124961540419,0.2332100304842869,0.15953147074300839,1.7934204417039978,0.0,-5.551115123125783e-17,-1.3877787807814457e-16,0.21841280886212622,0.2332102399256135,0.12705931842580165,0.07687711508559428,0.07785935589746482,0.0009822408118705384,4.574982449412346e-05,4.5250169932842255e-05,5.499972030520439e-05,,,,,,
28035b60748045bfe161,linear-gl,12,10.0,0.1520199314071342,0.16231934281211177,0.11033003816142051,1.6026043369278786,-1.1102230246251565e-16,0.0,-2.7755575615628914e-17,0.15202018226486613,0.16231952404359457,0.08843611573663286,0.07733955025645833,0.07785935589746482,0.0005198056410064822,4.616612568497658e-05,4.595797508955002e-05,5.449960008263588e-05,,,,,,
a5f77eedad5b8611e5ad,linear-gl,16,10.0,0.07141517816953413,0.0762535851712971,0.05129120966031882,1.3793975868344541,-1.1102230246251565e-16,-4.440892098500626e-16,-5.551115123125783e-16,0.07141532699204889,0.07625370338373903,0.04154510166113167,0.07770114086986507,0.07785935589746482,0.00015821502759974515,4.937499761581421e-05,4.933308809995651e-05,5.849963054060936e-05,,,,,,
491879ddbf5d9fdecff5,linear-gl,24,10.0,0.014887820940707508,0.015896476788481367,0.010531066179882247,1.187572546129765,-1.1102230246251565e-16,3.3306690738754696e-16,4.440892098500626e-16,0.014887864416060714,0.01589651472611771,0.008660855164149151,0.0778413814285458,0.07785935589746482,1.797446891901866e-05,5.629099905490875e-05,5.570799112319946e-05,6.458302959799767e-05,,,,,,
479fc2757a17499833b1,linear-gl,32,10.0,0.0030325418563019735,0.0032379977849539884,0.0021212219105048464,1.110568798598191,0.0,-1.4988010832439613e-15,-1.6653345369377348e-15,0.0030325531657166005,0.003238008132620022,0.0017641551190563545,0.07785696907247247,0.07785935589746482,2.3868249923453266e-06,6.412528455257416e-05,6.39590434730053e-05,7.237493991851807e-05,,,,,,
b48e44199e0a23546558,linear-gl,64,10.0,5.10217270055513e-06,5.447846950081838e-06,3.4668156418015514e-06,1.029219935329394,0.0,-3.4416913763379853e-15,-4.3298697960381105e-15,5.102207998652908e-06,5.447881732380615e-06,2.9681538322095026e-06,0.07785935446811729,0.07785935589746482,1.4293475292248559e-09,0.00014062458649277687,0.00013708416372537613,0.00014695804566144943,,,,,,
29378947fe287ea81036,linear-gl,128,10.0,1.4395928893407017e-11,1.5371263208532116e-11,9.472549721042264e-12,1.0074432399038546,0.0,3.0531133177191805e-15,3.3306690738754696e-15,1.4396261960314405e-11,1.5371606571524338e-11,8.374692011029515e-12,0.07785935589746314,0.07785935589746482,1.6792123247455493e-15,0.00041233375668525696,0.0004075001925230026,0.00041241664439439774,,,,,,
4dcd074dc8dfd7ee8e5d,linear-gl,256,10.0,2.864375403532904e-14,3.0589925057500336e-14,2.1677459515122068e-14,1.001873360399357,-2.220446049250313e-16,-2.0650148258027912e-14,-2.4480417692984702e-14,2.853273173286652e-14,3.046582928210713e-14,1.644917245752631e-14,0.0778593558974664,0.07785935589746482,1.582067810090848e-15,0.0015219170600175858,0.0015172087587416172,0.0015390003100037575,,,,,,
7d988e925217a05202c2,linear-gl,512,10.0,1.7985612998927536e-14,1.920499371656726e-14,1.3492266265195459e-14,1.0004695894027194,0.0,-1.2378986724570495e-14,-1.459943277382081e-14,1.787459069646502e-14,1.9085592100046397e-14,1.0232281560425962e-14,0.07785935589746579,0.07785935589746482,9.71445146547012e-16,0.00580187514424324,0.005800832994282246,0.0058100419119000435,,,,,,
639c1a4f2b835d535ace,linear-gl,1024,10.0,2.5091040356528538e-14,2.6873357024709214e-14,1.900645687908415e-14,1.0001175330125562,0.0,1.9595436384634013e-14,2.353672812205332e-14,2.5091040356528538e-14,2.6790954244659464e-14,1.4441966230936337e-14,0.07785935589746337,0.07785935589746482,1.4432899320127035e-15,0.022948709316551685,0.022913042455911636,0.02313795778900385,,,,,,
c53f3e13d283ecd4d9fa,linear-gl,2048,10.0,1.2323475573339238e-14,1.3163992773999539e-14,9.237960271176659e-15,1.0000293989166515,0.0,-1.2378986724570495e-14,-1.5432100042289676e-14,1.2212453270876722e-14,1.3039850720631544e-14,6.972543790177095e-15,0.0778593558974656,0.07785935589746482,7.91033905045424e-16,0.09046470792964101,0.09017608407884836,0.09054183308035135,,,,,,
f94a819b6582240ce1d4,cosh-grid,2,100.0,0.5189942155185899,0.7852439782210465,0.3874037244651561,7.106511094588056,-0.6234727119586243,-0.33146942912805966,-0.1999907732082195,0.51899470611967,0.623460347780361,0.30192015645163295,0.16354548931946777,0.11415375251228316,0.049391736807184616,5.695922300219536e-05,5.4916832596063614e-05,6.520794704556465e-05,,,,,,
5782649bf18d979ca3a1,cosh-grid,4,100.0,0.09107311968582821,0.22637723294000522,0.05014423409378317,1.6951172621837434,-0.09021388182941403,-0.24122925354708424,-0.1901933013404789,0.05295008820580471,0.09019276705125723,0.030803088038723975,0.10262659034747143,0.11415375251228316,0.011527162164811727,6.679212674498558e-05,6.641680374741554e-05,7.587485015392303e-05,,,,,,
9227f6f8c91545f6aeea,cosh-grid,6,100.0,0.025921416819358778,0.07968459758646891,0.01961396704918694,1.1836441740359633,-0.005107173083222394,-0.08712328756729579,-0.1256719813830942,0.02592148600960975,0.02608755903292156,0.015079562193696916,0.11599520948355091,0.11415375251228316,0.001841456971267752,7.254071533679962e-05,7.233303040266037e-05,8.075032383203506e-05,,,,,,
e17ca542f481b9c29178,cosh-grid,8,100.0,0.007331103446515497,0.025555583351366755,0.002584389188549662,1.0684320773796192,-0.00015616451438060786,-0.01854576616090642,-0.05328239696859252,0.001358597606152201,0.0022910858263346006,0.000790338480267773,0.11389149423065811,0.11415375251228316,0.00026225828162504405,8.020829409360886e-05,7.958291098475456e-05,8.862512186169624e-05,,,,,,
4ddb7a8efe2d045bb28a,cosh-grid,10,100.0,0.0020910272965820043,0.008406308710650541,0.0010144037317449315,1.0310468034404698,-2.9912218870720153e-06,-0.0026450013471833733,-0.016053028016312892,0.0011158059567719647,0.0011229546699515157,0.0006491085046839633,0.11418842091927812,0.11415375251228316,3.4668406994967094e-05,8.629076182842255e-05,8.579203858971596e-05,9.812461212277412e-05,,,,,,
c585ebffe5f4b2ee19e1,cosh-grid,12,100.0,0.0006367922955901051,0.002729993699860547,0.0001980130640581997,1.016045298195013,-3.923984204234898e-08,-0.00027058365444132537,-0.0036520060848577174,5.199482063122929e-06,0.00010104227459394907,3.0244201732043717e-06,0.11414988194424457,0.11415375251228316,3.8705680385914265e-06,9.291712194681168e-05,9.1583002358675e-05,0.0001005842350423336,,,,,,
549fddca29a8d639b2ad,cosh-grid,16,100.0,6.204506037282842e-05,0.00028890689803261644,1.7566679938434092e-05,1.005538516406299,-2.7152724513257454e-12,-1.2415254222464256e-06,-9.274843609685668e-05,1.8743753824601583e-06,4.664724142822181e-06,1.0903967763559829e-06,0.1141537433900851,0.11415375251228316,9.12219805249137e-09,0.0001065409742295742,0.00010520825162529945,0.0001166672445833683,,,,,,
abf69d4da3bd0131a18a,cosh-grid,24,100.0,6.086122270043681e-07,3.2176938187850114e-06,1.552639036265794e-07,1.0011933514502096,-1.1102230246251565e-16,-2.0358159602551495e-12,-6.051350226465857e-09,9.352277396956765e-09,1.0246166955308182e-08,5.440569463846812e-09,0.11415375257863003,0.11415375251228316,6.634687244044812e-11,0.00013416726142168045,0.00013349996879696846,0.00014145905151963234,,,,,,
09a823378120fdd7ee38,cosh-grid,32,100.0,6.265774121771983e-09,3.575050570259364e-08,1.4943207198663158e-09,1.0003942336528173,-1.1102230246251565e-16,-1.6653345369377348e-16,-3.68594044175552e-14,2.2487012252270233e-11,2.2631081724896457e-11,1.3081394865274711e-11,0.1141537525123267,0.11415375251228316,4.3548498140921765e-14,0.00016075000166893005,0.0001592910848557949,0.00016912538558244705,,,,,,
24efdc9c097d0a2ae326,cosh-grid,48,100.0,7.100431353990189e-13,4.40140438356974e-12,1.542025977180035e-13,1.000081280796765,-1.887379141862766e-15,-1.9984014443252818e-15,-1.8041124150158794e-15,1.3322676295501878e-15,2.2977058040534915e-15,5.905103810367195e-16,0.11415375251228321,0.11415375251228316,5.551115123125783e-17,0.00021504098549485207,0.000210499856621027,0.00022337492555379868,,,,,,
b4b2d423797b9c3b117d,cosh-grid,64,100.0,1.7763568394002505e-15,2.2263739588887447e-15,1.0832808465586637e-15,1.0000262704791185,3.3306690738754696e-15,3.9968028886505635e-15,3.6637359812630166e-15,1.7763568394002505e-15,3.630530954217161e-15,8.433001218832699e-16,0.11415375251228303,0.11415375251228316,1.249000902703301e-16,0.0002864580601453781,0.0002770000137388706,0.0002881670370697975,,,,,,
923171ef15682533ffe2,surrogate,1,100.0,0.23795343412359665,0.979535302593483,0.09409194700068808,1.0,-0.983926772233174,-0.3333333333333333,-0.2,0.029619445742719464,0.9839262364732071,0.0172589720214206,0.028423707228136197,0.11415375251228316,0.08573004528414696,0.0023743328638374805,0.0022986247204244137,0.0023744581267237663,100.0,0.001,0.0,4,1729,1000
914abae19ca1af3e100c,surrogate,2,100.0,0.07510383402048315,0.9345890070530267,0.03123207731853981,1.8223317270715187,-0.948613470624824,-0.33332140707009433,-0.199999997232042,0.008547130091190347,0.9486117589788692,0.005061055939991406,0.07028517724779525,0.11415375251228316,0.04386857526448791,0.0057945409789681435,0.005702415946871042,0.00579970795661211,100.0,0.001,0.0,4,1729,1000
c1a8fc79c3e5625a61a0,surrogate,3,100.0,0.02734515886696373,0.8403903531908336,0.012131645336725411,1.0,-0.8744439578844738,-0.33313633967373735,-0.1999996666007692,0.004136455533820159,0.8744397924947304,0.0018848901567512526,0.10310705769838643,0.11415375251228316,0.011046694813896724,0.014818042051047087,0.014407125301659107,0.01482400018721819,100.0,0.001,0.0,4,1729,1000
137d88f15512da0e119f,surrogate,4,100.0,0.010940807907654695,0.6858073114243605,0.005073940849022429,1.343527650198459,-0.7515736631375269,-0.33166546947434844,-0.19998770349904443,0.0033786523762102407,0.7515655492723468,0.0009686409230814021,0.11304166260479842,0.11415375251228316,0.0011120899074847368,0.019268000032752752,0.019029042217880487,0.019561707973480225,100.0,0.001,0.0,4,1729,1000
1203faa39d2c3bead6f2,surrogate,5,100.0,0.004538564451866895,0.4888173907043608,0.002169252548456362,1.0,-0.590253130533879,-0.3248845780668914,-0.19980535363752155,0.002412396533665054,0.5902403175709671,0.0005899930034242193,0.1139123536145232,0.11415375251228316,0.0002413988977599535,0.02384887496009469,0.023721249774098396,0.023850957863032818,100.0,0.001,0.0,4,1729,1000
89ecefc51ba27397f7e9,surrogate,6,100.0,0.0019411255154556366,0.30126776633241314,0.0009277717080093593,1.204220483443765,-0.4255166357364004,-0.30625411431244304,-0.19853855166438575,0.0014911921490799837,0.4255001947992633,0.0003618215309170112,0.11401152524091862,0.11415375251228316,0.00014222727136453672,0.023436499759554863,0.022227833978831768,0.023492167238146067,100.0,0.001,0.0,4,1729,1000
d2c70483a428a91fee80,surrogate,7,100.0,0.0008704535200436039,0.16459266568209435,0.00039408360017952786,1.0,-0.2891853313775081,-0.2731824401342296,-0.19397908462514032,0.0008182132074955198,0.28916765341680656,0.00021126621827680507,0.11411229979170218,0.11415375251228316,4.145272058098115e-05,0.03225375013425946,0.03208470810204744,0.032774250023067,100.0,0.001,0.0,4,1729,1000
7379d686042cdc2fd78a,surrogate,8,100.0,0.0004142731258073122,0.08286140521773347,0.00016637180199881657,1.1357835684308457,-0.1906997516130331,-0.23046555324179385,-0.1839180531157941,0.00041427485132169983,0.19068306261766424,0.00011912010131219814,0.1141381360758311,0.11415375251228316,1.561643645205113e-05,0.032932916190475225,0.032728500198572874,0.033058458007872105,100.0,0.001,0.0,4,1729,1000
3fea75bcba3c08b26d1d,surrogate,9,100.0,0.00019816083632446645,0.03963541039493793,6.995520084579237e-05,1.0,-0.1242101183663924,-0.18557131612228953,-0.16799512987882742,0.00020872275540506028,0.12419570252311707,6.633382039668555e-05,0.11414523569511631,0.11415375251228316,8.516817166848156e-06,0.05724883312359452,0.057114957831799984,0.0575760412029922,100.0,0.001,0.0,4,1729,1000
600c6408aff37f4032ae,surrogate,10,100.0,9.179104017263077e-05,0.018359710300492195,2.9344103636637438e-05,1.096645215143821,-0.08056008457226782,-0.14411470858085845,-0.14776213684016196,0.00011018720987494325,0.08054835936324713,3.70341700096521e-05,0.11414925526088354,0.11415375251228316,4.497251399615543e-06,0.06596649996936321,0.06561587518081069,0.06604150030761957,100.0,0.001,0.0,4,1729,1000
3dc16a0a3dca0bb52e05,surrogate,11,100.0,4.162754581868433e-05,0.00832619044641125,1.2291244069828563e-05,1.0,-0.05218409061970686,-0.10887289287253246,-0.1255662359477091,6.028297029407126e-05,0.052174943646501715,2.0883404235120756e-05,0.11415133598760394,0.11415375251228316,2.416524679221821e-06,0.11105858394876122,0.11041470896452665,0.11135174985975027,100.0,0.001,0.0,4,1729,1000
f4411423c300b690a130,surrogate,12,100.0,1.8600390895265502e-05,0.0037203825958474247,5.143745993792389e-06,1.0722741960952942,-0.03379096927689762,-0.08052326290358058,-0.10356831043678374,3.3866238028082505e-05,0.03378404405349344,1.1924094579641358e-05,0.11415240401121238,0.11415375251228316,1.348501070780328e-06,0.17488583317026496,0.17124766716733575,0.17589420778676867,100.0,0.001,0.0,4,1729,1000
3e666f8d64d7206ab376,surrogate,16,100.0,6.784328178879168e-07,0.00013569766691109655,1.5706051703881243e-07,1.0447999867452056,-0.0059281293901845,-0.02103992068208227,-0.038635819995244236,3.936927291577248e-06,0.005926223313367103,1.4142072013244588e-06,0.11415360806284688,0.11415375251228316,1.4444943627345275e-07,2.1135801249183714,2.103707832749933,2.1375263747759163,100.0,0.001,0.0,4,1729,1000
6a5e215ce86f18081913,linear-gl,2,100.0,0.9745406491650629,0.980784801410531,0.7530189054586638,57.74368652357878,0.0,1.1102230246251565e-16,-0.08888888888888884,0.9745411491587496,0.9807848110739098,0.566928941273284,0.016171118461498473,0.11415375251228316,0.09798263405078468,4.291720688343048e-05,4.2582862079143524e-05,5.0791073590517044e-05,,,,,,
235ada07f486a6d26673,linear-gl,4,100.0,0.954760423253274,0.9608778381049261,0.7364266407563507,34.012807881303765,0.0,-1.6653345369377348e-16,-1.6653345369377348e-16,0.9547609232212634,0.9608778577596825,0.5554220043142425,0.02994504326461095,0.11415375251228316,0.08420870924767221,4.108436405658722e-05,4.091719165444374e-05,4.8541929572820663e-05,,,,,,
4f006f81088493414af4,linear-gl,6,100.0,0.9349029128212138,0.9408930950956923,0.7198726789510322,23.882863305518324,2.220446049250313e-16,-5.551115123125783e-16,-6.661338147750939e-16,0.9349034127277227,0.9408931247449528,0.5438701085223786,0.04137739244245609,0.11415375251228316,0.07277636006982707,4.1832681745290756e-05,4.137493669986725e-05,5.0167087465524673e-05,,,,,,
4730f40c4fbb9e109b26,linear-gl,8,100.0,0.9150601376617475,0.9209231817720309,0.7034217045021876,18.370701692506696,-1.1102230246251565e-16,7.771561172376096e-16,7.771561172376096e-16,0.9150606374553929,0.9209232213566211,0.5323267847914358,0.0509063941509425,0.11415375251228316,0.06324735836134066,4.650000482797623e-05,4.2499974370002747e-05,5.0957780331373215e-05,,,,,,
b18d2a77143d8b3605a5,linear-gl,10,100.0,0.8952682641053925,0.9010044961921705,0.687094730578149,14.92098147147755,0.0,-5.551115123125783e-17,-1.3877787807814457e-16,0.8952687637195177,0.9010045456192285,0.520813072491408,0.05890240366545187,0.11415375251228316,0.055251348846831284,4.550023004412651e-05,4.3833162635564804e-05,5.191611126065254e-05,,,,,,
558fc3f3e24142b92dea,linear-gl,12,100.0,0.8755504520477175,0.8811603466435544,0.670903764524176,12.563202858905234,-1.1102230246251565e-16,0.0,0.0,0.8755509514008125,0.8811604057935414,0.5093424446375058,0.06565756316948641,0.11415375251228316,0.048496189342796744,4.4957734644412994e-05,4.449998959898949e-05,5.170796066522598e-05,,,,,,
44e8e3c2e96fae327fba,linear-gl,16,100.0,0.8364098478728191,0.8417689577613612,0.6389668834561993,9.553730698343529,-1.1102230246251565e-16,-3.885780586188048e-16,-4.996003610813204e-16,0.8364103464025572,0.8417690359045732,0.48657281348351955,0.0763132540233921,0.11415375251228316,0.03784049848889105,4.6875327825546265e-05,4.6374741941690445e-05,5.570799112319946e-05,,,,,,
3f3a2fed453a13eab8af,linear-gl,24,100.0,0.759742458910491,0.7646103395728808,0.5771028935219633,6.483275039061147,-1.1102230246251565e-16,3.3306690738754696e-16,4.163336342344337e-16,0.7597429542287115,0.7646104533104321,0.44197237261647004,0.09012643962153455,0.11415375251228316,0.02402731289074861,5.6333839893341064e-05,5.495874211192131e-05,6.416579708456993e-05,,,,,,
d9026efb5833420a2f62,linear-gl,32,100.0,0.6859488190957896,0.6903438834399017,0.5183167328109548,4.933184128124849,0.0,-1.4988010832439613e-15,-1.6375789613221059e-15,0.685949308553045,0.6903440286500262,0.3990437033590476,0.09821955771657473,0.11415375251228316,0.01593419479570843,6.400002166628838e-05,6.349990144371986e-05,7.279170677065849e-05,,,,,,
e068e100bff559497ce5,linear-gl,64,100.0,0.43169934682298094,0.4344653642776056,0.32050354458842367,2.632369185343162,0.0,-3.497202527569243e-15,-4.3298697960381105e-15,0.43169978101189077,0.4344655826240789,0.2511367437729444,0.11013561644698486,0.11415375251228316,0.0040181360652983,0.00013308273628354073,0.0001327083446085453,0.0001415410079061985,,,,,,
38177c0e31c9f86d37a7,linear-gl,128,100.0,0.142191455119001,0.14310251521128997,0.10307349491355426,1.579299896409036,0.0,3.0531133177191805e-15,3.3306690738754696e-15,0.1421916959333307,0.14310268555887637,0.08271849863503888,0.11369540965746157,0.11415375251228316,0.000458342854821589,0.00039679184556007385,0.0003964579664170742,0.00040399981662631035,,,,,,
0ed1bc7b1322fcbea08b,linear-gl,256,100.0,0.011764371363222392,0.011839748953605227,0.00830507790003684,1.1726137589973884,-2.220446049250313e-16,-2.0650148258027912e-14,-2.4424906541753444e-14,0.011764407242123465,0.01183977910457944,0.0068438174489949925,0.11414065604367499,0.11415375251228316,1.3096468608170264e-05,0.0014863749966025352,0.0014587086625397205,0.0015011248178780079,,,,,,
aee071328db1730d8076,linear-gl,512,100.0,7.072383881800981e-05,7.117698606983758e-05,4.8530657636012674e-05,1.0459158340729768,0.0,-1.2490009027033011e-14,-1.459943277382081e-14,7.072423660980931e-05,7.117735059373972e-05,4.1143056783053834e-05,0.11415372475748353,0.11415375251228316,2.7754799625245852e-08,0.005717957857996225,0.0057176249101758,0.005723791662603617,,,,,,
cbdb8dcf4372115313bc,linear-gl,1024,100.0,2.5262901770517487e-09,2.5424768337275036e-09,1.6800743489998567e-09,1.01168571400022,0.0,1.9595436384634013e-14,2.353672812205332e-14,2.5263177105827594e-09,2.542503252581843e-09,1.4696572235072418e-09,0.11415375251193048,0.11415375251228316,3.526762215599888e-13,0.02283750008791685,0.022823124658316374,0.022874250076711178,,,,,,
d75790bb21f92f3ef4cb,linear-gl,2048,100.0,1.2989609388114332e-14,1.3321508502549602e-14,9.738395144220611e-15,1.0029356259301598,0.0,-1.2378986724570495e-14,-1.5432100042289676e-14,1.2989609388114332e-14,1.3072830996256711e-14,7.309114843396107e-15,0.11415375251228463,0.11415375251228316,1.4710455076283324e-15,0.09168216679245234,0.09140104195103049,0.09243470802903175,,,,,,
d00d475ecc52f36f9fef,cosh-grid,2,2000.0,0.8327497337120515,1.6683777332376803,0.636010706286963,31.630683283798856,-0.8688267703584547,-0.33330055641847744,-0.19999999180986738,0.8327502335448286,0.8683910150347779,0.48444426622209896,0.12447017226632139,0.11989909178615422,0.004571080480167161,5.4541975259780884e-05,5.345931276679039e-05,6.124982610344887e-05,,,,,,
9d11804875be109707f1,cosh-grid,4,2000.0,0.1727951335475898,0.5100052122252202,0.08931876570272629,2.9718422069676493,-0.27516254605342494,-0.31174985117962306,-0.19935179881700685,0.10370044210167739,0.5170431450056524,0.060328880156134315,0.13086168785537397,0.11989909178615422,0.010962596069219746,6.741704419255257e-05,6.733275949954987e-05,7.687509059906006e-05,,,,,,
c41c0d51a4734962f001,cosh-grid,6,2000.0,0.0770664512980721,0.31423377635601896,0.0596169216257394,1.4696338406696126,-0.03530454296791519,-0.1938138372357544,-0.17848838584422105,0.07438815890681527,0.22733883827151566,0.04327640392426424,0.10866250310163708,0.11989909178615422,0.011236588684517143,7.304176688194275e-05,7.21663236618042e-05,9.295810014009476e-05,,,,,,
dc3866e03ecb98b7cd17,cosh-grid,8,2000.0,0.0292934678787512,0.13619122297735503,0.017163673566484655,1.1704471255057565,-0.0025055524964128217,-0.07624384447832777,-0.11896684878849895,0.0211096640102294,0.12369491389882566,0.012282623119468141,0.12343738290489872,0.11989909178615422,0.0035382911187444993,7.929233834147453e-05,7.870886474847794e-05,8.625024929642677e-05,,,,,,
007ac0f970bc3e48a53f,cosh-grid,10,2000.0,0.01163643331538744,0.06879466972827328,0.004045000621086513,1.0766491347715659,-0.00011318364434065309,-0.021159096976073655,-0.05942289379746846,0.001668063180829571,0.05832731587030116,0.0009757648140797647,0.11934233616846014,0.11989909178615422,0.0005567556176940824,8.733384311199188e-05,8.620787411928177e-05,9.591598063707352e-05,,,,,,
80b123d7d5787d304e79,cosh-grid,12,2000.0,0.0044657863625366945,0.03210397753189947,0.002080311515867197,1.0394711328829669,-3.5372748781181684e-06,-0.004403037757268025,-0.023509390207980457,0.0020265859299062328,0.02698591057886004,0.0011795839656467575,0.11986380918030383,0.11989909178615422,3.528260585039522e-05,9.295763447880745e-05,9.199976921081543e-05,0.00010404177010059357,,,,,,
9163a0492f8b6c309e5c,cosh-grid,16,2000.0,0.0008552531435879196,0.007371069733787516,0.00027703666627892893,1.0135902500180403,-1.4145511428864666e-09,-9.201068489494979e-05,-0.0020573696194795543,0.00010141053796863808,0.005021925782095157,5.942794800949151e-05,0.11988015763893542,0.11989909178615422,1.893414721880482e-05,0.00010766694322228432,0.00010737497359514236,0.00011983374133706093,,,,,,
6091565f9f8ea61692f7,cosh-grid,24,2000.0,3.178741359868842e-05,0.0003830951233335003,9.554545176760517e-06,1.0029251413234312,-5.551115123125783e-16,-3.899187750455724e-09,-2.2986800235769156e-06,2.6003455264201475e-06,0.0002713649863524765,5.788479424139409e-07,0.11989916390353883,0.11989909178615422,7.211738460577433e-08,0.00013524992391467094,0.00013270927593111992,0.00014133425429463387,,,,,,
8384db5cd934e90439d3,cosh-grid,32,2000.0,1.328805494485441e-06,1.9845675156477967e-05,3.8935014492759205e-07,1.0009661583517069,-1.1102230246251565e-16,-1.4932499681208355e-14,-3.1673735856330154e-10,1.1124810046087008e-07,1.2511785846444666e-05,1.84132191078859e-08,0.11989909156385045,0.11989909178615422,2.2230377261234224e-10,0.00016845809295773506,0.00016812467947602272,0.00017845910042524338,,,,,,
14c878ec84128f540b97,cosh-grid,48,2000.0,2.859944919775259e-09,5.315905024266572e-08,7.777337870787253e-10,1.0001991818294966,-2.9976021664879227e-15,-2.275957200481571e-15,-1.7486012637846216e-15,2.6233997613145377e-10,2.7377086359991122e-08,3.0960561154250576e-11,0.11989909178615321,0.11989909178615422,1.0130785099704553e-15,0.00023733312264084816,0.0002303747460246086,0.00023833336308598518,,,,,,
a9fbb868786377134f5a,cosh-grid,64,2000.0,6.752168268953085e-12,1.4226860259503366e-10,1.739351598006682e-12,1.000064375999207,6.439293542825908e-15,6.38378239159465e-15,5.440092820663267e-15,4.646439483169118e-13,5.403106266662001e-11,6.287126288475096e-14,0.1198990917861541,0.11989909178615422,1.249000902703301e-16,0.00027687521651387215,0.0002760002389550209,0.0002938327379524708,,,,,,
c015ad14a55c22a626e3,surrogate,1,2000.0,0.2424527952699576,0.9893645175070945,0.09662158830197044,1.0,-0.9991912186305273,-0.3333333333333333,-0.2,0.03009073251742389,0.9991885298443884,0.017657386486895188,0.02860478951827128,0.11989909178615422,0.09129430226788295,0.0026459163054823875,0.0025813747197389603,0.0027022501453757286,100.0,0.001,0.0,4,1729,1000
0d8a7a4282f53a6d0ad4,surrogate,2,2000.0,0.07871191833698725,0.9652461837826134,0.03331628644933033,1.843146547717129,-0.9973564926183255,-0.33333333174908647,-0.19999999999999907,0.009252625179418229,0.9973477043185223,0.005664405838218377,0.07187518323155329,0.11989909178615422,0.04802390855460094,0.006096374709159136,0.005963332951068878,0.006263665854930878,100.0,0.001,0.0,4,1729,1000
00947e5e4cb34cde27f3,surrogate,3,2000.0,0.030329969897311418,0.9099684714857847,0.013797426901419689,1.0,-0.9931414926038151,-0.33333330325347404,-0.19999999999985849,0.008727972482094505,0.9931186918615782,0.0028543083518340856,0.10756680806258848,0.11989909178615422,0.012332283723565748,0.01444725040346384,0.014443958178162575,0.014775875024497509,100.0,0.001,0.0,4,1729,1000
36f29589f939ea761639,surrogate,4,2000.0,0.01347097896104819,0.8010260664321688,0.006305043012772673,1.3636349287340126,-0.9847352633405189,-0.3333329959776381,-0.19999999999192752,0.007693735518436504,0.9846845192502705,0.002157415232657123,0.11874817962825734,0.11989909178615422,0.00115091215789688,0.020082667004317045,0.01962574990466237,0.020215125288814306,100.0,0.001,0.0,4,1729,1000
c77f6e557ebe20523c78,surrogate,5,2000.0,0.0066948872772224135,0.617971665506627,0.002963883860532208,1.0,-0.969935112264547,-0.3333307034262186,-0.19999999974994595,0.005954342617002358,0.9698351882114344,0.0017541652910905794,0.11943153540444462,0.11989909178615422,0.00046755638170960234,0.02316679200157523,0.023095999844372272,0.023171708919107914,100.0,0.001,0.0,4,1729,1000
cec57c0959c46b929834,surrogate,6,2000.0,0.003822351590366542,0.3948116863673931,0.0013699664652787645,1.2247184975187133,-0.949223904538141,-0.33332008979938105,-0.19999999621980286,0.0038509052224909917,0.9490552327563765,0.0013603125961337249,0.1195795148197773,0.11989909178615422,0.0003195769663769249,0.02194891730323434,0.021906124893575907,0.02202825015410781,100.0,0.001,0.0,4,1729,1000
c1dab7f4cf779e7ede4d,surrogate,7,2000.0,0.002086688278967838,0.21553457311951854,0.0006167468083073273,1.0,-0.92691006236966,-0.33329116811445847,-0.19999997307630335,0.0025967541753240606,0.9266674986032124,0.0010342876143462586,0.11976582585871969,0.11989909178615422,0.00013326592743453936,0.0316834170371294,0.031641583889722824,0.0318616246804595,100.0,0.001,0.0,4,1729,1000
24ef0b14d86265788ee7,surrogate,8,2000.0,0.0010483139881147189,0.10828062351281768,0.00027360689623625066,1.1506248442111227,-0.9056977043667855,-0.3332366684822655,-0.199999888837056,0.001957246051890801,0.905385167113195,0.0008082421346995856,0.11980785272165109,0.11989909178615422,9.12390645031319e-05,0.02583162486553192,0.02549179131165147,0.026022957637906075,100.0,0.001,0.0,4,1729,1000
7554c431555c02f8dbc5,surrogate,9,2000.0,0.0005059209552237542,0.05225670657924446,0.00012063729684248037,1.0,-0.885724485427694,-0.3331517577615253,-0.19999967201402444,0.0015719334443997993,0.8853463993018473,0.000655123373066536,0.11982945568586141,0.11989909178615422,6.963610029281364e-05,0.04598658299073577,0.045509624760597944,0.04636312508955598,100.0,0.001,0.0,4,1729,1000
4e8c6256de2ed3f35d05,surrogate,10,2000.0,0.00023881117284836953,0.02466686793367387,5.3062400481215344e-05,1.107309993146149,-0.8666038372248056,-0.33303204215270743,-0.1999992172193408,0.0013102287511098953,0.8661633857722737,0.0005468361281986952,0.1198463355688151,0.11989909178615422,5.275621733911995e-05,0.04860387463122606,0.04837925033643842,0.049002334009855986,100.0,0.001,0.0,4,1729,1000
683189af3b812c35ca96,surrogate,11,2000.0,0.00011111433537846008,0.011477028497568195,2.331592646295998e-05,1.0,-0.8480677941423789,-0.33287325039193366,-0.19999838121502608,0.0011185305634924744,0.8475673128998026,0.0004663160632109291,0.11985774216350602,0.11989909178615422,4.134962264820685e-05,0.09410141734406352,0.09399041580036283,0.09481404069811106,100.0,0.001,0.0,4,1729,1000
117464b87b87776fe557,surrogate,12,2000.0,5.1157114313710866e-05,0.0052840315953114276,1.024052178594716e-05,1.0803182964615463,-0.829981593054272,-0.3326713805417267,-0.1999969802156943,0.0009711814775610215,0.8294230096735139,0.00040399513551246007,0.11986594716392049,0.11989909178615422,3.31446222337356e-05,0.10994362505152822,0.10905579198151827,0.11065479228273034,100.0,0.001,0.0,4,1729,1000
08394585240b71241eae,surrogate,16,2000.0,2.1405433783469596e-06,0.00022109728029144447,3.8052122430866396e-07,1.0498790217948828,-0.7612386691811772,-0.3313653918501942,-0.19998055926861372,0.0006131420296042742,0.7604646522464849,0.000251800081395633,0.11988335118874313,0.11989909178615422,1.5740597411093016e-05,1.1286821248941123,1.1192517089657485,1.1292310832068324,100.0,0.001,0.0,4,1729,1000
d5a257b8676efd5b783b,linear-gl,2,2000.0,0.9987262611983632,0.9990447665197947,0.7734782761448135,1154.7009713918724,0.0,1.1102230246251565e-16,-0.08888888888888884,0.9987267611979874,0.9990447669975623,0.5810019127104453,0.0009467124244877088,0.11989909178615422,0.11895237936166651,4.0457583963871e-05,3.991695120930672e-05,4.862528294324875e-05,,,,,,
6ebcec7606b0f86612e2,linear-gl,4,2000.0,0.9977359669931423,0.9980541564983322,0.7726360532394027,679.9628225044305,0.0,-1.6653345369377348e-16,-1.6653345369377348e-16,0.9977364669927633,0.998054157471559,0.5804247965262761,0.0019182365809844362,0.11989909178615422,0.1179808552051698,4.137493669986725e-05,4.066666588187218e-05,4.900014027953148e-05,,,,,,
2827829973157732df4f,linear-gl,6,2000.0,0.996740018445665,0.9970578903313784,0.7717894134327868,477.23941985970674,2.220446049250313e-16,-4.996003610813204e-16,-5.828670879282072e-16,0.9967405184452783,0.9970578918028888,0.579844701506755,0.0028849003117451593,0.11989909178615422,0.11701419147440907,4.349974915385246e-05,4.191696643829346e-05,4.970794543623924e-05,,,,,,
1f6ba8094dff19cbb4d4,linear-gl,8,2000.0,0.9957422286128634,0.9960597822918933,0.7709416127704841,366.87064787200865,-1.1102230246251565e-16,8.326672684688674e-16,8.326672684688674e-16,0.9957427286124626,0.9960597842626021,0.5792637556552127,0.0038430268692296295,0.11989909178615422,0.11605606491692459,4.4208019971847534e-05,4.291674122214317e-05,5.133310332894325e-05,,,,,,
890935796c8c54905861,linear-gl,10,2000.0,0.9947436260419736,0.9950608612551283,0.770093532730582,297.75035722710817,0.0,-5.551115123125783e-17,-1.3877787807814457e-16,0.99474412604155,0.9950608637254336,0.5786824920625415,0.004791727519891216,0.11989909178615422,0.115107364266263,4.554213955998421e-05,4.54997643828392e-05,5.433429032564163e-05,,,,,,
93fd958d4858acad0815,linear-gl,12,2000.0,0.9937445995969415,0.9940615162090427,0.7692455065390401,250.4688132874068,-1.1102230246251565e-16,0.0,-2.7755575615628914e-17,0.9937450995964847,0.9940615191791459,0.5781010901107727,0.005730751915079874,0.11989909178615422,0.11416833987107435,4.5209191739559174e-05,4.3999869376420975e-05,5.27077354490757e-05,,,,,,
ece20b5e1b8997a3621c,linear-gl,16,2000.0,0.991745907656208,0.9920621868624014,0.7675501486158722,190.0276508895182,-1.1102230246251565e-16,-4.996003610813204e-16,-5.273559366969494e-16,0.9917464076556453,0.992062190832381,0.576938115191804,0.007579683488555578,0.11989909178615422,0.11231940829759865,4.954217001795769e-05,4.941597580909729e-05,5.558272823691368e-05,,,,,,
716a27b4528cfc618bfe,linear-gl,24,2000.0,0.9877475649743481,0.9880625690629538,0.7641634371907178,128.11768844638638,-1.1102230246251565e-16,3.3306690738754696e-16,4.440892098500626e-16,0.9877480649733595,0.9880625750329515,0.5746119594897376,0.011163172656894867,0.11989909178615422,0.10873591912925935,5.7165976613759995e-05,5.604233592748642e-05,6.745802238583565e-05,,,,,,
00c6cee1d31c366c18d5,linear-gl,32,2000.0,0.983749009319091,0.9840627382221891,0.7607826300708836,96.6205063989688,0.0,-1.4988010832439613e-15,-1.6375789613221059e-15,0.9837495093172849,0.9840627461919198,0.572285812660154,0.014599833907170002,0.11989909178615422,0.10529925787898423,6.520794704556465e-05,6.43748790025711e-05,7.408298552036285e-05,,,,,,
51824665746eb3ff85ea,linear-gl,64,2000.0,0.9677597095221251,0.9680683392531386,0.7473173287014164,48.71085106193166,0.0,-3.4416913763379853e-15,-4.3298697960381105e-15,0.9677602095105764,0.9680683552128634,0.5629842010337803,0.02701750479321734,0.11989909178615422,0.09288158699293689,0.0001355838030576706,0.0001349998638033867,0.00014908378943800926,,,,,,
047855fa87056aad444a,linear-gl,128,2000.0,0.9358372819904572,0.9361357312912199,0.7206486085698047,24.467841447889036,0.0,3.0531133177191805e-15,3.3306690738754696e-15,0.9358377819019597,0.9361357631453472,0.544413667863986,0.046683171329753304,0.11989909178615422,0.07321592045640092,0.00040304195135831833,0.00039679184556007385,0.00040408316999673843,,,,,,
fc120ca23ff5b267572e,linear-gl,256,2000.0,0.8724478253072149,0.8727260589792706,0.6683617375816728,12.28858051672341,-2.220446049250313e-16,-2.070565940925917e-14,-2.4480417692984702e-14,0.872448324612837,0.8727261219422321,0.5075375244631015,0.07239952379798488,0.11989909178615422,0.047499567988169344,0.0014948751777410507,0.001470416784286499,0.0015153330750763416,,,,,,
fb90ea7a097cf50a7394,linear-gl,512,2000.0,0.7492147016092803,0.7494536348171353,0.5686723428853923,6.210955867322542,0.0,-1.2378986724570495e-14,-1.459943277382081e-14,0.7492151962833777,0.7494537548028891,0.4358479612893063,0.09727792213875261,0.11989909178615422,0.022621169647401615,0.005757917184382677,0.005721499677747488,0.005794666241854429,,,,,,
7bace1afc01b49b2b5d7,linear-gl,1024,2000.0,0.5283030707148557,0.528471552656193,0.39486780482685496,3.2253982025253944,0.0,1.9595436384634013e-14,2.353672812205332e-14,0.5283035340040637,0.5284717517732038,0.3073349496926013,0.11305820874651162,0.11989909178615422,0.006840883039642601,0.02289891568943858,0.02283141715452075,0.023496875073760748,,,,,,
e96a521fae3f6c2270c2,linear-gl,2048,2000.0,0.22840775489178644,0.22848059675868795,0.16695593133869477,1.8308325712551141,0.0,-1.2378986724570495e-14,-1.5432100042289676e-14,0.22840807632476512,0.22848080401742643,0.13287395873381005,0.11884983870671989,0.11989909178615422,0.001049253079434334,0.09095108276233077,0.09093904076144099,0.09150962485000491,,,,,,
ea09db252e3db06f39f4,surrogate,8,100.0,7.57576485393846e-05,0.0008132095737466003,1.208487457937291e-05,1.0848486273448226,-0.6164783738641315,-0.32462783267762474,-0.19976129608380602,0.005559759377586217,0.6152906814437323,0.002344666317028373,0.11266027073104573,0.11415375251228316,0.0014934817812374268,0.06337587488815188,0.06322654196992517,0.06340162502601743,10.0,0.001,0.0,4,1729,1000
d1bfb28fb1c822c65557,surrogate,8,100.0,0.00036232524298842467,0.16209695762499987,0.00016946627602027633,1.1382795189940291,-0.163716848927134,-0.21748808653808488,-0.18022082287988336,3.540935738310935e-05,0.16371668601142386,2.0689031805100808e-05,0.11414803334435991,0.11415375251228316,5.719167923246005e-06,0.032829334028065205,0.032723082695156336,0.03361216699704528,1000.0,0.001,0.0,4,1729,1000
7b7ed2a06bcf897e85a8,surrogate,8,100.0,0.0007656950452142874,0.025655564911630784,0.0002828830959997938,1.1709623842541548,-0.10316440734603238,-0.17139647741256195,-0.16254243323278103,0.00015036700700548147,0.10315070747434732,8.213037596707404e-05,0.11414494560105853,0.11415375251228316,8.806911224623626e-06,0.022512542083859444,0.022476833779364824,0.022645791061222553,100.0,0.001,0.5,4,1729,1000
c902e7d2e0f34a368084,surrogate,8,100.0,0.002225369415145617,0.006957758642806242,0.0007326266424270964,1.220808537861334,-0.055953026968852626,-0.1192157427848266,-0.13438330619576977,0.00039196727553070243,0.05594297139222054,0.0002290132832598463,0.11415191724280827,0.11415375251228316,1.8352694748924314e-06,0.021976415999233723,0.021738792303949594,0.02289508329704404,100.0,0.001,1.0,4,1729,1000
25cb2d589c4e030583c4,surrogate,8,100.0,0.00041503456670438383,0.08301370585900401,0.00013223722193217584,1.1351431591368986,-0.19093622245777686,-0.2306205597283313,-0.18396541072391304,0.0004150319584638939,0.19091952584386765,0.00011808184659330552,0.11413817527113332,0.11415375251228316,1.557724114983894e-05,0.0367364170961082,0.03666512481868267,0.037197249941527843,100.0,1e-06,0.0,4,1729,1000
bf7a89e4c11d94e065b1,surrogate,8,100.0,0.00040938638874371894,0.08188397782794121,0.00016638379299597385,1.1358901375547161,-0.18950769977730753,-0.2299204222473376,-0.18376966411783413,0.0004094440565427038,0.18949102556136949,0.00011807824030750438,0.11413863834492018,0.11415375251228316,1.5114167362981212e-05,0.019129875116050243,0.018838166259229183,0.01914824964478612,100.0,0.001,0.0,4,1729,250
04d32d1fc6e70e0f1810,surrogate,8,100.0,0.0004155125676820982,0.08310931387758276,0.00016637160898307093,1.1357565274069292,-0.19100174791266367,-0.23060328989020157,-0.1839554525809548,0.0004155000775991364,0.19098505520981984,0.00011938426165619272,0.11413800803466942,0.11415375251228316,1.5744477613738317e-05,0.09410887537524104,0.09353037504479289,0.09575620898976922,100.0,0.001,0.0,4,1729,4000
ff438a4f2be9c0ded491,surrogate,8,100.0,0.0004142731258073122,0.08286140521773347,0.00016637180199881657,1.1357835684308457,-0.1906997516130331,-0.23046555324179385,-0.1839180531157941,0.00041427485132169983,0.19068306261766424,0.00011912010131219814,0.1141381360758311,0.11415375251228316,1.561643645205113e-05,0.008337500039488077,0.008258541580289602,0.008472457993775606,100.0,0.001,0.0,1,1729,1000
16a9e188e800223413c3,surrogate,8,100.0,0.0004142731258073122,0.08286140521773347,0.00016637180199881657,1.1357835684308457,-0.1906997516130331,-0.23046555324179385,-0.1839180531157941,0.00041427485132169983,0.19068306261766424,0.00011912010131219814,0.1141381360758311,0.11415375251228316,1.561643645205113e-05,0.06991895800456405,0.06966208387166262,0.06994595797732472,100.0,0.001,0.0,8,1729,1000
bd23d07d75747d245685,surrogate,8,100.0,0.0004142731258073122,0.08286140521773347,0.00016637180199881657,1.1357835684308457,-0.1906997516130331,-0.23046555324179385,-0.1839180531157941,0.00041427485132169983,0.19068306261766424,0.00011912010131219814,0.1141381360758311,0.11415375251228316,1.561643645205113e-05,0.03766104159876704,0.03757558297365904,0.03847895795479417,100.0,0.001,0.0,4,1730,1000
efbd81f31a8e3fb76d99,surrogate,8,100.0,0.0004142731258073122,0.08286140521773347,0.00016637180199881657,1.1357835684308457,-0.1906997516130331,-0.23046555324179385,-0.1839180531157941,0.00041427485132169983,0.19068306261766424,0.00011912010131219814,0.1141381360758311,0.11415375251228316,1.561643645205113e-05,0.032418542075902224,0.03234729077666998,0.032441332936286926,100.0,0.001,0.0,4,1731,1000
d9d71638c83b46805aad,surrogate,8,2000.0,0.0009592475835098827,0.7886215038275962,0.0004777844132849283,1.1689779865122167,-0.8335073608992081,-0.3328554879669477,-0.19999849893057095,0.00019415047858706416,0.8335018590786717,6.510361541429102e-05,0.11988323586331527,0.11989909178615422,1.5855922838953207e-05,0.04079641681164503,0.04070895770564675,0.04110037488862872,2000.0,0.001,0.0,4,1729,1000
0d599095aa8fdfb3d4dd,surrogate,8,2000.0,0.0009586255586585865,0.8328793513475597,0.0004446294972545872,1.1689910995566946,-0.8334283168642763,-0.3328548594927623,-0.19999849572490516,8.776605155391692e-05,0.8334282618188709,5.105903598316407e-05,0.11988325695792688,0.11989909178615422,1.583482822734017e-05,0.040167790837585926,0.04015154205262661,0.0403786669485271,20000.0,0.001,0.0,4,1729,1000
f536a689873f810a1553,surrogate,8,2000.0,0.02498806585942659,0.06691316512562566,0.007239277093386764,1.4980115515773333,-0.18493187847666648,-0.2403078269660705,-0.187775398477895,0.00522629691653731,0.1849140130022151,0.0030403423259498757,0.11944022081731208,0.11989909178615422,0.0004588709688421455,0.028159375302493572,0.028038792312145233,0.028856500051915646,2000.0,0.001,1.0,4,1729,1000
