bath_key,family,levels,layout,chi,energy,exact_energy,energy_error,spin_error,seconds,chi_actual,last_energy_change,norm_error,sweep_converged,sweeps,variance
1b20c1359794dd974817,cosh-grid,4,chain,32,-0.7046407789202949,-0.7046407789202833,1.1546319456101628e-14,8.915090887740007e-14,0.35681954119354486,16,0.0,6.870548960489044e-14,True,12,-2.2737367544323206e-13
1b20c1359794dd974817,cosh-grid,4,star,32,-0.7046407789202825,-0.7046407789202833,7.771561172376096e-16,1.0628720126248936e-12,0.4483015420846641,16,-4.996003610813204e-16,9.513701380780146e-13,True,16,-7.216449660063518e-16
1b20c1359794dd974817,cosh-grid,4,chain,64,-0.7046407789202807,-0.7046407789202833,2.6645352591003757e-15,7.771561172376096e-16,0.5364217911846936,16,8.881784197001252e-15,1.0490997645031203e-15,True,12,1.9895196601282805e-13
1b20c1359794dd974817,cosh-grid,4,star,64,-0.7046407789202821,-0.7046407789202833,1.2212453270876722e-15,7.216449660063518e-16,0.6286758328787982,16,5.551115123125783e-17,1.1882864774206355e-15,True,16,-3.885780586188048e-16
0e89b46d223723f271af,surrogate,4,chain,32,-0.6648315129809692,-0.6648315129809644,4.773959005888173e-15,1.6708856520608606e-14,0.35468100011348724,16,8.881784197001252e-16,1.2645660086089114e-14,True,12,0.0
0e89b46d223723f271af,surrogate,4,star,32,-0.6648315129809627,-0.6648315129809644,1.7763568394002505e-15,4.621858451514527e-13,0.45405545830726624,16,1.6653345369377348e-16,7.863837640789578e-13,True,16,2.220446049250313e-15
0e89b46d223723f271af,surrogate,4,chain,64,-0.6648315129809603,-0.6648315129809644,4.107825191113079e-15,2.220446049250313e-16,0.540215624962002,16,5.329070518200751e-15,6.277995354985504e-16,True,12,5.684341886080802e-14
0e89b46d223723f271af,surrogate,4,star,64,-0.6648315129809632,-0.6648315129809644,1.2212453270876722e-15,1.6653345369377348e-16,0.5821279580704868,16,-1.1102230246251565e-16,9.595085307600714e-16,True,16,-9.43689570931383e-16
7197041c673afd2ce476,cosh-grid,8,chain,32,-0.704647279514667,-0.7047937138736189,0.00014643435895189683,7.241600349444655e-05,3.070331834256649,32,-5.329070518200751e-15,5.714684078101044e-15,True,12,0.003168919013546656
7197041c673afd2ce476,cosh-grid,8,star,32,-0.7047934238961987,-0.7047937138736189,2.8997742018699313e-07,1.948088656500424e-07,2.9951532501727343,32,-3.275157922644212e-14,2.117031361936442e-15,True,16,5.468543039788276e-06
7197041c673afd2ce476,cosh-grid,8,chain,64,-0.7047934111579792,-0.7047937138736189,3.0271563966621784e-07,1.6397151159086576e-07,3.194300124887377,64,4.973799150320701e-14,3.783327590385779e-15,True,12,7.023816920082027e-06
7197041c673afd2ce476,cosh-grid,8,star,64,-0.7047937131621888,-0.7047937138736189,7.114301370236831e-10,5.853966200675131e-10,3.0291991671547294,64,9.992007221626409e-16,2.4139067769962437e-15,True,16,1.6327514618108552e-08
5cdd8fd87638223a88af,surrogate,8,chain,32,-0.704366482461694,-0.7044936856028156,0.00012720314112157904,5.663211556672376e-05,3.1620496246032417,32,-1.7763568394002505e-14,2.8544334847450456e-15,True,12,0.0024962888213622136
5cdd8fd87638223a88af,surrogate,8,star,32,-0.704493104606753,-0.7044936856028156,5.809960625935418e-07,3.692186933967889e-07,3.022046834230423,32,2.3869795029440866e-15,1.1485374161747194e-15,True,16,1.0679864525797722e-05
5cdd8fd87638223a88af,surrogate,8,chain,64,-0.7044932565785338,-0.7044936856028156,4.2902428176727625e-07,2.9427564107731286e-07,3.4240415412932634,64,-3.4283687000424834e-13,5.2620882467265655e-15,True,12,8.790353035692533e-06
5cdd8fd87638223a88af,surrogate,8,star,64,-0.704493683065633,-0.7044936856028156,2.537182575146346e-09,1.7881516267692632e-09,3.161671749781817,64,0.0,1.3443773816135298e-15,True,16,5.66900348886179e-08
