phi_over_pi,detuning_critical_over_u,gate_lower,gate_upper,gap_lower,gap_upper
0.020000000000002682,0.23707395751390434,0.2300000000000011,0.2400000000000011,0.007591143849998899,-0.0031399693000012108
0.06000000000000272,0.23852080648554627,0.2300000000000011,0.2400000000000011,0.009154109249998724,-0.001589133500001394
0.10000000000000275,0.24128556660465364,0.2400000000000011,0.2500000000000011,0.0014982520999990284,-0.01015615845000098
0.1400000000000028,0.24521130302631786,0.2400000000000011,0.2500000000000011,0.0060938132999990985,-0.005599640850000892
0.18000000000000282,0.25034792355322816,0.2500000000000011,0.2600000000000011,0.0004086974999990556,-0.011338064000001036
0.22000000000000286,0.25661213223088913,0.2500000000000011,0.2600000000000011,0.007812484499999217,-0.004002894000000867
0.2600000000000029,0.263635600083754,0.2600000000000011,0.27000000000000113,0.004641828699999212,-0.008125881150000791
0.30000000000000293,0.27127348758308933,0.27000000000000113,0.28000000000000114,0.0016394179999994762,-0.011234033000000643
0.34000000000000297,0.2796279852114183,0.27000000000000113,0.28000000000000114,0.012515555824999497,-0.0004835873500005916
0.380000000000003,0.2880444549462793,0.28000000000000114,0.29000000000000115,0.011246651999999246,-0.0027339745000007354
0.42000000000000304,0.2968411468581672,0.29000000000000115,0.30000000000000115,0.009681380599999345,-0.004470311800000792
0.4600000000000031,0.3055817044263164,0.30000000000000115,0.31000000000000116,0.008444878699999048,-0.006684691150000921
0.5000000000000031,0.31425627975708337,0.31000000000000116,0.3200000000000012,0.00653179859999925,-0.008814463800000838
0.5400000000000031,0.3227536947514159,0.3200000000000012,0.3300000000000012,0.004487662699999173,-0.011809215150000829
0.5800000000000032,0.3308221309772726,0.3300000000000012,0.3400000000000012,0.0013608634999990876,-0.015192016000000974
0.6200000000000032,0.33857720358733523,0.3300000000000012,0.3400000000000012,0.014431664899998975,-0.0023939412000010263
0.6600000000000033,0.3456932924819758,0.3400000000000012,0.3500000000000012,0.010081925999998798,-0.007626502000001145
0.7000000000000033,0.35224203362782114,0.3500000000000012,0.3600000000000012,0.0040329284999987,-0.013954886000001276
0.7400000000000033,0.35816913315269994,0.3500000000000012,0.3600000000000012,0.014921316149998698,-0.003344166700001594
0.7800000000000034,0.3633080827276789,0.3600000000000012,0.3700000000000012,0.006281199699998297,-0.012706232650001703
0.8200000000000034,0.3676549854273034,0.3600000000000012,0.3700000000000012,0.01470843099999819,-0.004505754500001902
0.8600000000000034,0.37119732110688325,0.3700000000000012,0.3800000000000012,0.0023240844999978805,-0.017086619000001857
0.9000000000000035,0.3738902042389121,0.3700000000000012,0.3800000000000012,0.007612633499997967,-0.011956091000002167
0.9400000000000035,0.375701808861146,0.3700000000000012,0.3800000000000012,0.011221053499997802,-0.008458760000002341
0.9800000000000035,0.3766123288520717,0.3700000000000012,0.3800000000000012,0.013050879849997643,-0.006686311300002523
