method,branch,gamma,excitation,pdf_x,pdf_y
L1,S,0.4200074767600078,0.8341358689588989,40.487998962402344,80.29299926757812
L1,S,0.6200065417003507,0.7590587557077054,62.492000579833984,84.1520004272461
L1,S,0.820018899018055,0.6862385260247196,78.28900146484375,87.8949966430664
L1,S,1.020039202809023,0.6154998836590994,90.62100219726562,91.53099822998047
L1,S,1.2199806816951408,0.5466483848440343,100.73400115966797,95.06999969482422
L1,S,1.4200302522261463,0.47960625207280033,109.31300354003906,98.51599884033203
L1,S,1.6200389078328188,0.41425667065495486,116.75800323486328,101.875
L1,S,1.8200731694185144,0.3505024187070926,123.33599853515625,105.1520004272461
L1,S,2.0200938156119004,0.28818779278540896,129.2270050048828,108.3550033569336
L1,S,2.220022077833391,0.22731294132026025,134.5590057373047,111.48400115966797
L1,S,2.4200826474508745,0.16779993837456603,139.4340057373047,114.54299926757812
L1,S,2.620162720169649,0.10951252488120264,143.9219970703125,117.53900146484375
L1,S,2.820164487366923,0.052431404893845394,148.0780029296875,120.4729995727539
L1,S,3.0201593926998718,1.424931433286569e-08,151.94900512695312,123.16799926757812
L1,S,20.02011379713055,1.424931433286569e-08,258.81298828125,123.16799926757812
L1,Dg,2.820164487366923,1.424931433286569e-08,148.0780029296875,123.16799926757812
L1,Dg,3.0201593926998718,0.0035019316465338393,151.94900512695312,122.98799896240234
L1,Dg,3.220057308971567,0.05836520524940188,155.57000732421875,120.16799926757812
L1,Dg,3.420206587410643,0.1122556662967926,158.9770050048828,117.39800262451172
L1,Dg,3.620215977463124,0.16513457446570023,162.18800354003906,114.68000030517578
L1,Dg,3.8200037908211,0.21704067007913055,165.22300720214844,112.01200103759766
L1,Dg,4.020199896783157,0.26811021220420717,168.10899353027344,109.38700103759766
L1,Dg,4.220194725802277,0.3182654233342059,170.8520050048828,106.80899810791016
L1,Dg,4.420268297149086,0.36766185848257504,173.468994140625,104.2699966430664
L1,Dg,4.620250306200217,0.4162410360889152,175.968994140625,101.77300262451172
L1,Dg,4.8202290826938246,0.46410047489734424,178.36300659179688,99.31300354003906
L1,Dg,5.02023584121522,0.5112207305311811,180.66000366210938,96.89099884033203
L1,Dg,5.220219707916458,0.557582061753032,182.86700439453125,94.50800323486328
L1,Dg,5.420297509630055,0.6033404688674144,184.99200439453125,92.15599822998047
L1,Dg,5.620279044559992,0.6483984331302104,187.03900146484375,89.83999633789062
L1,Dg,5.820010573330726,0.6929309539315492,189.01199340820312,87.5510025024414
L1,Dg,6.020124786318998,0.7367827731186954,190.9219970703125,85.2969970703125
L1,Dg,6.220290421136083,0.7800313713376603,192.77000427246094,83.0739974975586
L1,Dg,6.420402694546811,0.8227352301488435,194.5590057373047,80.87899780273438
L1,Dg,6.620035407305905,0.8649137939289259,196.28900146484375,78.71099853515625
L1,Dg,6.820321429672716,0.9065670626779075,197.97300720214844,76.56999969482422
L1,Dg,7.020200723639339,0.9476755920191074,199.60499572753906,74.45700073242188
L1,Dg,7.220058282795166,0.9882588263292066,201.1909942626953,72.37100219726562
L1,Dg,7.419956382564407,1.0284530246753285,202.73399353027344,70.30500030517578
L1,Dg,7.620129010453241,1.0681219279903498,204.23800659179688,68.26599884033203
L1,Dg,7.820299467629429,1.1073433137809945,205.7030029296875,66.25
L1,Dg,8.020189864225655,1.1460977376705814,207.12899780273438,64.25800323486328
L1,Dg,8.220097484250129,1.1844826441880507,208.52000427246094,62.28499984741211
L1,Dg,8.420215583679926,1.2224005888044622,209.87899780273438,60.33599853515625
L1,Dg,8.620475797699763,1.2599488676183994,211.20700073242188,58.40599822998047
L1,Dg,8.820032765062196,1.2971080362531813,212.5,56.49599838256836
L1,Dg,9.020537229749499,1.333897539085489,213.77000427246094,54.60499954223633
L1,Dg,9.22037389867883,1.3702979317386415,215.00799560546875,52.73400115966797
L1,Dg,9.420136050056932,1.4063092884278166,216.218994140625,50.882999420166016
L1,Dg,9.62014098950313,1.4419509793145175,217.406005859375,49.05099868774414
L1,Dg,9.82039202009351,1.4773007819054687,218.57000732421875,47.23400115966797
L1,Dg,10.020020460215934,1.5123199558776637,219.70700073242188,45.433998107910156
L1,Dg,10.220090496570826,1.5469888342088873,220.82400512695312,43.652000427246094
L1,Dg,10.420648106358215,1.581327009706177,221.9219970703125,41.887001037597656
L1,Dg,10.620631461213499,1.6153733711228946,222.99600219726562,40.137001037597656
L1,Dg,10.820045159012778,1.6491279184590404,224.0469970703125,38.402000427246094
L1,Dg,11.020083553813118,1.6825517629612523,225.08200073242188,36.683998107910156
L1,Dg,11.220046960806533,1.7157031635443951,226.09800720214844,34.97999954223633
L1,Dg,11.420402862588864,1.7485238612936038,227.09800720214844,33.292999267578125
L1,Dg,11.620221486226011,1.7811305224689646,228.0780029296875,31.617000579833984
L1,Dg,11.820397766214592,1.8134259251870728,229.04299926757812,29.957000732421875
L1,Dg,12.02061965738908,1.8454100694479276,229.99200439453125,28.312999725341797
L1,Dg,12.220120171399534,1.877180177134935,230.9219970703125,26.68000030517578
L1,Dg,12.420294889434377,1.9087168409790025,231.83999633789062,25.05900001525879
L1,Dg,12.620176165169772,1.9400395053568114,232.74200439453125,23.448999404907227
L1,Dg,12.820773968188977,1.971050874169778,233.63299560546875,21.854999542236328
L1,Dg,13.008206859176285,1.999999988719293,234.4530029296875,20.367000579833984
L2,S,0.4200074767600078,1.2930029721029588,40.487998962402344,56.707000732421875
L2,S,0.6200065417003507,1.1422262286860658,62.492000579833984,64.45700073242188
L2,S,0.820018899018055,1.001546608689817,78.28900146484375,71.68800354003906
L2,S,1.020039202809023,0.8700110407961287,90.62100219726562,78.4489974975586
L2,S,1.2199806816951408,0.7468215634092964,100.73400115966797,84.78099822998047
L2,S,1.4200302522261463,0.6313752524218516,109.31300354003906,90.71499633789062
L2,S,1.6200389078328188,0.5232438862557424,116.75800323486328,96.27300262451172
L2,S,1.8200731694185144,0.4219413554939429,123.33599853515625,101.4800033569336
L2,S,2.0200938156119004,0.3270979201188006,129.2270050048828,106.3550033569336
L2,S,2.220022077833391,0.23832454416633847,134.5590057373047,110.91799926757812
L2,S,2.4200826474508745,0.15548482013907647,139.4340057373047,115.1760025024414
L2,S,2.620162720169649,0.07826778644047432,143.9219970703125,119.1449966430664
L2,S,2.820164487366923,0.006381332129247407,148.0780029296875,122.83999633789062
L2,S,3.0201593926998718,1.424931433286569e-08,151.94900512695312,123.16799926757812
L2,S,20.02011379713055,1.424931433286569e-08,258.81298828125,123.16799926757812
L2,Dg,2.820164487366923,1.424931433286569e-08,148.0780029296875,123.16799926757812
L2,Dg,3.0201593926998718,0.06040790381340539,151.94900512695312,120.06300354003906
L2,Dg,3.220057308971567,0.12235293814779294,155.57000732421875,116.87899780273438
L2,Dg,3.420206587410643,0.17980364972244628,158.9770050048828,113.9260025024414
L2,Dg,3.620215977463124,0.2328577057118396,162.18800354003906,111.1989974975586
L2,Dg,3.8200037908211,0.2817871789591512,165.22300720214844,108.68399810791016
L2,Dg,4.020199896783157,0.32702014261207646,168.10899353027344,106.35900115966797
L2,Dg,4.220194725802277,0.3685761894776529,170.8520050048828,104.2229995727539
L2,Dg,4.420268297149086,0.40688324427321976,173.468994140625,102.25399780273438
L2,Dg,4.620250306200217,0.4421551951422683,175.968994140625,100.44100189208984
L2,Dg,4.8202290826938246,0.4746062270890028,178.36300659179688,98.77300262451172
L2,Dg,5.02023584121522,0.504469821063952,180.66000366210938,97.23799896240234
L2,Dg,5.220219707916458,0.5319013836502078,182.86700439453125,95.8280029296875
L2,Dg,5.420297509630055,0.5572124701657359,184.99200439453125,94.5270004272461
L2,Dg,5.620279044559992,0.5805390428169475,187.03900146484375,93.3280029296875
L2,Dg,5.820010573330726,0.6020369534780031,189.01199340820312,92.2229995727539
L2,Dg,6.020124786318998,0.6219589790457566,190.9219970703125,91.1989974975586
L2,Dg,6.220290421136083,0.64034400827357,192.77000427246094,90.25399780273438
L2,Dg,6.420402694546811,0.6573671889819288,194.5590057373047,89.37899780273438
L2,Dg,6.620035407305905,0.6731062986775573,196.28900146484375,88.56999969482422
L2,Dg,6.820321429672716,0.6877753739343034,197.97300720214844,87.81600189208984
L2,Dg,7.020200723639339,0.7013745631825232,199.60499572753906,87.11699676513672
L2,Dg,7.220058282795166,0.7139813470682284,201.1909942626953,86.46900177001953
L2,Dg,7.419956382564407,0.7257711702726173,202.73399353027344,85.86299896240234
L2,Dg,7.620129010453241,0.7367827731186954,204.23800659179688,85.2969970703125
L2,Dg,7.820299467629429,0.7471133774898683,205.7030029296875,84.76599884033203
L2,Dg,8.020189864225655,0.756763131816492,207.12899780273438,84.2699966430664
L2,Dg,8.220097484250129,0.7658096651749345,208.52000427246094,83.80500030517578
L2,Dg,8.420215583679926,0.7742531259955522,209.87899780273438,83.37100219726562
L2,Dg,8.620475797699763,0.7822297733454685,211.20700073242188,82.96099853515625
L2,Dg,8.820032765062196,0.7897589031710083,212.5,82.5739974975586
L2,Dg,9.020537229749499,0.7968210710954904,213.77000427246094,82.21099853515625
L2,Dg,9.22037389867883,0.803435721495596,215.00799560546875,81.87100219726562
L2,Dg,9.420136050056932,0.8097392618688048,216.218994140625,81.5469970703125
L2,Dg,9.62014098950313,0.8157508397310855,217.406005859375,81.23799896240234
L2,Dg,9.82039202009351,0.821373381629389,218.57000732421875,80.9489974975586
L2,Dg,10.020020460215934,0.8266845166400832,219.70700073242188,80.6760025024414
L2,Dg,10.220090496570826,0.831781763507286,220.82400512695312,80.41400146484375
L2,Dg,10.420648106358215,0.8365677519172359,221.9219970703125,80.16799926757812
L2,Dg,10.620631461213499,0.8411202593766568,222.99600219726562,79.93399810791016
L2,Dg,10.820045159012778,0.8455365077689542,224.0469970703125,79.70700073242188
L2,Dg,11.020083553813118,0.8496414977039987,225.08200073242188,79.49600219726562
L2,Dg,11.220046960806533,0.8535909326255947,226.09800720214844,79.29299926757812
L2,Dg,11.420402862588864,0.8573846641033861,227.09800720214844,79.0979995727539
L2,Dg,11.620221486226011,0.8610421365140539,228.0780029296875,78.91000366210938
L2,Dg,11.820397766214592,0.8644662764045493,229.04299926757812,78.73400115966797
L2,Dg,12.02061965738908,0.86773471285124,229.99200439453125,78.56600189208984
L2,Dg,12.220120171399534,0.8709253717912065,230.9219970703125,78.4020004272461
L2,Dg,12.420294889434377,0.8739603272873684,231.83999633789062,78.24600219726562
L2,Dg,12.620176165169772,0.876839727770082,232.74200439453125,78.0979995727539
L2,Dg,12.820773968188977,0.879582869185672,233.63299560546875,77.95700073242188
L2,Dg,13.020874393286155,0.8822482330945377,234.50799560546875,77.81999969482422
L2,Dg,13.220355539092523,0.884816226689642,235.36700439453125,77.68800354003906
L2,Dg,13.420275661857053,0.8873260355850595,236.21499633789062,77.55899810791016
L2,Dg,13.620327429082554,0.8896799926063159,237.05099487304688,77.43800354003906
L2,Dg,13.820427246796422,0.8919757649278857,237.875,77.31999969482422
L2,Dg,14.020736379939809,0.8941741669356938,238.68800354003906,77.20700073242188
L2,Dg,14.220676168529035,0.8962947914367778,239.48800659179688,77.0979995727539
L2,Dg,14.420654977431303,0.8983570828078188,240.27699279785156,76.99199676513672
L2,Dg,14.62060272354268,0.9003220038650981,241.05499267578125,76.89099884033203
L2,Dg,14.819916356261542,0.9022285917923343,241.82000732421875,76.79299926757812
L2,Dg,15.020081005597804,0.9040574022128464,242.5780029296875,76.6989974975586
L2,Dg,15.220795011884128,0.905808286696278,243.3280029296875,76.60900115966797
L2,Dg,15.420096895649882,0.9075398752333849,244.06300354003906,76.5199966430664
L2,Dg,15.620624659378862,0.9092129822100923,244.79299926757812,76.43399810791016
L2,Dg,15.820679223604822,0.9108083116800756,245.51199340820312,76.35199737548828
L2,Dg,16.0210328147314,0.9124036411500588,246.22300720214844,76.2699966430664
L2,Dg,16.220471343577326,0.9138627115529185,246.9219970703125,76.19499969482422
L2,Dg,16.420073136752514,0.9153802635161776,247.61300659179688,76.11699676513672
L2,Dg,16.620066253569068,0.916742112035632,248.2969970703125,76.0469970703125
L2,Dg,16.82011928108804,0.9181039605550865,248.97300720214844,75.97699737548828
L2,Dg,17.020166897111412,0.919485253451222,249.64100646972656,75.90599822998047
L2,Dg,17.220151975494815,0.9207693244639523,250.30099487304688,75.83999633789062
L2,Dg,17.420026150847217,0.9219949139162832,250.9530029296875,75.7770004272461
L2,Dg,17.621282715660662,0.9232012074222893,251.6020050048828,75.71499633789062
L2,Dg,17.820763388942165,0.9244267968746201,252.23800659179688,75.6520004272461
L2,Dg,18.02026829086838,0.9255551644435458,252.86700439453125,75.59400177001953
L2,Dg,18.220717346769273,0.9267029763891524,253.49200439453125,75.53500366210938
L2,Dg,18.42078408324693,0.927773010828035,254.10899353027344,75.4800033569336
L2,Dg,18.620744196241045,0.9288236008902364,254.718994140625,75.4260025024414
L2,Dg,18.819880948890514,0.929893635329119,255.32000732421875,75.37100219726562
L2,Dg,19.02013022763586,0.9308858922612774,255.91799926757812,75.31999969482422
L2,Dg,19.22115010832446,0.9318587048167547,256.5119934082031,75.2699966430664
L2,Dg,19.420171651891426,0.9328508133185567,257.093994140625,75.21900177001953
L2,Dg,19.621253924113045,0.9337652927439909,257.6759948730469,75.1719970703125
L2,Dg,19.820210459432268,0.9346796237390688,258.2460021972656,75.125
L2,Dg,20.02011379713055,0.9355161772274225,258.81298828125,75.08200073242188
L3,S,0.4200074767600078,0.8936488719045931,40.487998962402344,77.23400115966797
L3,S,0.6200065417003507,0.831781763507286,62.492000579833984,80.41400146484375
L3,S,0.820018899018055,0.7631637456427498,78.28900146484375,83.94100189208984
L3,S,1.020039202809023,0.6886704089830565,90.62100219726562,87.7699966430664
L3,S,1.2199806816951408,0.6097995642540717,100.73400115966797,91.8239974975586
L3,S,1.4200302522261463,0.5281076521724164,109.31300354003906,96.02300262451172
L3,S,1.6200389078328188,0.44511237313170604,116.75800323486328,100.28900146484375
L3,S,1.8200731694185144,0.36219487159771985,123.33599853515625,104.5510025024414
L3,S,2.0200938156119004,0.28050310794642086,129.2270050048828,108.75
L3,S,2.220022077833391,0.2009319687962059,134.5590057373047,112.83999633789062
L3,S,2.4200826474508745,0.12410382263122452,139.4340057373047,116.78900146484375
L3,S,2.620162720169649,0.050388557899485535,143.9219970703125,120.5780029296875
L3,S,2.820164487366923,1.424931433286569e-08,148.0780029296875,123.16799926757812
L3,S,20.02011379713055,1.424931433286569e-08,258.81298828125,123.16799926757812
L3,Dg,2.620162720169649,1.424931433286569e-08,143.9219970703125,123.16799926757812
L3,Dg,2.820164487366923,0.019902595440386767,148.0780029296875,122.1449966430664
L3,Dg,3.0201593926998718,0.08671124726109194,151.94900512695312,118.71099853515625
L3,Dg,3.220057308971567,0.14994020417785345,155.57000732421875,115.46099853515625
L3,Dg,3.420206587410643,0.20966724369739545,158.9770050048828,112.39099884033203
L3,Dg,3.620215977463124,0.26598958770312314,162.18800354003906,109.49600219726562
L3,Dg,3.8200037908211,0.318965717755436,165.22300720214844,106.77300262451172
L3,Dg,4.020199896783157,0.3686539669843771,168.10899353027344,104.21900177001953
L3,Dg,4.220194725802277,0.4154044826005615,170.8520050048828,101.81600189208984
L3,Dg,4.420268297149086,0.4592367089806703,173.468994140625,99.56300354003906
L3,Dg,4.620250306200217,0.5003648311289075,175.968994140625,97.4489974975586
L3,Dg,4.8202290826938246,0.5389637000050462,178.36300659179688,95.46499633789062
L3,Dg,5.02023584121522,0.5751499818691728,180.66000366210938,93.6050033569336
L3,Dg,5.220219707916458,0.6090407882724421,182.86700439453125,91.86299896240234
L3,Dg,5.420297509630055,0.6409470808113948,184.99200439453125,90.2229995727539
L3,Dg,5.620279044559992,0.6708105263559877,187.03900146484375,88.68800354003906
L3,Dg,5.820010573330726,0.6989426802241863,189.01199340820312,87.24199676513672
L3,Dg,6.020124786318998,0.7253819858782837,190.9219970703125,85.88300323486328
L3,Dg,6.220290421136083,0.7502455548694353,192.77000427246094,84.6050033569336
L3,Dg,6.420402694546811,0.7736500534577273,194.5590057373047,83.4020004272461
L3,Dg,6.620035407305905,0.7956732591498837,196.28900146484375,82.2699966430664
L3,Dg,6.820321429672716,0.8164316897756346,197.97300720214844,81.2030029296875
L3,Dg,7.020200723639339,0.8360424568861351,199.60499572753906,80.19499969482422
L3,Dg,7.220058282795166,0.854583189557753,201.1909942626953,79.24199676513672
L3,Dg,7.419956382564407,0.8721316652972126,202.73399353027344,78.33999633789062
L3,Dg,7.620129010453241,0.8887073284811949,204.23800659179688,77.48799896240234
L3,Dg,7.820299467629429,0.9043492162934184,205.7030029296875,76.68399810791016
L3,Dg,8.020189864225655,0.9192517725006932,207.12899780273438,75.91799926757812
L3,Dg,8.220097484250129,0.9333177752196143,208.52000427246094,75.19499969482422
L3,Dg,8.420215583679926,0.9467612610240296,209.87899780273438,74.50399780273438
L3,Dg,8.620475797699763,0.9594459708468152,211.20700073242188,73.85199737548828
L3,Dg,8.820032765062196,0.9716053856385001,212.5,73.22699737548828
L3,Dg,9.020537229749499,0.9830838019552796,213.77000427246094,72.63700103759766
L3,Dg,9.22037389867883,0.9941148491780388,215.00799560546875,72.06999969482422
L3,Dg,9.420136050056932,1.0019357930841506,216.218994140625,71.66799926757812
L3,Dg,9.62014098950313,1.014542725400212,217.406005859375,71.0199966430664
L3,Dg,9.82039202009351,1.0241339981664364,218.57000732421875,70.5270004272461
L3,Dg,10.020020460215934,1.0332390130852784,219.70700073242188,70.05899810791016
L3,Dg,10.220090496570826,1.0419159548564247,220.82400512695312,69.61299896240234
L3,Dg,10.420648106358215,1.0502621937936372,221.9219970703125,69.18399810791016
L3,Dg,10.620631461213499,1.0582581370898783,222.99600219726562,68.77300262451172
L3,Dg,10.820045159012778,1.0659235259825417,224.0469970703125,68.37899780273438
L3,Dg,11.020083553813118,1.0732969523642768,225.08200073242188,68.0
L3,Dg,11.220046960806533,1.0802813427820346,226.09800720214844,67.64099884033203
L3,Dg,11.420402862588864,1.0871294741326691,227.09800720214844,67.28900146484375
L3,Dg,11.620221486226011,1.0935885695193264,228.0780029296875,66.95700073242188
L3,Dg,11.820397766214592,1.0998141839554547,229.04299926757812,66.63700103759766
L3,Dg,12.02061965738908,1.1059036877548158,229.99200439453125,66.3239974975586
L3,Dg,12.220120171399534,1.1116817846665676,230.9219970703125,66.0270004272461
L3,Dg,12.420294889434377,1.117226549058147,231.83999633789062,65.74199676513672
L3,Dg,12.620176165169772,1.1226156100059217,232.74200439453125,65.46499633789062
L3,Dg,12.820773968188977,1.1277906343798487,233.63299560546875,65.1989974975586
L3,Dg,13.020874393286155,1.1328099553099709,234.50799560546875,64.94100189208984
L3,Dg,13.220355539092523,1.137673721226645,235.36700439453125,64.69100189208984
L3,Dg,13.420275661857053,1.14230400619279,236.21499633789062,64.4530029296875
L3,Dg,13.620327429082554,1.1467787361454869,237.05099487304688,64.2229995727539
L3,Dg,13.820427246796422,1.1511950587529625,237.875,63.99599838256836
L3,Dg,14.020736379939809,1.1553779004099092,238.68800354003906,63.78099822998047
L3,Dg,14.220676168529035,1.1594828903449537,239.48800659179688,63.56999969482422
L3,Dg,14.420654977431303,1.1634322510513715,240.27699279785156,63.367000579833984
L3,Dg,14.62060272354268,1.1672259825291629,241.05499267578125,63.172000885009766
L3,Dg,14.819916356261542,1.1709613808769113,241.82000732421875,62.97999954223633
L3,Dg,15.020081005597804,1.174521631404174,242.5780029296875,62.797000885009766
L3,Dg,15.220795011884128,1.1780235488013935,243.3280029296875,62.617000579833984
L3,Dg,15.420096895649882,1.1813698369699863,244.06300354003906,62.44499969482422
L3,Dg,15.620624659378862,1.1846382734166772,244.79299926757812,62.277000427246094
L3,Dg,15.820679223604822,1.1878289323566436,245.51199340820312,62.112998962402344
L3,Dg,16.0210328147314,1.190941739574708,246.22300720214844,61.952999114990234
L3,Dg,16.220471343577326,1.1938989175641457,246.9219970703125,61.80099868774414
L3,Dg,16.420073136752514,1.196797688208362,247.61300659179688,61.652000427246094
L3,Dg,16.620066253569068,1.1996770144758975,248.2969970703125,61.50400161743164
L3,Dg,16.82011928108804,1.2024202301066655,248.97300720214844,61.362998962402344
L3,Dg,17.020166897111412,1.2050660754236722,249.64100646972656,61.22700119018555
L3,Dg,17.220151975494815,1.207731439332538,250.30099487304688,61.09000015258789
L3,Dg,17.420026150847217,1.2102411740127772,250.9530029296875,60.96099853515625
L3,Dg,17.621282715660662,1.2127508344778384,251.6020050048828,60.832000732421875
L3,Dg,17.820763388942165,1.2151049399294511,252.23800659179688,60.71099853515625
L3,Dg,18.02026829086838,1.2174589711658859,252.86700439453125,60.59000015258789
L3,Dg,18.220717346769273,1.2197352248955964,253.49200439453125,60.472999572753906
L3,Dg,18.42078408324693,1.222030923001988,254.10899353027344,60.35499954223633
L3,Dg,18.620744196241045,1.224151547503072,254.718994140625,60.24599838256836
L3,Dg,18.819880948890514,1.2262720977889776,255.32000732421875,60.137001037597656
L3,Dg,19.02013022763586,1.2283343891600187,255.91799926757812,60.03099822998047
L3,Dg,19.22115010832446,1.2303771619392003,256.5119934082031,59.92599868774414
L3,Dg,19.420171651891426,1.2323615273731607,257.093994140625,59.82400131225586
L3,Dg,19.621253924113045,1.234248670923716,257.6759948730469,59.72700119018555
L3,Dg,19.820210459432268,1.2361552588509521,258.2460021972656,59.62900161743164
L3,Dg,20.02011379713055,1.237984069271464,258.81298828125,59.53499984741211
L4,S,0.4200074767600078,1.039250590947559,40.487998962402344,69.75
L4,S,0.5200116089068654,0.992363816264251,52.55500030517578,72.16000366210938
L4,S,0.6200065417003507,0.9448546730967933,62.492000579833984,74.60199737548828
L4,S,0.7200151408053941,0.8967617533378355,70.94100189208984,77.0739974975586
L4,S,0.820018899018055,0.8483379823145872,78.28900146484375,79.56300354003906
L4,S,0.9199998022237779,0.7997003231478477,84.78900146484375,82.06300354003906
L4,S,1.020039202809023,0.7510043308510649,90.62100219726562,84.56600189208984
L4,S,1.120060042264741,0.7023666716843253,95.90599822998047,87.06600189208984
L4,S,1.2199806816951408,0.6540208265981576,100.73400115966797,89.5510025024414
L4,S,1.320048094814633,0.6059863883995992,105.18800354003906,92.0199966430664
L4,S,1.4200302522261463,0.5583408377346616,109.31300354003906,94.46900177001953
L4,S,1.5199795134394642,0.5113762855446294,113.15599822998047,96.88300323486328
L4,S,1.6200389078328188,0.4649371768160543,116.75800323486328,99.2699966430664
L4,S,1.720004903403966,0.41927614001543345,120.14099884033203,101.61699676513672
L4,S,1.8200731694185144,0.37443221232648527,123.33599853515625,103.9219970703125
L4,S,1.9199732662260978,0.3304248381258908,126.3550033569336,106.18399810791016
L4,S,2.0200938156119004,0.2872734617903311,129.2270050048828,108.4020004272461
L4,S,2.1200999343856055,0.24501712050352453,131.95700073242188,110.5739974975586
L4,S,2.220022077833391,0.20383066522524415,134.5590057373047,112.69100189208984
L4,S,2.320131443725087,0.16353924499571695,137.05099487304688,114.76200103759766
L4,S,2.4200826474508745,0.12425952607502919,139.4340057373047,116.78099822998047
L4,S,2.520142966126788,0.08603024878618654,141.72300720214844,118.74600219726562
L4,S,2.620162720169649,0.04887115436658277,143.9219970703125,120.65599822998047
L4,S,2.7200094677248385,0.012762501578824139,146.03500366210938,122.51200103759766
L4,S,2.820164487366923,1.424931433286569e-08,148.0780029296875,123.16799926757812
L4,S,20.02011379713055,1.424931433286569e-08,258.81298828125,123.16799926757812
L4,Dg,2.7200094677248385,1.424931433286569e-08,146.03500366210938,123.16799926757812
L4,Dg,2.820164487366923,0.022275996838324288,148.0780029296875,122.02300262451172
L4,Dg,2.920179880074417,0.056322358255042025,150.0469970703125,120.27300262451172
L4,Dg,3.0201593926998718,0.08937661116995774,151.94900512695312,118.5739974975586
L4,Dg,3.12013550202536,0.12136068121563458,153.78900146484375,116.93000030517578
L4,Dg,3.220057308971567,0.15229430962946627,155.57000732421875,115.33999633789062
L4,Dg,3.3200034792358477,0.18223553268078327,157.2969970703125,113.8010025024414
L4,Dg,3.420206587410643,0.2111263141002551,158.9770050048828,112.31600189208984
L4,Dg,3.5200052173094534,0.23908332014796804,160.6020050048828,110.87899780273438
L4,Dg,3.620215977463124,0.26606751364020365,162.18800354003906,109.49199676513672
L4,Dg,3.7201838204765845,0.2920594502002809,163.7270050048828,108.15599822998047
L4,Dg,3.8200037908211,0.31713705576528023,165.22300720214844,106.86699676513672
L4,Dg,3.920072721942199,0.34122240439812124,166.6840057373047,105.62899780273438
L4,Dg,4.020199896783157,0.36447119954260854,168.10899353027344,104.43399810791016
L4,Dg,4.120114034382887,0.3869028855754231,169.49600219726562,103.28099822998047
L4,Dg,4.220194725802277,0.4084006478061225,170.8520050048828,102.1760025024414
L4,Dg,4.320257859568682,0.4290814493555055,172.17599487304688,101.11299896240234
L4,Dg,4.420268297149086,0.4489061046094975,173.468994140625,100.09400177001953
L4,Dg,4.520033295784247,0.4680693541956214,174.72999572753906,99.10900115966797
L4,Dg,4.620250306200217,0.48637660591671056,175.968994140625,98.16799926757812
L4,Dg,4.720015413595534,0.5039250816561701,177.17599487304688,97.26599884033203
L4,Dg,4.8202290826938246,0.5208120032974054,178.36300659179688,96.39800262451172
L4,Dg,4.920216567930562,0.5369986305174106,179.5229949951172,95.56600189208984
L4,Dg,5.02023584121522,0.5524849633161857,180.66000366210938,94.7699966430664
L4,Dg,5.120111346381957,0.56730959358638,181.7729949951172,94.00800323486328
L4,Dg,5.220219707916458,0.58160907725583,182.86700439453125,93.27300262451172
L4,Dg,5.3201182341339255,0.595286044010774,183.93800354003906,92.56999969482422
L4,Dg,5.420297509630055,0.6083597897975367,184.99200439453125,91.89800262451172
L4,Dg,5.520114566645624,0.6208110186697936,186.0229949951172,91.25800323486328
L4,Dg,5.620279044559992,0.6328148784480302,187.03900146484375,90.64099884033203
L4,Dg,5.7202353579453025,0.6442932947648097,188.03500366210938,90.0510025024414
L4,Dg,5.820010573330726,0.655324341987569,189.01199340820312,89.48400115966797
L4,Dg,5.920270852100913,0.6658884273092706,189.9770050048828,88.94100189208984
L4,Dg,6.020124786318998,0.675985699160271,190.9219970703125,88.4219970703125
L4,Dg,6.120039590360322,0.6856353050565384,191.8520050048828,87.9260025024414
L4,Dg,6.220290421136083,0.694915467795866,192.77000427246094,87.4489974975586
L4,Dg,6.320392584166732,0.7037285202037797,193.6719970703125,86.99600219726562
L4,Dg,6.420402694546811,0.7122304625847968,194.5590057373047,86.55899810791016
L4,Dg,6.520146093102277,0.7204404424548856,195.42999267578125,86.13700103759766
L4,Dg,6.620035407305905,0.7282030532309542,196.28900146484375,85.73799896240234
L4,Dg,6.720144537307789,0.7357127386798129,197.13699340820312,85.35199737548828
L4,Dg,6.820321429672716,0.7429499059944245,197.97300720214844,84.9800033569336
L4,Dg,6.920029029653137,0.749778741398734,198.79299926757812,84.62899780273438
L4,Dg,7.020200723639339,0.7563933917988396,199.60499572753906,84.28900146484375
L4,Dg,7.119932013413615,0.7627747096787727,200.40199279785156,83.96099853515625
L4,Dg,7.220058282795166,0.7688640650477775,201.1909942626953,83.64800262451172
L4,Dg,7.320167076930869,0.7747006435199287,201.968994140625,83.3479995727539
L4,Dg,7.419956382564407,0.7803231854182323,202.73399353027344,83.05899810791016
L4,Dg,7.520175778592676,0.785731690742688,203.49200439453125,82.78099822998047
L4,Dg,7.620129010453241,0.7909650482466581,204.23800659179688,82.51200103759766
L4,Dg,7.720453647020995,0.7959845176071367,204.9770050048828,82.25399780273438
L4,Dg,7.820299467629429,0.8007703575867302,205.7030029296875,82.00800323486328
L4,Dg,7.9204546558007145,0.8054007909832317,206.4219970703125,81.7699966430664
L4,Dg,8.020189864225655,0.8098948168822532,207.12899780273438,81.53900146484375
L4,Dg,8.120031742087628,0.8141555102611022,207.8280029296875,81.31999969482422
L4,Dg,8.220097484250129,0.8183382777028708,208.52000427246094,81.1050033569336
L4,Dg,8.320070525448532,0.8222877126244669,209.2030029296875,80.9020004272461
L4,Dg,8.420215583679926,0.8261592216089825,209.87899780273438,80.7030029296875
L4,Dg,8.520360179908323,0.8298751755800498,210.5469970703125,80.51200103759766
L4,Dg,8.620475797699763,0.8334548704839935,211.20700073242188,80.3280029296875
L4,Dg,8.71991420919271,0.8368790103744888,211.85499572753906,80.1520004272461
L4,Dg,8.820032765062196,0.8402252243279037,212.5,79.9800033569336
L4,Dg,8.920036003182345,0.8434742163979133,213.13699340820312,79.81300354003906
L4,Dg,9.020537229749499,0.8466065422078367,213.77000427246094,79.6520004272461
L4,Dg,9.120232118248856,0.8496414977039987,214.39100646972656,79.49600219726562
L4,Dg,9.22037389867883,0.8525208981867122,215.00799560546875,79.3479995727539
L4,Dg,9.320298693695685,0.8553418171090262,215.61700439453125,79.2030029296875
L4,Dg,9.420136050056932,0.8580655141479352,216.218994140625,79.06300354003906
L4,Dg,9.520202048310903,0.860730878056801,216.8159942626953,78.9260025024414
L4,Dg,9.62014098950313,0.8633184644589427,217.406005859375,78.79299926757812
L4,Dg,9.72043859101014,0.8657503474172796,217.99200439453125,78.66799926757812
L4,Dg,9.82039202009351,0.8681822303756166,218.57000732421875,78.54299926757812
L4,Dg,9.920143446945136,0.8705363358272294,219.14100646972656,78.4219970703125
L4,Dg,10.020020460215934,0.8727347378350376,219.70700073242188,78.30899810791016
L4,Dg,10.120367319898854,0.8749525842195268,220.27000427246094,78.19499969482422
L4,Dg,10.220090496570826,0.8770732087206108,220.82400512695312,78.08599853515625
L4,Dg,10.320247223037638,0.8791938332216949,221.375,77.97699737548828
L4,Dg,10.420648106358215,0.8811781986556552,221.9219970703125,77.875
L4,Dg,10.520536799005619,0.8831625640896156,222.46099853515625,77.77300262451172
L4,Dg,10.620631461213499,0.8850497076401708,222.99600219726562,77.6760025024414
L4,Dg,10.720158353996036,0.8868785180606829,223.5229949951172,77.58200073242188
L4,Dg,10.820045159012778,0.8886295509744708,224.0469970703125,77.49199676513672
L4,Dg,10.919895311174558,0.8903804354579024,224.5659942626953,77.4020004272461
L4,Dg,11.020083553813118,0.8921118755646529,225.08200073242188,77.31300354003906
L4,Dg,11.120401110726446,0.8937266494113172,225.593994140625,77.2300033569336
L4,Dg,11.220046960806533,0.8953804604416999,226.09800720214844,77.1449966430664
L4,Dg,11.320582643565437,0.8969173083512838,226.6020050048828,77.06600189208984
L4,Dg,11.420402862588864,0.8984348603145429,227.09800720214844,76.98799896240234
L4,Dg,11.5202849544201,0.8999522638474456,227.58999633789062,76.91000366210938
L4,Dg,11.620221486226011,0.9013920383039806,228.0780029296875,76.83599853515625
L4,Dg,11.720401361171325,0.902753886823435,228.56300354003906,76.76599884033203
L4,Dg,11.820397766214592,0.9041351797195706,229.04299926757812,76.69499969482422
L4,Dg,11.920616300630169,0.905497028239025,229.52000427246094,76.625
L4,Dg,12.02061965738908,0.9067810992517553,229.99200439453125,76.55899810791016
L4,Dg,12.119959436730062,0.9080846146411666,230.45700073242188,76.49199676513672
L4,Dg,12.220120171399534,0.9092907597168165,230.9219970703125,76.43000030517578
L4,Dg,12.320236851206644,0.9105164975995036,231.38299560546875,76.36699676513672
L4,Dg,12.420294889434377,0.9117226426751535,231.83999633789062,76.30500030517578
L4,Dg,12.520279592880827,0.9128704546207601,232.29299926757812,76.24600219726562
L4,Dg,12.620176165169772,0.9139988221896858,232.74200439453125,76.18800354003906
L4,Dg,12.720193006532407,0.9150688566285683,233.18800354003906,76.13300323486328
L4,Dg,12.820773968188977,0.9162168170045313,233.63299560546875,76.0739974975586
L4,Dg,12.920325152412262,0.9172674070667328,234.07000732421875,76.0199966430664
L4,Dg,13.020874393286155,0.9182595155685348,234.50799560546875,75.96900177001953
L4,Dg,13.220355539092523,0.9202440294328516,235.36700439453125,75.86699676513672
L4,Dg,13.320411787590983,0.9212361379346536,235.79299926757812,75.81600189208984
L4,Dg,13.420275661857053,0.922208950490131,236.21499633789062,75.76599884033203
L4,Dg,13.520888221189498,0.9231232814852088,236.63699340820312,75.71900177001953
L4,Dg,13.620327429082554,0.924037760910643,237.05099487304688,75.6719970703125
L4,Dg,13.720497961420026,0.9248743143989967,237.46499633789062,75.62899780273438
L4,Dg,13.820427246796422,0.9257886453940746,237.875,75.58200073242188
L4,Dg,14.020736379939809,0.927461752370782,238.68800354003906,75.49600219726562
L4,Dg,14.12085006386884,0.9282205283524115,239.08999633789062,75.45700073242188
L4,Dg,14.220676168529035,0.9290570818407653,239.48800659179688,75.41400146484375
L4,Dg,14.420654977431303,0.9305746338040244,240.27699279785156,75.33599853515625
L4,Dg,14.520800376683608,0.9313334097856539,240.66799926757812,75.2969970703125
L4,Dg,14.72083259688302,0.9328508133185567,241.4409942626953,75.21900177001953
L4,Dg,14.819916356261542,0.9335318117934621,241.82000732421875,75.18399810791016
L4,Dg,14.920718737635447,0.9342321062146922,242.2030029296875,75.14800262451172
L4,Dg,15.220795011884128,0.9362749532090521,243.3280029296875,75.04299926757812
L4,Dg,15.420096895649882,0.9375005426613829,244.06300354003906,74.9800033569336
L4,Dg,15.520583916821254,0.9381815411362883,244.42999267578125,74.94499969482422
L4,Dg,15.620624659378862,0.9387846136741131,244.79299926757812,74.91400146484375
L4,Dg,15.720193607181187,0.9393876862119381,245.15199279785156,74.88300323486328
L4,Dg,15.820679223604822,0.9399324256197199,245.51199340820312,74.8550033569336
L4,Dg,15.9204011120941,0.9405356465879011,245.86700439453125,74.8239974975586
L4,Dg,16.0210328147314,0.9410609416190019,246.22300720214844,74.7969970703125
L4,Dg,16.12087249816036,0.9416640141568268,246.57400512695312,74.76599884033203
L4,Dg,16.320689943711905,0.9427340485957093,247.27000427246094,74.71099853515625
L4,Dg,16.520351519934202,0.9438040830345918,247.95700073242188,74.65599822998047
L4,Dg,16.620066253569068,0.9443293780656926,248.2969970703125,74.62899780273438
L4,Dg,16.720382852611696,0.9447961915363938,248.63699340820312,74.6050033569336
L4,Dg,16.82011928108804,0.9453214865674946,248.97300720214844,74.5780029296875
L4,Dg,16.920446063723695,0.9457690040918711,249.3090057373047,74.55500030517578
L4,Dg,17.020166897111412,0.9463137434996529,249.64100646972656,74.5270004272461
L4,Dg,17.120475436318117,0.9467612610240296,249.97300720214844,74.50399780273438
L4,Dg,17.320413515815012,0.9476755920191074,250.62899780273438,74.45700073242188
L4,Dg,17.621282715660662,0.9490374405385619,251.6020050048828,74.38700103759766
L4,Dg,17.720113032694854,0.9494266249328953,251.91799926757812,74.36699676513672
L4,Dg,17.820763388942165,0.9498739940269155,252.23800659179688,74.34400177001953
L4,Dg,17.92102710300806,0.9502631784212491,252.55499267578125,74.3239974975586
L4,Dg,18.02026829086838,0.9507105475152693,252.86700439453125,74.3010025024414
L4,Dg,18.220717346769273,0.9514693234968988,253.49200439453125,74.26200103759766
L4,Dg,18.320638421598595,0.9519362853979565,253.80099487304688,74.23799896240234
L4,Dg,18.42078408324693,0.9523058769852526,254.10899353027344,74.21900177001953
L4,Dg,18.52049677911373,0.9526171354425055,254.41400146484375,74.2030029296875
L4,Dg,18.620744196241045,0.9529868754601579,254.718994140625,74.18399810791016
L4,Dg,18.920410036562867,0.9541346874057647,255.62100219726562,74.125
L4,Dg,19.02013022763586,0.9544459458630176,255.91799926757812,74.10900115966797
L4,Dg,19.22115010832446,0.9552047218446472,256.5119934082031,74.06999969482422
L4,Dg,19.321088169395058,0.9554965359252191,256.80499267578125,74.05500030517578
L4,Dg,19.420171651891426,0.9558077943824721,257.093994140625,74.03900146484375
L4,Dg,19.521144501570568,0.9561775344001245,257.3869934082031,74.0199966430664
L4,Dg,19.621253924113045,0.9564887928573774,257.6759948730469,74.00399780273438
L4,Dg,19.72048128859642,0.9568000513146304,257.96099853515625,73.98799896240234
L4,Dg,19.820210459432268,0.9571696429019265,258.2460021972656,73.96900177001953
L4,Dg,19.92044397432391,0.9574809013591795,258.531005859375,73.9530029296875
L4,Dg,20.02011379713055,0.9577727154397514,258.81298828125,73.93800354003906
L5,S,0.4200074767600078,0.9168976670490804,40.487998962402344,76.03900146484375
L5,S,0.5200116089068654,0.8899134735568448,52.55500030517578,77.4260025024414
L5,S,0.6200065417003507,0.8599722505055277,62.492000579833984,78.96499633789062
L5,S,0.7200151408053941,0.8272877376082645,70.94100189208984,80.6449966430664
L5,S,0.820018899018055,0.7918795276720924,78.28900146484375,82.46499633789062
L5,S,0.9199998022237779,0.7542727672977556,84.78900146484375,84.39800262451172
L5,S,1.020039202809023,0.7145844196060533,90.62100219726562,86.43800354003906
L5,S,1.120060042264741,0.6733981127581293,95.90599822998047,88.55500030517578
L5,S,1.2199806816951408,0.6310055124041991,100.73400115966797,90.73400115966797
L5,S,1.320048094814633,0.5877569141852342,105.18800354003906,92.95700073242188
L5,S,1.4200302522261463,0.5439830209351686,109.31300354003906,95.20700073242188
L5,S,1.5199795134394642,0.5000535726716546,113.15599822998047,97.46499633789062
L5,S,1.6200389078328188,0.4560461984710601,116.75800323486328,99.72699737548828
L5,S,1.720004903403966,0.41227230522099445,120.14099884033203,101.97699737548828
L5,S,1.8200731694185144,0.3688874479349059,123.33599853515625,104.20700073242188
L5,S,1.9199732662260978,0.32610581161699864,126.3550033569336,106.40599822998047
L5,S,2.0200938156119004,0.28384932189983575,129.2270050048828,108.5780029296875
L5,S,2.1200999343856055,0.24235175659465874,131.95700073242188,110.71099853515625
L5,S,2.220022077833391,0.20161281884075496,134.5590057373047,112.80500030517578
L5,S,2.320131443725087,0.16178836051228537,137.05099487304688,114.85199737548828
L5,S,2.4200826474508745,0.12287823317889368,139.4340057373047,116.85199737548828
L5,S,2.520142966126788,0.08488243684057986,141.72300720214844,118.80500030517578
L5,S,2.620162720169649,0.047878897434424396,143.9219970703125,120.70700073242188
L5,S,2.7200094677248385,0.011770244646665769,146.03500366210938,122.56300354003906
L5,S,2.820164487366923,1.424931433286569e-08,148.0780029296875,123.16799926757812
L5,S,20.02011379713055,1.424931433286569e-08,258.81298828125,123.16799926757812
L5,Dg,2.7200094677248385,1.424931433286569e-08,146.03500366210938,123.16799926757812
L5,Dg,2.820164487366923,0.023171031887077462,148.0780029296875,121.97699737548828
L5,Dg,2.920179880074417,0.05729517081051935,150.0469970703125,120.2229995727539
L5,Dg,3.0201593926998718,0.09036871967175976,151.94900512695312,118.52300262451172
L5,Dg,3.12013550202536,0.1224307156545171,153.78900146484375,116.875
L5,Dg,3.220057308971567,0.1535198990817971,155.57000732421875,115.2770004272461
L5,Dg,3.3200034792358477,0.18361682557691875,157.2969970703125,113.7300033569336
L5,Dg,3.420206587410643,0.21279942107696254,158.9770050048828,112.2300033569336
L5,Dg,3.5200052173094534,0.24098990807520426,160.6020050048828,110.78099822998047
L5,Dg,3.620215977463124,0.26826591564801183,162.18800354003906,109.37899780273438
L5,Dg,3.7201838204765845,0.294569110665342,163.7270050048828,108.0270004272461
L5,Dg,3.8200037908211,0.32001630781763746,165.22300720214844,106.71900177001953
L5,Dg,3.920072721942199,0.34464639585826023,166.6840057373047,105.4530029296875
L5,Dg,4.020199896783157,0.36836215290380514,168.10899353027344,104.23400115966797
L5,Dg,4.120114034382887,0.3912996895910395,169.49600219726562,103.05500030517578
L5,Dg,4.220194725802277,0.413342339659877,170.8520050048828,101.9219970703125
L5,Dg,4.320257859568682,0.43470399125380904,172.17599487304688,100.8239974975586
L5,Dg,4.420268297149086,0.4552096449827064,173.468994140625,99.7699966430664
L5,Dg,4.520033295784247,0.47505374461337935,174.72999572753906,98.75
L5,Dg,4.620250306200217,0.4941197723160981,175.968994140625,97.7699966430664
L5,Dg,4.720015413595534,0.5126020234273166,177.17599487304688,96.81999969482422
L5,Dg,4.8202290826938246,0.5303060541802245,178.36300659179688,95.91000366210938
L5,Dg,4.920216567930562,0.5474071608256639,179.5229949951172,95.03099822998047
L5,Dg,5.02023584121522,0.563885602126241,180.66000366210938,94.18399810791016
L5,Dg,5.120111346381957,0.5797804152656743,181.7729949951172,93.36699676513672
L5,Dg,5.220219707916458,0.5950525630602451,182.86700439453125,92.58200073242188
L5,Dg,5.3201182341339255,0.6097995642540717,183.93800354003906,91.8239974975586
L5,Dg,5.420297509630055,0.6240016776097601,184.99200439453125,91.09400177001953
L5,Dg,5.520114566645624,0.6376786443647041,186.0229949951172,90.39099884033203
L5,Dg,5.620279044559992,0.6509080935952716,187.03900146484375,89.71099853515625
L5,Dg,5.7202353579453025,0.6635928034180572,188.03500366210938,89.05899810791016
L5,Dg,5.820010573330726,0.6759077732231904,189.01199340820312,88.4260025024414
L5,Dg,5.920270852100913,0.6876975964275792,189.9770050048828,87.81999969482422
L5,Dg,6.020124786318998,0.6990982352376346,190.9219970703125,87.23400115966797
L5,Dg,6.120039590360322,0.7101098380837129,191.8520050048828,86.66799926757812
L5,Dg,6.220290421136083,0.7206739234054145,192.77000427246094,86.125
L5,Dg,6.320392584166732,0.7309267502698631,193.6719970703125,85.5979995727539
L5,Dg,6.420402694546811,0.7408099855470157,194.5590057373047,85.08999633789062
L5,Dg,6.520146093102277,0.750381813936559,195.42999267578125,84.5979995727539
L5,Dg,6.620035407305905,0.7595840507388062,196.28900146484375,84.125
L5,Dg,6.720144537307789,0.7684750290838004,197.13699340820312,83.66799926757812
L5,Dg,6.820321429672716,0.7770547489715416,197.97300720214844,83.22699737548828
L5,Dg,6.920029029653137,0.7853425063483546,198.79299926757812,82.8010025024414
L5,Dg,7.020200723639339,0.7933191536982709,199.60499572753906,82.39099884033203
L5,Dg,7.119932013413615,0.8010817644743395,200.40199279785156,81.99199676513672
L5,Dg,7.220058282795166,0.8086107458695229,201.1909942626953,81.6050033569336
L5,Dg,7.320167076930869,0.8158286172378096,201.968994140625,81.23400115966797
L5,Dg,7.419956382564407,0.8228907851622919,202.73399353027344,80.87100219726562
L5,Dg,7.520175778592676,0.829661139006202,203.49200439453125,80.52300262451172
L5,Dg,7.620129010453241,0.8361785675229023,204.23800659179688,80.18800354003906
L5,Dg,7.720453647020995,0.8425793297795164,204.9770050048828,79.85900115966797
L5,Dg,7.820299467629429,0.8487271667089208,205.7030029296875,79.54299926757812
L5,Dg,7.9204546558007145,0.8547387445712014,206.4219970703125,79.23400115966797
L5,Dg,8.020189864225655,0.8604973971062722,207.12899780273438,78.93800354003906
L5,Dg,8.120031742087628,0.8661393833812567,207.8280029296875,78.64800262451172
L5,Dg,8.220097484250129,0.871606370266112,208.52000427246094,78.36699676513672
L5,Dg,8.320070525448532,0.8769175052768061,209.2030029296875,78.09400177001953
L5,Dg,8.420215583679926,0.8820147521440089,209.87899780273438,77.83200073242188
L5,Dg,8.520360179908323,0.8869562955674071,210.5469970703125,77.5780029296875
L5,Dg,8.620475797699763,0.891820061484081,211.20700073242188,77.3280029296875
L5,Dg,8.71991420919271,0.8964504948805825,211.85499572753906,77.08999633789062
L5,Dg,8.820032765062196,0.9010222982863282,212.5,76.8550033569336
L5,Dg,8.920036003182345,0.905497028239025,213.13699340820312,76.625
L5,Dg,9.020537229749499,0.9098354991245983,213.77000427246094,76.4020004272461
L5,Dg,9.120232118248856,0.9139988221896858,214.39100646972656,76.18800354003906
L5,Dg,9.22037389867883,0.9179677014879629,215.00799560546875,75.98400115966797
L5,Dg,9.320298693695685,0.9219949139162832,215.61700439453125,75.7770004272461
L5,Dg,9.420136050056932,0.9258664229007988,216.218994140625,75.5780029296875
L5,Dg,9.520202048310903,0.9295045993651418,216.8159942626953,75.39099884033203
L5,Dg,9.62014098950313,0.9332399977128902,217.406005859375,75.1989974975586
L5,Dg,9.72043859101014,0.9368002482401528,217.99200439453125,75.01599884033203
L5,Dg,9.82039202009351,0.9402243881306481,218.57000732421875,74.83999633789062
L5,Dg,9.920143446945136,0.943570602084063,219.14100646972656,74.66799926757812
L5,Dg,10.020020460215934,0.9468390385307537,219.70700073242188,74.5
L5,Dg,10.120367319898854,0.9500296974707202,220.27000427246094,74.33599853515625
L5,Dg,10.220090496570826,0.9530646529668821,220.82400512695312,74.18000030517578
L5,Dg,10.320247223037638,0.956119052839725,221.375,74.02300262451172
L5,Dg,10.420648106358215,0.9589984533224386,221.9219970703125,73.875
L5,Dg,10.520536799005619,0.9618778538051521,222.46099853515625,73.72699737548828
L5,Dg,10.620631461213499,0.9646987727274663,222.99600219726562,73.58200073242188
L5,Dg,10.720158353996036,0.9674419141430562,223.5229949951172,73.44100189208984
L5,Dg,10.820045159012778,0.970087833675241,224.0469970703125,73.30500030517578
L5,Dg,10.919895311174558,0.9727531975841068,224.5659942626953,73.16799926757812
L5,Dg,11.020083553813118,0.9752628580491679,225.08200073242188,73.03900146484375
L5,Dg,11.120401110726446,0.9777725185142291,225.593994140625,72.91000366210938
L5,Dg,11.220046960806533,0.9801266239658418,226.09800720214844,72.78900146484375
L5,Dg,11.320582643565437,0.9825585069241789,226.6020050048828,72.66400146484375
L5,Dg,11.420402862588864,0.9848348348690675,227.09800720214844,72.5469970703125
L5,Dg,11.5202849544201,0.9871110143835998,227.58999633789062,72.43000030517578
L5,Dg,11.620221486226011,0.989328860768089,228.0780029296875,72.31600189208984
L5,Dg,11.720401361171325,0.9914494852691731,228.56300354003906,72.20700073242188
L5,Dg,11.820397766214592,0.9935701097702571,229.04299926757812,72.0979995727539
L5,Dg,11.920616300630169,0.995632401141298,229.52000427246094,71.99199676513672
L5,Dg,12.02061965738908,0.9975973221985773,229.99200439453125,71.89099884033203
L5,Dg,12.119959436730062,0.9995816876325377,230.45700073242188,71.78900146484375
L5,Dg,12.220120171399534,1.001488275559774,230.9219970703125,71.69100189208984
L5,Dg,12.320236851206644,1.003297641603605,231.38299560546875,71.5979995727539
L5,Dg,12.420294889434377,1.005126452024117,231.83999633789062,71.50399780273438
L5,Dg,12.520279592880827,1.0069551140142727,232.29299926757812,71.41000366210938
L5,Dg,12.620176165169772,1.0087061469280607,232.74200439453125,71.31999969482422
L5,Dg,12.820773968188977,1.0120523608814755,233.63299560546875,71.14800262451172
L5,Dg,12.920325152412262,1.013706023481502,234.07000732421875,71.06300354003906
L5,Dg,13.020874393286155,1.0152430198214422,234.50799560546875,70.98400115966797
L5,Dg,13.220355539092523,1.0182779753176041,235.36700439453125,70.8280029296875
L5,Dg,13.320411787590983,1.0197955272808632,235.79299926757812,70.75
L5,Dg,13.420275661857053,1.0212351533070418,236.21499633789062,70.6760025024414
L5,Dg,13.520888221189498,1.022538668696453,236.63699340820312,70.60900115966797
L5,Dg,13.620327429082554,1.0239005172159075,237.05099487304688,70.53900146484375
L5,Dg,13.720497961420026,1.0256515501296954,237.46499633789062,70.4489974975586
L5,Dg,13.820427246796422,1.0272468795996788,237.875,70.36699676513672
L5,Dg,13.920099335432088,1.0285308021820527,238.281005859375,70.3010025024414
L5,Dg,14.020736379939809,1.0299120950781882,238.68800354003906,70.2300033569336
L5,Dg,14.12085006386884,1.0312739435976426,239.08999633789062,70.16000366210938
L5,Dg,14.220676168529035,1.0326359405474534,239.48800659179688,70.08999633789062
L5,Dg,14.420654977431303,1.0352233785192386,240.27699279785156,69.95700073242188
L5,Dg,14.520800376683608,1.0365852270386933,240.66799926757812,69.88700103759766
L5,Dg,14.62060272354268,1.0377330389842998,241.05499267578125,69.8280029296875
L5,Dg,14.72083259688302,1.0390171099970302,241.4409942626953,69.76200103759766
L5,Dg,14.819916356261542,1.0401649219426368,241.82000732421875,69.7030029296875
L5,Dg,14.920718737635447,1.0414489929553672,242.2030029296875,69.63700103759766
L5,Dg,15.020081005597804,1.0425968049009737,242.5780029296875,69.5780029296875
L5,Dg,15.12010496154371,1.0436668393398563,242.9530029296875,69.52300262451172
L5,Dg,15.220795011884128,1.0447953553391383,243.3280029296875,69.46499633789062
L5,Dg,15.520583916821254,1.0479858658487486,244.42999267578125,69.3010025024414
L5,Dg,15.620624659378862,1.049055900287631,244.79299926757812,69.24600219726562
L5,Dg,15.820679223604822,1.051176524788715,245.51199340820312,69.13700103759766
L5,Dg,16.0210328147314,1.0530053352092272,246.22300720214844,69.04299926757812
L5,Dg,16.12087249816036,1.0541531471548338,246.57400512695312,68.98400115966797
L5,Dg,16.220471343577326,1.0549897006431876,246.9219970703125,68.94100189208984
L5,Dg,16.320689943711905,1.0558847356919407,247.27000427246094,68.8949966430664
L5,Dg,16.420073136752514,1.0567212891802944,247.61300659179688,68.85199737548828
L5,Dg,16.520351519934202,1.0577133976820965,247.95700073242188,68.8010025024414
L5,Dg,16.620066253569068,1.0587056546142548,248.2969970703125,68.75
L5,Dg,16.720382852611696,1.0595422081026085,248.63699340820312,68.70700073242188
L5,Dg,16.82011928108804,1.0603787615909623,248.97300720214844,68.66400146484375
L5,Dg,16.920446063723695,1.0612932410163964,249.3090057373047,68.61699676513672
L5,Dg,17.020166897111412,1.0620518685676696,249.64100646972656,68.5780029296875
L5,Dg,17.120475436318117,1.0628884220560233,249.97300720214844,68.53500366210938
L5,Dg,17.220151975494815,1.0637251239747334,250.30099487304688,68.49199676513672
L5,Dg,17.320413515815012,1.0644837515260066,250.62899780273438,68.4530029296875
L5,Dg,17.520206943327814,1.0660013034892657,251.27699279785156,68.375
L5,Dg,17.621282715660662,1.0668378569776196,251.6020050048828,68.33200073242188
L5,Dg,17.720113032694854,1.0675188554525248,251.91799926757812,68.2969970703125
L5,Dg,17.820763388942165,1.068277483003798,252.23800659179688,68.25800323486328
L5,Dg,17.92102710300806,1.0690362589854276,252.55499267578125,68.21900177001953
L5,Dg,18.02026829086838,1.069717257460333,252.86700439453125,68.18399810791016
L5,Dg,18.120372246242848,1.0704760334419625,253.17999267578125,68.1449966430664
L5,Dg,18.220717346769273,1.0711763278631927,253.49200439453125,68.10900115966797
L5,Dg,18.320638421598595,1.0717016228942935,253.80099487304688,68.08200073242188
L5,Dg,18.42078408324693,1.0725381763826471,254.10899353027344,68.03900146484375
L5,Dg,18.620744196241045,1.0739000249021016,254.718994140625,67.96900177001953
L5,Dg,18.720214622240466,1.0744447643098833,255.02000427246094,67.94100189208984
L5,Dg,18.819880948890514,1.0752813177982372,255.32000732421875,67.89800262451172
L5,Dg,18.920410036562867,1.0757288353226138,255.62100219726562,67.875
L5,Dg,19.02013022763586,1.0764098337975192,255.91799926757812,67.83999633789062
L5,Dg,19.120375994871765,1.077012906335344,256.2149963378906,67.80899810791016
L5,Dg,19.22115010832446,1.0777132007565742,256.5119934082031,67.77300262451172
L5,Dg,19.321088169395058,1.078238495787675,256.80499267578125,67.74600219726562
L5,Dg,19.420171651891426,1.0789194942625802,257.093994140625,67.71099853515625
L5,Dg,19.521144501570568,1.079444789293681,257.3869934082031,67.68399810791016
L5,Dg,19.621253924113045,1.080067306208187,257.6759948730469,67.6520004272461
L5,Dg,19.72048128859642,1.0805926012392877,257.96099853515625,67.625
L5,Dg,19.820210459432268,1.0811956737771125,258.2460021972656,67.59400177001953
L5,Dg,19.92044397432391,1.0817404131848944,258.531005859375,67.56600189208984
L5,Dg,20.02011379713055,1.082265708215995,258.81298828125,67.53900146484375
L6,S,0.4200074767600078,0.9787647754463874,40.487998962402344,72.85900115966797
L6,S,0.5200116089068654,0.941138719125726,52.55500030517578,74.79299926757812
L6,S,0.6200065417003507,0.9017810742679577,62.492000579833984,76.81600189208984
L6,S,0.7200151408053941,0.860730878056801,70.94100189208984,78.9260025024414
L6,S,0.820018899018055,0.8183967592632703,78.28900146484375,81.10199737548828
L6,S,0.9199998022237779,0.7749341244704576,84.78900146484375,83.33599853515625
L6,S,1.020039202809023,0.7307127136960153,90.62100219726562,85.60900115966797
L6,S,1.120060042264741,0.6857132309936188,95.90599822998047,87.9219970703125
L6,S,1.2199806816951408,0.6404217857802941,100.73400115966797,90.25
L6,S,1.320048094814633,0.5948970080467968,105.18800354003906,92.58999633789062
L6,S,1.4200302522261463,0.5494498593896674,109.31300354003906,94.9260025024414
L6,S,1.5199795134394642,0.5040806366696184,113.15599822998047,97.25800323486328
L6,S,1.6200389078328188,0.45910059834390304,116.75800323486328,99.56999969482422
L6,S,1.720004903403966,0.4145679291122078,120.14099884033203,101.85900115966797
L6,S,1.8200731694185144,0.3705605549116133,123.33599853515625,104.12100219726562
L6,S,1.9199732662260978,0.32723417918592423,126.3550033569336,106.3479995727539
L6,S,2.0200938156119004,0.28468587538818946,129.2270050048828,108.53500366210938
L6,S,2.1200999343856055,0.24287705162575948,131.95700073242188,110.68399810791016
L6,S,2.220022077833391,0.20200185480473207,134.5590057373047,112.78500366210938
L6,S,2.320131443725087,0.1620218414628142,137.05099487304688,114.83999633789062
L6,S,2.4200826474508745,0.12295601068561784,139.4340057373047,116.8479995727539
L6,S,2.520142966126788,0.08488243684057986,141.72300720214844,118.80500030517578
L6,S,2.620162720169649,0.047801119927700246,143.9219970703125,120.71099853515625
L6,S,2.7200094677248385,0.011711911516622651,146.03500366210938,122.56600189208984
L6,S,2.820164487366923,1.424931433286569e-08,148.0780029296875,123.16799926757812
L6,S,20.02011379713055,1.424931433286569e-08,258.81298828125,123.16799926757812
L6,Dg,2.7200094677248385,1.424931433286569e-08,146.03500366210938,123.16799926757812
L6,Dg,2.820164487366923,0.023326586900525775,148.0780029296875,121.96900177001953
L6,Dg,2.920179880074417,0.05737294831724351,150.0469970703125,120.21900177001953
L6,Dg,3.0201593926998718,0.09042720123215922,151.94900512695312,118.5199966430664
L6,Dg,3.12013550202536,0.12250849316124125,153.78900146484375,116.87100219726562
L6,Dg,3.220057308971567,0.1535198990817971,155.57000732421875,115.2770004272461
L6,Dg,3.3200034792358477,0.18361682557691875,157.2969970703125,113.7300033569336
L6,Dg,3.420206587410643,0.21272164357023837,158.9770050048828,112.23400115966797
L6,Dg,3.5200052173094534,0.24083420463139962,160.6020050048828,110.78900146484375
L6,Dg,3.620215977463124,0.26795465719075884,162.18800354003906,109.3949966430664
L6,Dg,3.7201838204765845,0.29418007470136487,163.7270050048828,108.0469970703125
L6,Dg,3.8200037908211,0.31956893872361725,165.22300720214844,106.74199676513672
L6,Dg,3.920072721942199,0.3439655458137112,166.6840057373047,105.48799896240234
L6,Dg,4.020199896783157,0.36752559941545143,168.10899353027344,104.2770004272461
L6,Dg,4.120114034382887,0.390249099528838,169.49600219726562,103.10900115966797
L6,Dg,4.220194725802277,0.4120582686471467,170.8520050048828,101.98799896240234
L6,Dg,4.320257859568682,0.4331086617838258,172.17599487304688,100.90599822998047
L6,Dg,4.420268297149086,0.45340027893887536,173.468994140625,99.86299896240234
L6,Dg,4.520033295784247,0.4728553426055712,174.72999572753906,98.86299896240234
L6,Dg,4.620250306200217,0.49162940779736164,175.968994140625,97.89800262451172
L6,Dg,4.720015413595534,0.5096254010611978,177.17599487304688,96.9729995727539
L6,Dg,4.8202290826938246,0.5269598402268096,178.36300659179688,96.08200073242188
L6,Dg,4.920216567930562,0.5435939849711914,179.5229949951172,95.22699737548828
L6,Dg,5.02023584121522,0.5595665756173488,180.66000366210938,94.40599822998047
L6,Dg,5.120111346381957,0.5749166493490002,181.7729949951172,93.61699676513672
L6,Dg,5.220219707916458,0.5895857246057463,182.86700439453125,92.86299896240234
L6,Dg,5.3201182341339255,0.6037100604547105,183.93800354003906,92.13700103759766
L6,Dg,5.420297509630055,0.6173091012725741,184.99200439453125,91.43800354003906
L6,Dg,5.520114566645624,0.630305217982969,186.0229949951172,90.7699966430664
L6,Dg,5.620279044559992,0.6427758912319069,187.03900146484375,90.12899780273438
L6,Dg,5.7202353579453025,0.654701825073063,188.03500366210938,89.51599884033203
L6,Dg,5.820010573330726,0.6661802413898426,189.01199340820312,88.9260025024414
L6,Dg,5.920270852100913,0.6772112886126017,189.9770050048828,88.35900115966797
L6,Dg,6.020124786318998,0.6877753739343034,190.9219970703125,87.81600189208984
L6,Dg,6.120039590360322,0.6978726457853037,191.8520050048828,87.2969970703125
L6,Dg,6.220290421136083,0.7075222516815712,192.77000427246094,86.8010025024414
L6,Dg,6.320392584166732,0.7168024144208989,193.6719970703125,86.3239974975586
L6,Dg,6.420402694546811,0.7257711702726173,194.5590057373047,85.86299896240234
L6,Dg,6.520146093102277,0.7342729642232779,195.42999267578125,85.4260025024414
L6,Dg,6.620035407305905,0.7424051665866426,196.28900146484375,85.00800323486328
L6,Dg,6.720144537307789,0.7503040364298348,197.13699340820312,84.60199737548828
L6,Dg,6.820321429672716,0.7578331662553746,197.97300720214844,84.21499633789062
L6,Dg,6.920029029653137,0.7649731116865809,198.79299926757812,83.8479995727539
L6,Dg,7.020200723639339,0.7718991689742957,199.60499572753906,83.49199676513672
L6,Dg,7.119932013413615,0.7785915968811254,200.40199279785156,83.14800262451172
L6,Dg,7.220058282795166,0.7848951372543344,201.1909942626953,82.8239974975586
L6,Dg,7.320167076930869,0.7909650482466581,201.968994140625,82.51200103759766
L6,Dg,7.419956382564407,0.7968210710954904,202.73399353027344,82.21099853515625
L6,Dg,7.520175778592676,0.802443612993794,203.49200439453125,81.9219970703125
L6,Dg,7.620129010453241,0.8078326739415687,204.23800659179688,81.6449966430664
L6,Dg,7.720453647020995,0.8130076983154956,204.9770050048828,81.37899780273438
L6,Dg,7.820299467629429,0.8180270192456178,205.7030029296875,81.12100219726562
L6,Dg,7.9204546558007145,0.8227352301488435,206.4219970703125,80.87899780273438
L6,Dg,8.020189864225655,0.8273655151149887,207.12899780273438,80.64099884033203
L6,Dg,8.120031742087628,0.831781763507286,207.8280029296875,80.41400146484375
L6,Dg,8.220097484250129,0.8360424568861351,208.52000427246094,80.19499969482422
L6,Dg,8.320070525448532,0.8400696693144554,209.2030029296875,79.98799896240234
L6,Dg,8.420215583679926,0.8440189558056951,209.87899780273438,79.78500366210938
L6,Dg,8.520360179908323,0.8478128357138429,210.5469970703125,79.58999633789062
L6,Dg,8.620475797699763,0.8514703081245107,211.20700073242188,79.4020004272461
L6,Dg,8.71991420919271,0.8549527811450491,211.85499572753906,79.2229995727539
L6,Dg,8.820032765062196,0.858298995098464,212.5,79.0510025024414
L6,Dg,8.920036003182345,0.8615674315451547,213.13699340820312,78.88300323486328
L6,Dg,9.020537229749499,0.8646803129783971,213.77000427246094,78.7229995727539
L6,Dg,9.120232118248856,0.86773471285124,214.39100646972656,78.56600189208984
L6,Dg,9.22037389867883,0.8706141133339536,215.00799560546875,78.41799926757812
L6,Dg,9.320298693695685,0.8734350322562677,215.61700439453125,78.27300262451172
L6,Dg,9.420136050056932,0.8761587292951766,216.218994140625,78.13300323486328
L6,Dg,9.520202048310903,0.8787463156973182,216.8159942626953,78.0
L6,Dg,9.62014098950313,0.8812559761623794,217.406005859375,77.87100219726562
L6,Dg,9.72043859101014,0.8837657850577968,217.99200439453125,77.74199676513672
L6,Dg,9.82039202009351,0.8861197420790533,218.57000732421875,77.62100219726562
L6,Dg,9.920143446945136,0.8883960700239419,219.14100646972656,77.50399780273438
L6,Dg,10.020020460215934,0.8905944720317501,219.70700073242188,77.39099884033203
L6,Dg,10.120367319898854,0.8927345409095152,220.27000427246094,77.28099822998047
L6,Dg,10.220090496570826,0.8947772394735187,220.82400512695312,77.1760025024414
L6,Dg,10.320247223037638,0.8968395308445596,221.375,77.06999969482422
L6,Dg,10.420648106358215,0.8987266743951148,221.9219970703125,76.9729995727539
L6,Dg,10.520536799005619,0.9006332623223511,222.46099853515625,76.875
L6,Dg,10.620631461213499,0.9023841468057826,222.99600219726562,76.78500366210938
L6,Dg,10.720158353996036,0.9042129572262947,223.5229949951172,76.69100189208984
L6,Dg,10.820045159012778,0.9058860642030021,224.0469970703125,76.6050033569336
L6,Dg,10.919895311174558,0.9074813936729854,224.5659942626953,76.52300262451172
L6,Dg,11.020083553813118,0.9091350562730118,225.08200073242188,76.43800354003906
L6,Dg,11.120401110726446,0.9106720526129519,225.593994140625,76.35900115966797
L6,Dg,11.320582643565437,0.9137070081091139,226.6020050048828,76.2030029296875
L6,Dg,11.420402862588864,0.9151467825656487,227.09800720214844,76.12899780273438
L6,Dg,11.5202849544201,0.9165086310851033,227.58999633789062,76.05899810791016
L6,Dg,11.620221486226011,0.9178121464745146,228.0780029296875,75.99199676513672
L6,Dg,11.720401361171325,0.919173994993969,228.56300354003906,75.9219970703125
L6,Dg,11.820397766214592,0.920477361953024,229.04299926757812,75.8550033569336
L6,Dg,11.920616300630169,0.9216836554590302,229.52000427246094,75.79299926757812
L6,Dg,12.02061965738908,0.9229092449113611,229.99200439453125,75.7300033569336
L6,Dg,12.119959436730062,0.9241155384173672,230.45700073242188,75.66799926757812
L6,Dg,12.220120171399534,0.9252633503629738,230.9219970703125,75.60900115966797
L6,Dg,12.320236851206644,0.9263917179318994,231.38299560546875,75.5510025024414
L6,Dg,12.420294889434377,0.9273839748640579,231.83999633789062,75.5
L6,Dg,12.520279592880827,0.9284540093029404,232.29299926757812,75.44499969482422
L6,Dg,12.620176165169772,0.9295045993651418,232.74200439453125,75.39099884033203
L6,Dg,12.820773968188977,0.9314889647991023,233.63299560546875,75.28900146484375
L6,Dg,12.920325152412262,0.9324812217312606,234.07000732421875,75.23799896240234
L6,Dg,13.020874393286155,0.9333955527263385,234.50799560546875,75.19100189208984
L6,Dg,13.220355539092523,0.9352049187701695,235.36700439453125,75.0979995727539
L6,Dg,13.320411787590983,0.9361192497652474,235.79299926757812,75.0510025024414
L6,Dg,13.520888221189498,0.9377925051723112,236.63699340820312,74.96499633789062
L6,Dg,13.720497961420026,0.9393099087052139,237.46499633789062,74.88700103759766
L6,Dg,13.820427246796422,0.9400686846868435,237.875,74.8479995727539
L6,Dg,13.920099335432088,0.940827460668473,238.281005859375,74.80899810791016
L6,Dg,14.020736379939809,0.9416640141568268,238.68800354003906,74.76599884033203
L6,Dg,14.12085006386884,0.9423643085780569,239.08999633789062,74.7300033569336
L6,Dg,14.220676168529035,0.9431230845596864,239.48800659179688,74.69100189208984
L6,Dg,14.420654977431303,0.9444849330791408,240.27699279785156,74.62100219726562
L6,Dg,14.520800376683608,0.9451659315540463,240.66799926757812,74.58599853515625
L6,Dg,14.62060272354268,0.9457690040918711,241.05499267578125,74.55500030517578
L6,Dg,14.72083259688302,0.9464500025667766,241.4409942626953,74.5199966430664
L6,Dg,14.819916356261542,0.9470725194812825,241.82000732421875,74.48799896240234
L6,Dg,14.920718737635447,0.9476755920191074,242.2030029296875,74.45700073242188
L6,Dg,15.020081005597804,0.9482786645569323,242.5780029296875,74.4260025024414
L6,Dg,15.12010496154371,0.9488234039647141,242.9530029296875,74.39800262451172
L6,Dg,15.220795011884128,0.9494266249328953,243.3280029296875,74.36699676513672
L6,Dg,15.319987394489411,0.9499519199639961,243.69500732421875,74.33999633789062
L6,Dg,15.420096895649882,0.950554992501821,244.06300354003906,74.30899810791016
L6,Dg,15.520583916821254,0.9510997319096027,244.42999267578125,74.28099822998047
L6,Dg,15.620624659378862,0.951547101003623,244.79299926757812,74.25800323486328
L6,Dg,15.820679223604822,0.9526171354425055,245.51199340820312,74.2030029296875
L6,Dg,15.9204011120941,0.9531424304736063,245.86700439453125,74.1760025024414
L6,Dg,16.0210328147314,0.9536093923746639,246.22300720214844,74.1520004272461
L6,Dg,16.12087249816036,0.95397898396196,246.57400512695312,74.13300323486328
L6,Dg,16.220471343577326,0.9545237233697418,246.9219970703125,74.1050033569336
L6,Dg,16.320689943711905,0.9549712408941183,247.27000427246094,74.08200073242188
L6,Dg,16.520351519934202,0.9558855718891962,247.95700073242188,74.03500366210938
L6,Dg,16.620066253569068,0.9562553119068486,248.2969970703125,74.01599884033203
L6,Dg,16.720382852611696,0.9567222738079063,248.63699340820312,73.99199676513672
L6,Dg,16.920446063723695,0.9574809013591795,249.3090057373047,73.9530029296875
L6,Dg,17.020166897111412,0.9579284188835561,249.64100646972656,73.93000030517578
L6,Dg,17.120475436318117,0.9583174548475332,249.97300720214844,73.91000366210938
L6,Dg,17.220151975494815,0.9587649723719098,250.30099487304688,73.88700103759766
L6,Dg,17.320413515815012,0.9591541567662433,250.62899780273438,73.86699676513672
L6,Dg,17.520206943327814,0.9599127843175165,251.27699279785156,73.8280029296875
L6,Dg,17.621282715660662,0.9602045983980884,251.6020050048828,73.81300354003906
L6,Dg,17.720113032694854,0.9605937827924219,251.91799926757812,73.79299926757812
L6,Dg,17.820763388942165,0.960982818756399,252.23800659179688,73.77300262451172
L6,Dg,17.92102710300806,0.9613525587740515,252.55499267578125,73.75399780273438
L6,Dg,18.02026829086838,0.9616638172313045,252.86700439453125,73.73799896240234
L6,Dg,18.120372246242848,0.9620334088186004,253.17999267578125,73.71900177001953
L6,Dg,18.220717346769273,0.9623446672758534,253.49200439453125,73.7030029296875
L6,Dg,18.320638421598595,0.9625781482263822,253.80099487304688,73.69100189208984
L6,Dg,18.42078408324693,0.9629478882440347,254.10899353027344,73.6719970703125
L6,Dg,18.620744196241045,0.9635509607818596,254.718994140625,73.64099884033203
L6,Dg,18.720214622240466,0.9639399967458367,255.02000427246094,73.62100219726562
L6,Dg,18.920410036562867,0.964543217714018,255.62100219726562,73.58999633789062
L6,Dg,19.02013022763586,0.9647765502341904,255.91799926757812,73.5780029296875
L6,Dg,19.22115010832446,0.9653797712023717,256.5119934082031,73.5469970703125
L6,Dg,19.321088169395058,0.9656910296596246,256.80499267578125,73.53099822998047
L6,Dg,19.420171651891426,0.9659828437401966,257.093994140625,73.51599884033203
L6,Dg,19.521144501570568,0.9662163246907254,257.3869934082031,73.50399780273438
L6,Dg,19.621253924113045,0.9665275831479784,257.6759948730469,73.48799896240234
L6,Dg,19.72048128859642,0.9667416197218262,257.96099853515625,73.47699737548828
L6,Dg,19.820210459432268,0.9670528781790791,258.2460021972656,73.46099853515625
L6,Dg,19.92044397432391,0.9672863591296079,258.531005859375,73.4489974975586
L6,Dg,20.02011379713055,0.9675002472730994,258.81298828125,73.43800354003906
NRG,S,0.4019986971288645,0.9463137434996529,38.012001037597656,74.5270004272461
NRG,S,0.4520113723169028,0.9331620717758097,44.637001037597656,75.2030029296875
NRG,S,0.5020235683939893,0.9188625881063597,50.566001892089844,75.93800354003906
NRG,S,0.5520212789014628,0.9035126628050646,55.93000030517578,76.72699737548828
NRG,S,0.6020125004184662,0.887248109647979,60.827999114990234,77.56300354003906
NRG,S,0.6520146769289662,0.8700110407961287,65.33599853515625,78.4489974975586
NRG,S,0.702032563784857,0.8520733806623356,69.51200103759766,79.37100219726562
NRG,S,0.7520175542998545,0.8333770929772693,73.39800262451172,80.33200073242188
NRG,S,0.8020190695978676,0.8139998068172976,77.03500366210938,81.3280029296875
NRG,S,0.8520361063532704,0.7940779296799004,80.4530029296875,82.35199737548828
NRG,S,0.9020536947151632,0.7737278309644514,83.6760025024414,83.39800262451172
NRG,S,0.9520371446389022,0.7528914744016201,86.7229995727539,84.46900177001953
NRG,S,1.0020020146305981,0.7316855262514926,89.61299896240234,85.55899810791016
NRG,S,1.0520536469415351,0.7101098380837129,92.36699676513672,86.66799926757812
NRG,S,1.1020083208572917,0.6883006689654041,94.98799896240234,87.78900146484375
NRG,S,1.1520286149158874,0.6663359448336471,97.49600219726562,88.91799926757812
NRG,S,1.201997975215189,0.6440598138142809,99.8949966430664,90.06300354003906
NRG,S,1.2520279200642075,0.6217254980952278,102.1989974975586,91.21099853515625
NRG,S,1.3019954436136125,0.5993132564390942,104.41000366210938,92.36299896240234
NRG,S,1.3519932936819328,0.5768037928995554,106.53900146484375,93.5199966430664
NRG,S,1.402073594069433,0.5542358477996172,108.59400177001953,94.68000030517578
NRG,S,1.451977248534624,0.5316680511300353,110.56999969482422,95.83999633789062
NRG,S,1.5020080535044584,0.5091778835368213,112.48400115966797,96.99600219726562
NRG,S,1.5520585526420623,0.4866878643739635,114.33599853515625,98.1520004272461
NRG,S,1.6019896562414089,0.4642561783411489,116.125,99.30500030517578
NRG,S,1.6520351002380094,0.4419217141917395,117.86299896240234,100.4530029296875
NRG,S,1.7020164065569585,0.4197235091094537,119.5469970703125,101.59400177001953
NRG,S,1.7520518689798044,0.39762252591057307,121.18399810791016,102.7300033569336
NRG,S,1.8020267726324464,0.3756578017788161,122.77300262451172,103.85900115966797
NRG,S,1.852049619889852,0.3538486326605074,124.31999969482422,104.9800033569336
NRG,S,1.9020129631768,0.3321757226093224,125.8239974975586,106.09400177001953
NRG,S,1.9521146526057669,0.31075573788534716,127.29299926757812,107.19499969482422
NRG,S,2.002011587336446,0.2894718637981392,128.718994140625,108.28900146484375
NRG,S,2.052021994387227,0.26834369315473594,130.11300659179688,109.375
NRG,S,2.102015893933808,0.2474490034618615,131.47300720214844,110.4489974975586
NRG,S,2.152008112638324,0.22676820191247848,132.80099487304688,111.51200103759766
NRG,S,2.2021375544861055,0.20632088131362425,134.1020050048828,112.56300354003906
NRG,S,2.2519989143564785,0.18610719009565518,135.36700439453125,113.60199737548828
NRG,S,2.3020515059750055,0.1661268313978586,136.60899353027344,114.62899780273438
NRG,S,2.352093198992905,0.14636050927390978,137.82400512695312,115.6449966430664
NRG,S,2.402073513997814,0.12684696404681448,139.01199340820312,116.64800262451172
NRG,S,2.4520746207650417,0.10752815944724224,140.17599487304688,117.64099884033203
NRG,S,2.5020533874307,0.08854005768160403,141.3159942626953,118.61699676513672
NRG,S,2.552057448562834,0.06968806655273307,142.4340057373047,119.58599853515625
NRG,S,2.602092983625574,0.051147333881115094,143.531005859375,120.53900146484375
NRG,S,2.6520292078934182,0.032898563720425385,144.60499572753906,121.47699737548828
NRG,S,2.702015802478194,0.014824792949865032,145.66000366210938,122.40599822998047
NRG,S,2.70709004413884,0.013073760036077107,145.76600646972656,122.49600219726562
NRG,S,2.7121254716791605,0.01124509804592137,145.87100219726562,122.58999633789062
NRG,S,2.717026438727022,0.009494065132133444,145.97300720214844,122.68000030517578
NRG,S,2.722080348842412,0.0076846990883024015,146.0780029296875,122.77300262451172
NRG,S,2.7269985684428404,0.005933814604870821,146.17999267578125,122.86299896240234
NRG,S,2.7320717654579747,0.004182781691082896,146.28500366210938,122.9530029296875
NRG,S,2.7370080374208383,0.0023541197009271575,146.38699340820312,123.0469970703125
NRG,S,2.7420998556441867,0.0006030867871392324,146.49200439453125,123.13700103759766
NRG,S,2.7430701642428614,0.00023349519984314582,146.51199340820312,123.15599822998047
NRG,S,2.743604350801535,7.779175603848925e-05,146.5229949951172,123.16400146484375
NRG,Dg,2.7439933870479662,7.779175603848925e-05,146.531005859375,123.16400146484375
NRG,Dg,2.745158602637916,0.00038905021329145855,146.55499267578125,123.14800262451172
NRG,Dg,2.745547859273377,0.0006030867871392324,146.56300354003906,123.13700103759766
NRG,Dg,2.7466655178192547,0.0009143452443922018,146.58599853515625,123.12100219726562
NRG,Dg,2.7470542462308187,0.0011478261949210147,146.593994140625,123.10900115966797
NRG,Dg,2.7519700213293663,0.002879414732027901,146.69500732421875,123.0199966430664
NRG,Dg,2.802103023398426,0.02036940891108805,147.71499633789062,122.12100219726562
NRG,Dg,2.85214005801166,0.03770384807669989,148.71499633789062,121.2300033569336
NRG,Dg,2.9020436961328175,0.05472702878505876,149.69500732421875,120.3550033569336
NRG,Dg,2.9520358853647335,0.07143895103616466,150.66000366210938,119.49600219726562
NRG,Dg,3.0020386548071327,0.08799531827382225,151.60899353027344,118.6449966430664
NRG,Dg,3.0520788419105274,0.10418179706347105,152.54299926757812,117.81300354003906
NRG,Dg,3.1020741785381847,0.12023231364670893,153.46099853515625,116.98799896240234
NRG,Dg,3.151996225458302,0.13595197896565647,154.36300659179688,116.18000030517578
NRG,Dg,3.202097231155576,0.15145760771075623,155.25399780273438,115.38300323486328
NRG,Dg,3.252074012490817,0.16672990393568352,156.12899780273438,114.5979995727539
NRG,Dg,3.302129769670883,0.18171023764968253,156.99200439453125,113.8280029296875
NRG,Dg,3.352065052196751,0.1965350163502332,157.83999633789062,113.06600189208984
NRG,Dg,3.4020332163718536,0.21104853659353096,158.67599487304688,112.31999969482422
NRG,Dg,3.4520133824138965,0.2252507983795757,159.5,111.58999633789062
NRG,Dg,3.502045830462199,0.23931680109849685,160.31300354003906,110.86699676513672
NRG,Dg,3.5519860250424355,0.2530713969298087,161.11300659179688,110.16000366210938
NRG,Dg,3.6021918161023323,0.2666705861780285,161.906005859375,109.46099853515625
NRG,Dg,3.6521375457392815,0.27997781291532015,162.6840057373047,108.7770004272461
NRG,Dg,3.702185830478453,0.2930515587020829,163.4530029296875,108.1050033569336
NRG,Dg,3.7521892657692546,0.30589197196867324,164.21099853515625,107.44499969482422
NRG,Dg,3.8020608983890365,0.31857668179145887,164.95700073242188,106.79299926757812
NRG,Dg,3.8520502213310475,0.33096957753367257,165.69500732421875,106.15599822998047
NRG,Dg,3.9022119887161772,0.3431289923253575,166.42599487304688,105.53099822998047
NRG,Dg,3.9521889908510612,0.35513270367323774,167.14500427246094,104.91400146484375
NRG,Dg,4.002167220506616,0.366825156563865,167.85499572753906,104.31300354003906
NRG,Dg,4.052060600632312,0.37838149881772504,168.55499267578125,103.71900177001953
NRG,Dg,4.102213684966093,0.3897043601210562,169.25,103.13700103759766
NRG,Dg,4.15217892611235,0.4008131848505396,169.9340057373047,102.56600189208984
NRG,Dg,4.2020819903801385,0.4117470101898937,170.60899353027344,102.00399780273438
NRG,Dg,4.252058834804509,0.4224666505250437,171.27699279785156,101.4530029296875
NRG,Dg,4.302097900587312,0.4329529583400211,171.93800354003906,100.91400146484375
NRG,Dg,4.35203114342558,0.44328356271119396,172.58999633789062,100.38300323486328
NRG,Dg,4.402233629095265,0.45340027893887536,173.23800659179688,99.86299896240234
NRG,Dg,4.452147005790962,0.4632833657856716,173.875,99.3550033569336
NRG,Dg,4.501989155218889,0.473069379179419,174.50399780273438,98.85199737548828
NRG,Dg,4.552067181876072,0.4825828744389191,175.12899780273438,98.36299896240234
NRG,Dg,4.602050936860655,0.4919212218779336,175.74600219726562,97.88300323486328
NRG,Dg,4.652253080557131,0.5011234586801807,176.35899353027344,97.41000366210938
NRG,Dg,4.702088445258445,0.5101701404689796,176.96099853515625,96.94499969482422
NRG,Dg,4.752121385210105,0.5189833413072497,177.5590057373047,96.49199676513672
NRG,Dg,4.802259988156378,0.5276408387017151,178.15199279785156,96.0469970703125
NRG,Dg,4.851984026003564,0.5361620770290568,178.73399353027344,95.60900115966797
NRG,Dg,4.9022229214273745,0.5445083159662693,179.3159942626953,95.18000030517578
NRG,Dg,4.952017647560158,0.5526405183296339,179.88699340820312,94.76200103759766
NRG,Dg,5.002230354546605,0.5606949431862744,180.45700073242188,94.3479995727539
NRG,Dg,5.0523258717645945,0.5685353314690672,181.02000427246094,93.94499969482422
NRG,Dg,5.102110031725242,0.5762005719313742,181.57400512695312,93.5510025024414
NRG,Dg,5.152110629960899,0.583729701756914,182.125,93.16400146484375
NRG,Dg,5.202233117051971,0.5911810540757295,182.6719970703125,92.78099822998047
NRG,Dg,5.252099906488253,0.59839877701366,183.21099853515625,92.41000366210938
NRG,Dg,5.30206952078319,0.6055388708752226,183.74600219726562,92.04299926757812
NRG,Dg,5.352134387818738,0.6124453353559001,184.27699279785156,91.68800354003906
NRG,Dg,5.4020037634721465,0.6192936151368909,184.80099487304688,91.33599853515625
NRG,Dg,5.452242092109385,0.6259861914740769,185.32400512695312,90.99199676513672
NRG,Dg,5.502264030147694,0.6326008418741824,185.83999633789062,90.6520004272461
NRG,Dg,5.552353506081472,0.6389821597541154,186.3520050048828,90.3239974975586
NRG,Dg,5.6020047486234095,0.645285551696968,186.85499572753906,90.0
NRG,Dg,5.652200739263097,0.6514333886263723,187.35899353027344,89.68399810791016
NRG,Dg,5.7020395093619385,0.6575227439953771,187.85499572753906,89.37100219726562
NRG,Dg,5.752013252114926,0.6634565443509336,188.34800720214844,89.06600189208984
NRG,Dg,5.8023199814637,0.6692931228230848,188.83999633789062,88.76599884033203
NRG,Dg,5.8522400186263015,0.6749934422281125,189.32400512695312,88.4729995727539
NRG,Dg,5.9022739135440485,0.6805380581893355,189.80499267578125,88.18800354003906
NRG,Dg,5.952211499544148,0.6860244894508718,190.281005859375,87.90599822998047
NRG,Dg,6.002250620637391,0.6914135503986465,190.75399780273438,87.62899780273438
NRG,Dg,6.052283779039906,0.6966663522792976,191.22300720214844,87.35900115966797
NRG,Dg,6.10230054624951,0.7018219322765435,191.68800354003906,87.09400177001953
NRG,Dg,6.152185652111158,0.7068414016370221,192.1479949951172,86.83599853515625
NRG,Dg,6.202150245697909,0.7117829450604203,192.60499572753906,86.58200073242188
NRG,Dg,6.25218966157541,0.7166467109770942,193.0590057373047,86.33200073242188
NRG,Dg,6.352355673837389,0.7260629843531892,193.95700073242188,85.8479995727539
NRG,Dg,6.402131923975746,0.7306349361892912,194.3979949951172,85.61299896240234
NRG,Dg,6.452413225828835,0.7351095177116317,194.83999633789062,85.38300323486328
NRG,Dg,6.552192048923352,0.7437670151060971,195.70700073242188,84.93800354003906
NRG,Dg,6.6022484669957215,0.747949930978222,196.13699340820312,84.7229995727539
NRG,Dg,6.652218376098849,0.7521326984199905,196.56300354003906,84.50800323486328
NRG,Dg,6.701970968622837,0.7561599108483108,196.98399353027344,84.3010025024414
NRG,Dg,6.752217844444546,0.7601093457699069,197.406005859375,84.0979995727539
NRG,Dg,6.802358257345498,0.7640002991311036,197.82400512695312,83.89800262451172
NRG,Dg,6.852386118374271,0.767794030608895,198.23800659179688,83.7030029296875
NRG,Dg,6.902291630063527,0.7715877620866864,198.6479949951172,83.50800323486328
NRG,Dg,6.952192583587032,0.7752453829277106,199.05499267578125,83.31999969482422
NRG,Dg,7.002331377636551,0.7788056334549732,199.46099853515625,83.13700103759766
NRG,Dg,7.052332738168694,0.7823075508521927,199.86300659179688,82.95700073242188
NRG,Dg,7.102311342045575,0.7858094682494122,200.26199340820312,82.7770004272461
NRG,Dg,7.202189815228407,0.7924826002099172,201.05099487304688,82.43399810791016
NRG,Dg,7.252076734823024,0.7957510366566078,201.4409942626953,82.26599884033203
NRG,Dg,7.302439365449293,0.7989416955965745,201.83200073242188,82.10199737548828
NRG,Dg,7.352109232686085,0.8020738729761415,202.21499633789062,81.94100189208984
NRG,Dg,7.452333977225559,0.8081439323988217,202.97999572753906,81.62899780273438
NRG,Dg,7.501961667326189,0.8111011103882594,203.35499572753906,81.47699737548828
NRG,Dg,7.55191984551716,0.8139998068172976,203.72999572753906,81.3280029296875
NRG,Dg,7.602210712633887,0.8168014297932871,204.10499572753906,81.18399810791016
NRG,Dg,7.65243139978354,0.8196223487156011,204.4770050048828,81.03900146484375
NRG,Dg,7.702299441553072,0.8223654901311911,204.843994140625,80.89800262451172
NRG,Dg,7.752494548480831,0.8250114096633758,205.21099853515625,80.76200103759766
NRG,Dg,7.801912587493963,0.8276767735722417,205.57000732421875,80.625
NRG,Dg,7.852339075847178,0.8302643599743833,205.9340057373047,80.49199676513672
NRG,Dg,7.902391436531727,0.8327740204394444,206.29299926757812,80.36299896240234
NRG,Dg,7.95220013368245,0.8352836809045056,206.6479949951172,80.23400115966797
NRG,Dg,8.002465414910644,0.8377155638628425,207.00399780273438,80.10900115966797
NRG,Dg,8.052335084545254,0.8400696693144554,207.35499572753906,79.98799896240234
NRG,Dg,8.15214339377309,0.8447777317873246,208.05099487304688,79.74600219726562
NRG,Dg,8.20236541570817,0.8469761337951328,208.3979949951172,79.63300323486328
NRG,Dg,8.25245998785669,0.8491746842332973,208.74200439453125,79.5199966430664
NRG,Dg,8.302270783258267,0.8513925306177865,209.08200073242188,79.40599822998047
NRG,Dg,8.352382230264599,0.8535131551188705,209.4219970703125,79.2969970703125
NRG,Dg,8.402201593760305,0.8556336311895982,209.75799560546875,79.18800354003906
NRG,Dg,8.452318114271902,0.8576959225606391,210.093994140625,79.08200073242188
NRG,Dg,8.502131943247743,0.859738769554999,210.42599487304688,78.97699737548828
NRG,Dg,8.552239350567856,0.8617231349889594,210.75799560546875,78.875
NRG,Dg,8.702492868646521,0.867423454393987,211.74200439453125,78.58200073242188
NRG,Dg,8.752076722414852,0.8692522648144991,212.06300354003906,78.48799896240234
NRG,Dg,8.802409022395919,0.8710616308583301,212.38699340820312,78.3949966430664
NRG,Dg,8.852406762382344,0.8728902928484858,212.70700073242188,78.3010025024414
NRG,Dg,8.902056165377525,0.8746413257622738,213.0229949951172,78.21099853515625
NRG,Dg,9.002354814763127,0.8779875397156887,213.656005859375,78.03900146484375
NRG,Dg,9.10249280906916,0.8813339020994598,214.281005859375,77.86699676513672
NRG,Dg,9.152410210662001,0.8829290831390868,214.58999633789062,77.78500366210938
NRG,Dg,9.20243980871046,0.8844466351023459,214.8979949951172,77.70700073242188
NRG,Dg,9.252253110779018,0.8860419645723292,215.2030029296875,77.625
NRG,Dg,9.302333542639238,0.8875595165355883,215.50799560546875,77.5469970703125
NRG,Dg,9.35202581436175,0.8889991425617669,215.8090057373047,77.4729995727539
NRG,Dg,9.402481235554273,0.8904582129646266,216.11300659179688,77.39800262451172
NRG,Dg,9.452037097375333,0.8918979874211616,216.41000366210938,77.3239974975586
NRG,Dg,9.502526506347943,0.8933376134473401,216.71099853515625,77.25
NRG,Dg,9.5526096576675,0.8946994619667946,217.00799560546875,77.18000030517578
NRG,Dg,9.652203191467285,0.8974426033823846,217.593994140625,77.03900146484375
NRG,Dg,9.70238866250197,0.8987266743951148,217.88699340820312,76.9729995727539
NRG,Dg,9.852424453463835,0.9026176277563115,218.75399780273438,76.77300262451172
NRG,Dg,9.952326541339398,0.9050495107146485,219.32400512695312,76.64800262451172
NRG,Dg,10.00194636664273,0.9061780267139304,219.60499572753906,76.58999633789062
NRG,Dg,10.052706762244792,0.9074036161662613,219.89100646972656,76.5270004272461
NRG,Dg,10.102112220853765,0.908531983735187,220.16799926757812,76.46900177001953
NRG,Dg,10.152481582202034,0.9096797956807936,220.44900512695312,76.41000366210938
NRG,Dg,10.202559254388648,0.9108083116800756,220.7270050048828,76.35199737548828
NRG,Dg,10.251975742369126,0.9118783461189581,221.0,76.2969970703125
NRG,Dg,10.302360536751287,0.9129483805578407,221.27699279785156,76.24199676513672
NRG,Dg,10.40259021826453,0.9150688566285683,221.82400512695312,76.13300323486328
NRG,Dg,10.452419438037333,0.9160611135607266,222.093994140625,76.08200073242188
NRG,Dg,10.502305814304577,0.9171311479996092,222.36300659179688,76.0270004272461
NRG,Dg,10.552612679571975,0.9181039605550865,222.63299560546875,75.97699737548828
NRG,Dg,10.602224159624289,0.9190960690568886,222.8979949951172,75.9260025024414
NRG,Dg,10.652258752104741,0.9200105484823228,223.16400146484375,75.87899780273438
NRG,Dg,10.702526580107357,0.9210026569841248,223.42999267578125,75.8280029296875
NRG,Dg,10.902709402213368,0.9246408334484679,224.4770050048828,75.64099884033203
NRG,Dg,10.952413783053533,0.9254773869368216,224.73399353027344,75.5979995727539
NRG,Dg,11.0025438480848,0.9263917179318994,224.99200439453125,75.5510025024414
NRG,Dg,11.05211831624154,0.9272282714202532,225.24600219726562,75.50800323486328
NRG,Dg,11.102701738293328,0.9280649733389632,225.50399780273438,75.46499633789062
NRG,Dg,11.152727490644647,0.928901526827317,225.75799560546875,75.4219970703125
NRG,Dg,11.202185965376062,0.9296601543785902,226.00799560546875,75.38300323486328
NRG,Dg,11.252659966579255,0.9304968562973003,226.26199340820312,75.33999633789062
NRG,Dg,11.352684544172638,0.932014259830203,226.76199340820312,75.26200103759766
NRG,Dg,11.552138830059286,0.9350686597030459,227.74600219726562,75.1050033569336
NRG,Dg,11.602547545316414,0.9357496581779513,227.99200439453125,75.06999969482422
NRG,Dg,11.702575050258098,0.9371115066974057,228.4770050048828,75.0
NRG,Dg,11.751973805888476,0.9377925051723112,228.71499633789062,74.96499633789062
NRG,Dg,11.80241936434888,0.9384733552168603,228.95700073242188,74.93000030517578
NRG,Dg,11.902485469961144,0.9398546481129957,229.4340057373047,74.85900115966797
NRG,Dg,11.952728084821524,0.9404577206508207,229.6719970703125,74.8280029296875
NRG,Dg,12.002336725194269,0.941138719125726,229.906005859375,74.79299926757812
NRG,Dg,12.152608211929687,0.9429675295462381,230.60899353027344,74.6989974975586
NRG,Dg,12.252175090488025,0.944173674621888,231.07000732421875,74.63700103759766
NRG,Dg,12.302368680676846,0.9447184140296697,231.30099487304688,74.60900115966797
NRG,Dg,12.352554388994921,0.9453214865674946,231.531005859375,74.5780029296875
NRG,Dg,12.40228160366763,0.9458467815985954,231.75799560546875,74.5510025024414
NRG,Dg,12.451990411235128,0.9464500025667766,231.98399353027344,74.5199966430664
NRG,Dg,12.602764713032128,0.9480451836064036,232.66400146484375,74.43800354003906
NRG,Dg,12.752653842473693,0.9496599574530679,233.33200073242188,74.3550033569336
NRG,Dg,12.802179863355258,0.9501852524841685,233.55099487304688,74.3280029296875
NRG,Dg,12.852582014034557,0.9506327700085452,233.7729949951172,74.30500030517578
NRG,Dg,12.902499599103832,0.951177509416327,233.99200439453125,74.2770004272461
NRG,Dg,12.952607558785239,0.9516250269407035,234.21099853515625,74.25399780273438
NRG,Dg,13.001990080677869,0.9520918404114048,234.42599487304688,74.2300033569336
NRG,Dg,13.05248794524807,0.9526171354425055,234.64500427246094,74.2030029296875
NRG,Dg,13.252449834841116,0.9544459458630176,235.50399780273438,74.10900115966797
NRG,Dg,13.302034253929175,0.9548934633873942,235.71499633789062,74.08599853515625
NRG,Dg,13.35274898413157,0.9552824993513713,235.92999267578125,74.06600189208984
NRG,Dg,13.452858925404852,0.9561775344001245,236.3520050048828,74.0199966430664
NRG,Dg,13.502237746368484,0.9565665703641016,236.5590057373047,74.0
NRG,Dg,13.552756754052817,0.9569556063280787,236.77000427246094,73.9800033569336
NRG,Dg,13.602502250755995,0.9574031238524553,236.9770050048828,73.95700073242188
NRG,Dg,13.702541688036373,0.9581618998340848,237.39100646972656,73.91799926757812
NRG,Dg,13.752836971478505,0.9586094173584615,237.59800720214844,73.8949966430664
NRG,Dg,13.852017862087372,0.9593874892864157,238.00399780273438,73.8550033569336
NRG,Dg,13.90286179896278,0.9597572293040681,238.21099853515625,73.83599853515625
NRG,Dg,13.95191778033721,0.9601462652680453,238.41000366210938,73.81600189208984
NRG,Dg,14.002137592658954,0.9604380793486172,238.61300659179688,73.8010025024414
NRG,Dg,14.052534375591359,0.9608272637429507,238.8159942626953,73.78099822998047
NRG,Dg,14.152125961765952,0.9615860397245802,239.21499633789062,73.74199676513672
NRG,Dg,14.20206146696106,0.9618778538051521,239.41400146484375,73.72699737548828
NRG,Dg,14.25217316862911,0.9622668897691293,239.61300659179688,73.70700073242188
NRG,Dg,14.302712765199512,0.9625781482263822,239.81300354003906,73.69100189208984
NRG,Dg,14.352160160684647,0.9629478882440347,240.00799560546875,73.6719970703125
NRG,Dg,14.402801482716484,0.9632591467012876,240.20700073242188,73.65599822998047
NRG,Dg,14.45259490531409,0.9635509607818596,240.40199279785156,73.64099884033203
NRG,Dg,14.50282289693766,0.9639399967458367,240.59800720214844,73.62100219726562
NRG,Dg,14.551932401866706,0.9642512552030897,240.78900146484375,73.6050033569336
NRG,Dg,14.652985510408026,0.964854476171271,241.17999267578125,73.5739974975586
NRG,Dg,14.852740597628431,0.9660606212469207,241.94500732421875,73.51200103759766
NRG,Dg,14.902242114215563,0.9663718797041737,242.13299560546875,73.49600219726562
NRG,Dg,14.95270817206331,0.9666831381614267,242.32400512695312,73.4800033569336
NRG,Dg,15.002542862620015,0.9669751006723549,242.51199340820312,73.46499633789062
NRG,Dg,15.052283468822166,0.9672084331925274,242.69900512695312,73.4530029296875
NRG,Dg,15.152521872197589,0.9678116541607087,243.07400512695312,73.4219970703125
NRG,Dg,15.203022505926635,0.9680449866808811,243.26199340820312,73.41000366210938
NRG,Dg,15.30209906690701,0.9686482076490623,243.62899780273438,73.37899780273438
NRG,Dg,15.352828698862492,0.9688816885995912,243.8159942626953,73.36699676513672
NRG,Dg,15.402911151073127,0.9691150211197637,244.0,73.3550033569336
NRG,Dg,15.452059397603346,0.9694069836306919,244.17999267578125,73.33999633789062
NRG,Dg,15.502193412446822,0.9696403161508644,244.36300659179688,73.3280029296875
NRG,Dg,15.552758906834624,0.9699321302314363,244.5469970703125,73.31300354003906
NRG,Dg,15.651899492050568,0.970399092132494,244.906005859375,73.28900146484375
NRG,Dg,15.70295330197713,0.9706325730830228,245.08999633789062,73.2770004272461
NRG,Dg,15.753063189873425,0.9708466096568705,245.27000427246094,73.26599884033203
NRG,Dg,15.801933133120889,0.9711578681141235,245.44500732421875,73.25
NRG,Dg,15.902936944787808,0.9716053856385001,245.80499267578125,73.22699737548828
NRG,Dg,16.152289511882845,0.9727531975841068,246.6840057373047,73.16799926757812
NRG,Dg,16.202393579260296,0.972908752597555,246.85899353027344,73.16000366210938
NRG,Dg,16.25294715924978,0.9731422335480839,247.03500366210938,73.14800262451172
NRG,Dg,16.402060845327018,0.9738232320229893,247.55099487304688,73.11299896240234
NRG,Dg,16.452073244880683,0.9739787870364376,247.72300720214844,73.1050033569336
NRG,Dg,16.552252012974787,0.9744263045608142,248.0659942626953,73.08200073242188
NRG,Dg,16.60272236843757,0.9745820080046188,248.23800659179688,73.0739974975586
NRG,Dg,16.652163791186364,0.9747958961481102,248.406005859375,73.06300354003906
NRG,Dg,16.702934282002772,0.9749515995919149,248.5780029296875,73.05500030517578
NRG,Dg,16.752674126870136,0.9751850805424438,248.74600219726562,73.04299926757812
NRG,Dg,16.802562092548225,0.9753406355558921,248.91400146484375,73.03500366210938
NRG,Dg,16.85259862012758,0.9755741165064209,249.08200073242188,73.02300262451172
NRG,Dg,16.90278415201225,0.9757103755735445,249.25,73.01599884033203
NRG,Dg,16.951919593866613,0.9759438565240733,249.41400146484375,73.00399780273438
NRG,Dg,17.002400894730695,0.9760994115375217,249.58200073242188,72.99600219726562
NRG,Dg,17.053032524395185,0.9763328924880504,249.75,72.98400115966797
NRG,Dg,17.152321038832174,0.9766247065686223,250.0780029296875,72.96900177001953
NRG,Dg,17.202181870366875,0.9768581875191512,250.24200439453125,72.95700073242188
NRG,Dg,17.352631020886957,0.9773057050435278,250.73399353027344,72.93399810791016
NRG,Dg,17.40215295263592,0.9775391859940565,250.89500427246094,72.9219970703125
NRG,Dg,17.452740031477784,0.9776947410075049,251.0590057373047,72.91400146484375
NRG,Dg,17.50223095817777,0.9778504444513095,251.218994140625,72.90599822998047
NRG,Dg,17.553108958147064,0.9780059994647579,251.38299560546875,72.89800262451172
NRG,Dg,17.702873780591467,0.9784535169891344,251.86300659179688,72.875
NRG,Dg,17.752134298290603,0.9786092204329391,252.02000427246094,72.86699676513672
NRG,Dg,17.802474220603102,0.9787647754463874,252.17999267578125,72.85900115966797
NRG,Dg,17.85296171395905,0.9789788120202352,252.33999633789062,72.8479995727539
NRG,Dg,17.90232559900856,0.9791345154640398,252.49600219726562,72.83999633789062
NRG,Dg,17.951821128160237,0.979212292970764,252.65199279785156,72.83599853515625
NRG,Dg,18.003053062937635,0.9793678479842123,252.81300354003906,72.8280029296875
NRG,Dg,18.203310624675957,0.9799710689523936,253.43800354003906,72.7969970703125
NRG,Dg,18.252346745595048,0.9801266239658418,253.58999633789062,72.78900146484375
NRG,Dg,18.302814940232405,0.9802823274096465,253.74600219726562,72.78099822998047
NRG,Dg,18.352119106110475,0.9804378824230948,253.8979949951172,72.77300262451172
NRG,Dg,18.40318623223066,0.9804963639834943,254.05499267578125,72.7699966430664
NRG,Dg,18.5526465659706,0.9809631774541956,254.51199340820312,72.74600219726562
NRG,Dg,18.60262875290502,0.981041103391276,254.66400146484375,72.74199676513672
NRG,Dg,18.652740557935907,0.9811966584047244,254.8159942626953,72.73400115966797
NRG,Dg,18.701997356878433,0.981332917471848,254.96499633789062,72.72699737548828
NRG,Dg,18.752381905768242,0.9814884724852964,255.11700439453125,72.71900177001953
NRG,Dg,18.80323227533362,0.9815663984223768,255.27000427246094,72.71499633789062
NRG,Dg,18.901997954364568,0.9818776568796298,255.5659942626953,72.6989974975586
NRG,Dg,18.95325403406331,0.9819554343863539,255.718994140625,72.69499969482422
NRG,Dg,19.0029708139316,0.9820915450231212,255.86700439453125,72.68800354003906
NRG,Dg,19.053147329720197,0.9821694709602017,256.0159912109375,72.68399810791016
NRG,Dg,19.103126142323422,0.98232502597365,256.16400146484375,72.6760025024414
NRG,Dg,19.15221188052457,0.9824029519107306,256.3089904785156,72.6719970703125
NRG,Dg,19.252821005778276,0.9827142103679836,256.6050109863281,72.65599822998047
NRG,Dg,19.302291386933817,0.9827919878747077,256.75,72.6520004272461
NRG,Dg,19.35292373587575,0.9829282469418313,256.89801025390625,72.6449966430664
NRG,Dg,19.402651332335548,0.9830060244485554,257.0429992675781,72.64099884033203
NRG,Dg,19.45250670451974,0.9831615794620038,257.18798828125,72.63300323486328
NRG,Dg,19.552264134881298,0.9833172829058084,257.47698974609375,72.625
NRG,Dg,19.60216512132955,0.9834729863496131,257.6210021972656,72.61699676513672
NRG,Dg,19.652533146863842,0.9835507638563372,257.7659912109375,72.61299896240234
NRG,Dg,19.702690038335355,0.9837063188697855,257.9100036621094,72.6050033569336
NRG,Dg,19.753316363988795,0.983764800430185,258.05499267578125,72.60199737548828
NRG,Dg,19.8023292363855,0.9839203554436333,258.19500732421875,72.59400177001953
NRG,Dg,19.85321158629139,0.9839982813807138,258.3399963378906,72.58999633789062
NRG,Dg,19.902472323486773,0.984076058887438,258.4800109863281,72.58599853515625
NRG,Dg,19.952200150905558,0.9842316139008863,258.6210021972656,72.5780029296875
NRG,Dg,20.002052227049816,0.9843095398379668,258.7619934082031,72.5739974975586
