gamma_over_u,kappa_phi0,kappa_phipi,leading_kappa,modulation
0.001,0.0011435838859475966,0.0011451970708448167,0.0011415375251228317,1.6131848972200657e-06
0.0014641,0.001675817060142415,0.0016792781018383218,0.001671325090532338,3.4610416959068857e-06
0.0021435888,0.0024567691253072343,0.002464197639639898,0.00244698705363302,7.4285143326635605e-06
0.0031384284,0.003603822874043705,0.0036197759510947503,0.0035826337885112077,1.5953077051045206e-05
0.004594973,0.005291064845584947,0.00532535251558397,0.005245334106426232,3.428766999902244e-05
0.0067274999,0.007778134006356963,0.007851911063055605,0.0076796935861100975,7.377705669864287e-05
0.0098497327,0.011455319880104842,0.01161430971831523,0.011243839489479426,0.00015898983821038826
0.014420994,0.016915632306607864,0.01725893351315788,0.0164621058005712,0.0003433012065500174
0.021113777,0.025072925025725112,0.02581591329341104,0.024102168742575363,0.000742988267685929
0.030912681,0.037360506976615415,0.038971822838780534,0.03528798536365158,0.0016113158621651191
0.045259256,0.05607134862528018,0.05956580792150279,0.05166513908314066,0.0034944592962226073
0.066264076,0.08493867867611449,0.09246462813835465,0.07564292932159122,0.007525949462240167
0.097017234,0.13006394719205494,0.14585103294680668,0.11074881319462263,0.01578708575475174
0.14204293,0.2010460413169608,0.23176042281338005,0.16214733477339563,0.030714381496419252
0.20796506,0.31082143662906225,0.36038293816093336,0.23739991990442116,0.04956150153187111
