setting,gap_ratio,detuning,method,current,reference_current,difference
L2,1.0,0.0,FDC_L,0.21880354847436118,0.2147195426938192,0.004084005780541966
L2,1.0,0.0,DC_L,0.21880354847436118,0.2147195426938192,0.004084005780541966
L2,1.0,0.0,DC_minus_R,0.21880354847436118,0.2147195426938192,0.004084005780541966
L2,1.0,1.0,DC_L,0.09947246918515891,0.09722732608584701,0.002245143099311897
L2,1.0,1.0,DC_minus_R,0.09947246918515891,0.09722732608584701,0.002245143099311897
L2,0.25,0.0,FDC_L,0.14338530119761475,0.14169346195069668,0.0016918392469180699
L2,0.25,0.0,DC_L,0.14338530119761475,0.14190782422293677,0.0014774769746779826
L2,0.25,0.0,DC_minus_R,0.14338530119761475,0.14169346195069668,0.0016918392469180699
L2,0.25,1.0,DC_L,0.061061367316252474,0.06027407747664984,0.000787289839602634
L2,0.25,1.0,DC_minus_R,0.061061367316252474,0.06027407747664984,0.000787289839602634
L3,1.0,0.0,FDC_L,0.21241932917233863,0.2147195426938192,-0.0023002135214805763
L3,1.0,0.0,DC_L,0.21241932917233863,0.2147195426938192,-0.0023002135214805763
L3,1.0,0.0,DC_minus_R,0.21241932917233863,0.2147195426938192,-0.0023002135214805763
L3,1.0,1.0,DC_L,0.09561736781244035,0.09722732608584701,-0.001609958273406667
L3,1.0,1.0,DC_minus_R,0.09561736781244035,0.09722732608584701,-0.001609958273406667
L3,0.25,0.0,FDC_L,0.14105447051691927,0.14169346195069668,-0.0006389914337774083
L3,0.25,0.0,DC_L,0.14105447051691927,0.14190782422293677,-0.0008533537060174956
L3,0.25,0.0,DC_minus_R,0.14105447051691927,0.14169346195069668,-0.0006389914337774083
L3,0.25,1.0,DC_L,0.05997533739574556,0.06027407747664984,-0.000298740080904282
L3,0.25,1.0,DC_minus_R,0.05997533739574556,0.06027407747664984,-0.000298740080904282
L4,1.0,0.0,FDC_L,0.21458313079369934,0.2147195426938192,-0.00013641190011987048
L4,1.0,0.0,DC_L,0.21458313079369934,0.2147195426938192,-0.00013641190011987048
L4,1.0,0.0,DC_minus_R,0.21458313079369934,0.2147195426938192,-0.00013641190011987048
L4,1.0,1.0,DC_L,0.09660701006097783,0.09722732608584701,-0.0006203160248691858
L4,1.0,1.0,DC_minus_R,0.09660701006097783,0.09722732608584701,-0.0006203160248691858
L4,0.25,0.0,FDC_L,0.14201678923149386,0.14169346195069668,0.00032332728079717543
L4,0.25,0.0,DC_L,0.14201678923149386,0.14190782422293677,0.00010896500855708813
L4,0.25,0.0,DC_minus_R,0.14201678923149386,0.14169346195069668,0.00032332728079717543
L4,0.25,1.0,DC_L,0.06014934118705906,0.06027407747664984,-0.0001247362895907822
L4,0.25,1.0,DC_minus_R,0.06014934118705906,0.06027407747664984,-0.0001247362895907822
L4_q4,1.0,0.0,FDC_L,0.2147251406659045,0.2147195426938192,5.59797208529722e-06
L4_q4,1.0,0.0,DC_L,0.2147251406659045,0.2147195426938192,5.59797208529722e-06
L4_q4,1.0,0.0,DC_minus_R,0.2147251406659045,0.2147195426938192,5.59797208529722e-06
L4_q4,1.0,1.0,DC_L,0.09664634727360787,0.09722732608584701,-0.0005809788122391468
L4_q4,1.0,1.0,DC_minus_R,0.09664634727360787,0.09722732608584701,-0.0005809788122391468
L4_q4,0.25,0.0,FDC_L,0.14280805409686817,0.14169346195069668,0.0011145921461714892
L4_q4,0.25,0.0,DC_L,0.14280805409686817,0.14190782422293677,0.0009002298739314019
L4_q4,0.25,0.0,DC_minus_R,0.14280805409686817,0.14169346195069668,0.0011145921461714892
L4_q4,0.25,1.0,DC_L,0.06026876684208117,0.06027407747664984,-5.31063456866987e-06
L4_q4,0.25,1.0,DC_minus_R,0.06026876684208117,0.06027407747664984,-5.31063456866987e-06
L4_w200,1.0,0.0,FDC_L,0.2145840217280861,0.2147195426938192,-0.00013552096573310468
L4_w200,1.0,0.0,DC_L,0.2145840217280861,0.2147195426938192,-0.00013552096573310468
L4_w200,1.0,0.0,DC_minus_R,0.2145840217280861,0.2147195426938192,-0.00013552096573310468
L4_w200,1.0,1.0,DC_L,0.09660732709005662,0.09722732608584701,-0.0006199989957903912
L4_w200,1.0,1.0,DC_minus_R,0.09660732709005662,0.09722732608584701,-0.0006199989957903912
L4_w200,0.25,0.0,FDC_L,0.1420170740321206,0.14169346195069668,0.00032361208142392406
L4_w200,0.25,0.0,DC_L,0.1420170740321206,0.14190782422293677,0.00010924980918383675
L4_w200,0.25,0.0,DC_minus_R,0.1420170740321206,0.14169346195069668,0.00032361208142392406
L4_w200,0.25,1.0,DC_L,0.06014933745005204,0.06027407747664984,-0.00012474002659779854
L4_w200,0.25,1.0,DC_minus_R,0.06014933745005204,0.06027407747664984,-0.00012474002659779854
L4_D200,1.0,0.0,FDC_L,0.2150465784610907,0.2147195426938192,0.00032703576727149963
L4_D200,1.0,0.0,DC_L,0.2150465784610907,0.2147195426938192,0.00032703576727149963
L4_D200,1.0,0.0,DC_minus_R,0.2150465784610907,0.2147195426938192,0.00032703576727149963
L4_D200,1.0,1.0,DC_L,0.09707117372979629,0.09722732608584701,-0.0001561523560507233
L4_D200,1.0,1.0,DC_minus_R,0.09707117372979629,0.09722732608584701,-0.0001561523560507233
L4_D200,0.25,0.0,FDC_L,0.14207310688036412,0.14169346195069668,0.0003796449296674387
L4_D200,0.25,0.0,DC_L,0.14207310688036412,0.14190782422293677,0.00016528265742735138
L4_D200,0.25,0.0,DC_minus_R,0.14207310688036412,0.14169346195069668,0.0003796449296674387
L4_D200,0.25,1.0,DC_L,0.06028565855250313,0.06027407747664984,1.1581075853292488e-05
L4_D200,0.25,1.0,DC_minus_R,0.06028565855250313,0.06027407747664984,1.1581075853292488e-05
L5,1.0,0.0,FDC_L,0.21371086023020902,0.2147195426938192,-0.0010086824636101888
L5,1.0,0.0,DC_L,0.21371086023020902,0.2147195426938192,-0.0010086824636101888
L5,1.0,0.0,DC_minus_R,0.21371086023020902,0.2147195426938192,-0.0010086824636101888
L5,1.0,1.0,DC_L,0.09618699784660412,0.09722732608584701,-0.0010403282392428964
L5,1.0,1.0,DC_minus_R,0.09618699784660412,0.09722732608584701,-0.0010403282392428964
L5,0.25,0.0,FDC_L,0.14158546272910316,0.14169346195069668,-0.00010799922159351882
L5,0.25,0.0,DC_L,0.14158546272910316,0.14190782422293677,-0.00032236149383360613
L5,0.25,0.0,DC_minus_R,0.14158546272910316,0.14169346195069668,-0.00010799922159351882
L5,0.25,1.0,DC_L,0.059939358861682446,0.06027407747664984,-0.0003347186149673942
L5,0.25,1.0,DC_minus_R,0.059939358861682446,0.06027407747664984,-0.0003347186149673942
