setting,u,phi_over_pi,even_energy,odd_energy,signed_gap,ground_parity,current,even_current,odd_current
GAL,2.0,0.25,-0.5048085772297466,0.0,0.5048085772297466,0,0.2551222882433931,0.2551222882433931,0.0
GAL,2.0,0.6,-0.28074572375053763,0.0,0.28074572375053763,0,0.5393446629166315,0.5393446629166315,0.0
GAL,2.0,0.9,0.0068214677509571536,0.0,-0.0068214677509571536,1,0.0,0.6584588937300917,0.0
GAL,8.0,0.25,-0.17147524389641333,0.0,0.17147524389641333,0,0.2551222882433931,0.2551222882433931,0.0
GAL,8.0,0.6,0.052587609582795666,0.0,-0.052587609582795666,1,0.0,0.5393446629166315,0.0
GAL,8.0,0.9,0.3401548010842905,0.0,-0.3401548010842905,1,0.0,0.6584588937300917,0.0
ChE-W2,2.0,0.25,-2.079811344840702,-1.536026079568351,0.5437852652723512,0,0.18842988324398013,0.18842988324398013,-0.13255433662994157
ChE-W2,2.0,0.6,-1.906846502888473,-1.620767762826818,0.2860787400616549,0,0.4358232607936638,0.4358232607936638,-0.14232240592282816
ChE-W2,2.0,0.9,-1.6581872648846203,-1.6661584525787907,-0.007971187694170379,1,-0.041366629814628256,0.6115586894951214,-0.041366629814628256
ChE-W2,8.0,0.25,-0.9413320898843902,-0.8280128655373675,0.11331922434702268,0,0.16662090986821254,0.16662090986821254,-0.08296944325631712
ChE-W2,8.0,0.6,-0.7891892458151794,-0.8835017406664633,-0.0943124948512839,1,-0.09699734520113575,0.381249599836822,-0.09699734520113575
ChE-W2,8.0,0.9,-0.5735862123312256,-0.9150135756864446,-0.34142736335521895,1,-0.029222405171294718,0.5252297102640029,-0.029222405171294718
ChE-F2,2.0,0.25,-2.0613892582427527,-1.5197330351632923,0.5416562230794604,0,0.18789471154602955,0.18789471154602955,-0.13282930812857957
ChE-F2,2.0,0.6,-1.8888992663571245,-1.604578525493181,0.28432074086394343,0,0.43467097047666253,0.43467097047666253,-0.14239284643145753
ChE-F2,2.0,0.9,-1.6408543497890853,-1.6499774878956643,-0.009123138106579054,1,-0.04136213682092154,0.6101657285730673,-0.04136213682092154
ChE-F2,8.0,0.25,-0.9250767076668183,-0.8169648849957417,0.10811182267107655,0,0.1659556331518708,0.1659556331518708,-0.08234484921990277
ChE-F2,8.0,0.6,-0.7735373758198796,-0.8720514278572365,-0.09851405203735697,1,-0.09631855199941067,0.3797479517514362,-0.09631855199941067
ChE-F2,8.0,0.9,-0.5587732467071533,-0.9033466616042278,-0.3445734148970745,1,-0.029025001487306752,0.5232141397081288,-0.029025001487306752
