setting,u,observable,value,reference_value,difference,ground_spin
ChE-W1,1.0,excitation,0.06148669056102252,0.06054709295976756,0.0009395976012549559,0.5
ChE-W1,1.0,excitation,0.3631912974483329,0.3368111903635874,0.026380107084745474,0.5
ChE-W1,1.0,excitation,0.37215716270694776,0.3709512978904477,0.0012058648165000907,0.5
ChE-W1,1.0,excitation,0.6975683649697013,0.6879671809704089,0.00960118399929244,0.5
ChE-W1,1.0,excitation,0.6975683649697013,0.7482635835459269,-0.05069521857622561,0.5
ChE-W1,1.0,pairing,0.09781545905024897,0.1105204904782944,-0.012705031428045438,0.5
ChE-W1,1.0,spin_correlation,0.09930191135200206,0.08662385953794395,0.012678051814058108,0.5
ChE-W1,3.0,excitation,0.0878094121495625,0.061342434780074215,0.02646697736948829,-0.0
ChE-W1,3.0,excitation,0.0878094121495625,0.09365858634778997,-0.005849174198227461,-0.0
ChE-W1,3.0,excitation,0.8094962532287392,0.9010743952038333,-0.09157814197509406,-0.0
ChE-W1,3.0,pairing,-0.04468910084547926,-0.05227768483978039,0.0075885839943011305,-0.0
ChE-W1,3.0,spin_correlation,-0.6139301081884797,-0.5333533362858286,-0.08057677190265111,-0.0
ChE-W1,10.0,excitation,0.0070239470533313975,0.031093892457568294,-0.024069945404236896,0.0
ChE-W1,10.0,excitation,0.6024683943618582,0.7095419258331774,-0.10707353147131926,0.0
ChE-W1,10.0,pairing,-0.007149628237793451,-0.0069064398879621425,-0.0002431883498313081,0.0
ChE-W1,10.0,spin_correlation,-0.7286312151441566,0.22325199384595187,-0.9518832089901085,0.0
ChE-W2,1.0,excitation,0.06390193460687876,0.06054709295976756,0.003354841647111202,0.5
ChE-W2,1.0,excitation,0.34099425069340694,0.3368111903635874,0.004183060329819521,0.5
ChE-W2,1.0,excitation,0.3665399006920208,0.3709512978904477,-0.00441139719842687,0.5
ChE-W2,1.0,excitation,0.6886980677792579,0.6879671809704089,0.0007308868088490295,0.5
ChE-W2,1.0,excitation,0.7453024884510516,0.7482635835459269,-0.002961095094875299,0.5
ChE-W2,1.0,pairing,0.10443773940544986,0.1105204904782944,-0.006082751072844547,0.5
ChE-W2,1.0,spin_correlation,0.09214106841242163,0.08662385953794395,0.00551720887447768,0.5
ChE-W2,3.0,excitation,0.07261114314429362,0.061342434780074215,0.011268708364219407,0.0
ChE-W2,3.0,excitation,0.0958218136589567,0.09365858634778997,0.002163227311166735,0.0
ChE-W2,3.0,excitation,0.9506414430053592,0.9010743952038333,0.04956704780152599,0.0
ChE-W2,3.0,pairing,-0.051000338704320546,-0.05227768483978039,0.0012773461354598434,0.0
ChE-W2,3.0,spin_correlation,-0.5715024264739724,-0.5333533362858286,-0.03814909018814383,0.0
ChE-W2,10.0,excitation,0.0020453123341682145,0.031093892457568294,-0.02904858012340008,1.0
ChE-W2,10.0,excitation,0.7456426982266935,0.7095419258331774,0.036100772393516056,1.0
ChE-W2,10.0,pairing,-0.007257614290260304,-0.0069064398879621425,-0.0003511744022981619,1.0
ChE-W2,10.0,spin_correlation,0.2380094060857064,0.22325199384595187,0.01475741223975452,1.0
