setting,u,energy,spin,twice_sz,pairing,spin_correlation,excitation
ChE-W1,1.0,-0.8721571627069478,0.5,1,0.09781545905024897,0.09930191135200206,0.0
ChE-W1,1.0,-0.8106704721459252,-0.0,0,-0.10756533698569017,-0.3849801472351615,0.06148669056102252
ChE-W1,1.0,-0.5089658652586149,-0.0,0,0.3253249033591096,-0.05624155043775173,0.3631912974483329
ChE-W1,1.0,-0.5,1.0,2,-0.04999999999999999,0.19999999999999998,0.37215716270694776
ChE-W1,1.0,-0.17458879773724648,0.5,1,0.16168130878859324,-0.2135304161315486,0.6975683649697013
ChE-W1,1.0,-2.9913681849969714e-16,0.5,1,-0.3000000000000002,-2.1937776594755204e-30,0.8721571627069474
ChE-W1,3.0,-0.4385904715077751,-0.0,0,-0.04468910084547926,-0.6139301081884797,0.0
ChE-W1,3.0,-0.3507810593582126,1.0,2,-0.02739139881962126,0.22260860118037876,0.0878094121495625
ChE-W1,3.0,-0.33346494046558645,0.5,1,0.06159301624150943,0.14722357901364336,0.10512553104218864
ChE-W1,3.0,0.3709057817209641,0.5,1,0.07024915362783339,-0.4935188205098823,0.8094962532287392
ChE-W1,10.0,-0.16930160722171345,0.0,0,-0.007149628237793451,-0.7286312151441566,0.0
ChE-W1,10.0,-0.16227766016838205,1.0,0,-0.006414587743685787,0.24358541225631453,0.0070239470533313975
ChE-W1,10.0,0.4331667871401447,0.5,1,0.00865437555442615,0.22491821469120574,0.6024683943618582
ChE-W1,10.0,0.8001533858771076,0.5,1,0.0037582481722459107,-0.7201236239791244,0.969454993098821
ChE-W2,1.0,-1.2262235772814636,0.5,1,0.10443773940544986,0.09214106841242163,0.0
ChE-W2,1.0,-1.1623216426745848,0.0,0,-0.11024987329210557,-0.3607778263658322,0.06390193460687876
ChE-W2,1.0,-0.8852293265880566,1.0,2,-0.02414876061659379,0.17690114554123398,0.34099425069340694
ChE-W2,1.0,-0.8596836765894428,0.0,0,0.3380088937083161,-0.04556511019001231,0.3665399006920208
ChE-W2,1.0,-0.5375255095022057,0.5,1,0.20265300770326758,-0.14560992038930973,0.6886980677792579
ChE-W2,1.0,-0.48092108883041196,0.5,1,-0.24665364513080523,-0.09418599531620901,0.7453024884510516
ChE-W2,1.0,-0.3783946239217663,0.0,0,-0.001509811107313151,0.0421275632246267,0.8478289533596972
ChE-W2,3.0,-0.7215981265690097,0.0,0,-0.051000338704320546,-0.5715024264739724,0.0
ChE-W2,3.0,-0.6489869834247161,1.0,2,-0.0202362489598081,0.20557657501302648,0.07261114314429362
ChE-W2,3.0,-0.625776312910053,0.5,1,0.07712517677354389,0.12908106380440862,0.0958218136589567
ChE-W2,3.0,0.22904331643634956,0.5,1,0.12553333646468998,-0.35258107289831064,0.9506414430053592
ChE-W2,10.0,-0.31653540144522957,1.0,0,-0.007257614290260304,0.2380094060857064,0.0
ChE-W2,10.0,-0.31449008911106135,0.0,0,-0.009086681638898643,-0.7135998401223036,0.0020453123341682145
ChE-W2,10.0,0.4291072967814639,0.5,1,0.017621214222348882,0.2100011679371484,0.7456426982266935
