setting,phi_over_pi,detuning_critical_over_u,nrg_detuning_critical_over_u,signed_gap_at_root
paper,0.0,0.24207458213222827,,2.3432367157738554e-11
paper,0.020000000000002682,0.2422477027764369,0.23707395751390434,2.293787382257051e-11
paper,0.06000000000000272,0.24362435427046472,0.23852080648554627,1.9161561226610502e-11
paper,0.10000000000000275,0.2463341375058929,0.24128556660465364,1.3416934230292554e-11
paper,0.1400000000000028,0.25029376170873974,0.24521130302631786,7.924660927471905e-12
paper,0.18000000000000282,0.25538688494933776,0.25034792355322816,3.965050510146284e-12
paper,0.22000000000000286,0.2614725330176621,0.25661213223088913,1.6934231794607513e-12
paper,0.2600000000000029,0.2683938636807763,0.263635600083754,2.141176125292077e-11
paper,0.30000000000000293,0.2759861896958813,0.27127348758308933,5.81490411377672e-12
paper,0.34000000000000297,0.2840836104052775,0.2796279852114183,1.3028467193976212e-12
paper,0.380000000000003,0.2925238142379094,0.2880444549462793,-2.982435662879368e-07
paper,0.42000000000000304,0.3011525446070446,0.2968411468581672,-1.1842544322959725e-07
paper,0.4600000000000031,0.3098240598480635,0.3055817044263164,-4.220261629050981e-08
paper,0.5000000000000031,0.3184038125724772,0.31425627975708337,-1.3420157873866856e-08
paper,0.5400000000000031,0.3267685151167355,0.3227536947514159,-3.3993510228924606e-09
paper,0.5800000000000032,0.33480625426240357,0.3308221309772726,-8.448792776505343e-10
paper,0.6200000000000032,0.3424162184808485,0.33857720358733523,-1.9493508540691096e-07
paper,0.6600000000000033,0.3495090808122251,0.3456932924819758,2.367147655668589e-07
paper,0.7000000000000033,0.3560048442485768,0.35224203362782114,7.704676341369066e-08
paper,0.7400000000000033,0.3618347014647422,0.35816913315269994,2.280697564138734e-08
paper,0.7800000000000034,0.36693908248254853,0.3633080827276789,6.134745156316512e-09
paper,0.8200000000000034,0.3712677356145925,0.3676549854273034,1.5005532372214248e-09
paper,0.8600000000000034,0.37477924356904085,0.37119732110688325,-2.3237860524716325e-07
paper,0.9000000000000035,0.3774412604023066,0.3738902042389121,-1.0181911735962501e-07
paper,0.9400000000000035,0.3792292975969455,0.375701808861146,-4.6196644731821834e-08
paper,0.9800000000000035,0.3801273135264038,0.3766123288520717,-2.2356670958956215e-08
paper,1.0,0.38023975434228136,,-1.603741694999883e-08
