figure,setting,u,transition,critical_parameter,parameter
8,GAL,2.0,singlet-doublet,0.8933992417275206,phi_over_pi
8,GAL,4.0,singlet-doublet,0.7836531040583483,phi_over_pi
8,GAL,8.0,singlet-doublet,0.5354409151164035,phi_over_pi
8,ChE-W2,2.0,singlet-doublet,0.8922235821035364,phi_over_pi
8,ChE-W2,4.0,singlet-doublet,0.7749243273301988,phi_over_pi
8,ChE-W2,8.0,singlet-doublet,0.46537951872080613,phi_over_pi
8,ChE-W4,2.0,singlet-doublet,0.8923681866723628,phi_over_pi
8,ChE-W4,4.0,singlet-doublet,0.7772717875044112,phi_over_pi
8,ChE-W4,8.0,singlet-doublet,0.48695622526480414,phi_over_pi
8,ChE-F1,2.0,singlet-doublet,0.8900207417152779,phi_over_pi
8,ChE-F1,4.0,singlet-doublet,0.7655803168334403,phi_over_pi
8,ChE-F1,8.0,singlet-doublet,0.4143285919789662,phi_over_pi
8,ChE-F2,2.0,singlet-doublet,0.8910799370076211,phi_over_pi
8,ChE-F2,4.0,singlet-doublet,0.7724723809803747,phi_over_pi
8,ChE-F2,8.0,singlet-doublet,0.45809361979085733,phi_over_pi
8,ChE-F4,2.0,singlet-doublet,0.8912221975495432,phi_over_pi
8,ChE-F4,4.0,singlet-doublet,0.7748094253118002,phi_over_pi
8,ChE-F4,8.0,singlet-doublet,0.47973079292079535,phi_over_pi
8,SM8,2.0,singlet-doublet,0.8910657276118187,phi_over_pi
8,SM8,4.0,singlet-doublet,0.7752561694679185,phi_over_pi
8,SM8,8.0,singlet-doublet,0.4901130968856693,phi_over_pi
17,ChE-W1,,doublet-singlet,2.016187386053464,u
17,ChE-W2,,doublet-singlet,2.123814740729823,u
17,ChE-W2,,singlet-triplet,8.52577171185724,u
17,ChE-W4,,doublet-singlet,2.1396956367675783,u
17,ChE-W4,,singlet-triplet,5.5405853522907025,u
17,ChE-W6,,doublet-singlet,2.137856183884916,u
17,ChE-W6,,singlet-triplet,5.161024325149358,u
17,ChE-W8,,doublet-singlet,2.1357072801027552,u
17,ChE-W8,,singlet-triplet,5.0408121464327085,u
17,SM8,,doublet-singlet,2.1043110263123257,u
17,SM8,,singlet-triplet,4.977782651814397,u
