setting,u,branch,derivative_error
GAL,2.0,even,-1.2497675117018048e-10
GAL,2.0,odd,0.0
GAL,4.0,even,-1.2553186268249306e-10
GAL,4.0,odd,0.0
GAL,8.0,even,-1.2580941843864935e-10
GAL,8.0,odd,0.0
ChE-W2,2.0,even,-1.1478762385053187e-11
ChE-W2,2.0,odd,3.422633565453026e-10
ChE-W2,4.0,even,-9.999417960315782e-12
ChE-W2,4.0,odd,3.060237341312444e-10
ChE-W2,8.0,even,-1.5070361625291184e-11
ChE-W2,8.0,odd,1.957550649356321e-10
ChE-W4,2.0,even,-4.8744230873865035e-11
ChE-W4,2.0,odd,3.937793979780224e-10
ChE-W4,4.0,even,4.0393466349541995e-11
ChE-W4,4.0,odd,3.813309112921104e-10
ChE-W4,8.0,even,-3.643896295812965e-11
ChE-W4,8.0,odd,2.128982823368375e-10
ChE-F1,2.0,even,-7.23573978511638e-12
ChE-F1,2.0,odd,4.3315195874527035e-10
ChE-F1,4.0,even,-2.2340462813019712e-13
ChE-F1,4.0,odd,5.763906019140563e-10
ChE-F1,8.0,even,-1.190653131644126e-11
ChE-F1,8.0,odd,2.4574743628935636e-10
ChE-F2,2.0,even,-3.2369468216941755e-11
ChE-F2,2.0,odd,3.3668334786796095e-10
ChE-F2,4.0,even,-2.3515023261921897e-11
ChE-F2,4.0,odd,2.962029788111664e-10
ChE-F2,8.0,even,-1.580474640050511e-11
ChE-F2,8.0,odd,1.8858914430097684e-10
ChE-F4,2.0,even,1.914773894995392e-12
ChE-F4,2.0,odd,3.7723718593341005e-10
ChE-F4,4.0,even,-2.400610266128922e-11
ChE-F4,4.0,odd,3.0812594142837213e-10
ChE-F4,8.0,even,-3.1413316392558954e-11
ChE-F4,8.0,odd,2.106991803252356e-10
SM8,2.0,even,5.002259717556967e-10
SM8,2.0,odd,1.9011159313464532e-10
SM8,4.0,even,-2.1895463220289457e-10
SM8,4.0,odd,3.510255697225517e-10
SM8,8.0,even,8.120448757864551e-12
SM8,8.0,odd,2.7171462302355565e-10
