curve,phi_over_pi,even_energy,odd_energy,signed_gap,ground_parity,current,even_current,odd_current
weak,0.0,-0.07192757800178473,-0.002493781056044439,0.0694337969457403,0,0.0,0.0,0.0
weak,0.005,-0.0719256155333455,-0.002884375422855451,0.06904124011049005,0,0.0004997365347132068,0.0004997365347132068,-0.04971168356562848
weak,0.01,-0.07191972821990754,-0.0032746425815539174,0.06864508563835361,0,0.0009994496722170903,0.0009994496722170903,-0.04966853820375184
weak,0.015,-0.07190991633711391,-0.0036645592472041664,0.06824535708990974,0,0.0014991160150915094,0.0014991160150915094,-0.049622432820775685
weak,0.02,-0.07189618034437133,-0.004054102209184151,0.06784207813518718,0,0.0019987121654943653,0.0019987121654943653,-0.04957337694431328
weak,0.025,-0.07187852088485575,-0.00444324833221172,0.06743527255264403,0,0.0024982147249496714,0.0024982147249496714,-0.04952138023178873
weak,0.03,-0.071856938785516,-0.0048319745573590965,0.0670249642281569,0,0.002997600294134696,0.002997600294134696,-0.04946645246855673
weak,0.035,-0.07183143505708539,-0.0052202579030478525,0.06661117715403754,0,0.003496845472665539,0.003496845472665539,-0.04940860356603854
weak,0.04,-0.07180201089408496,-0.005608075466032638,0.06619393542805233,0,0.003995926858881038,0.003995926858881038,-0.04934784355987395
weak,0.045,-0.07176866767484069,-0.00599540442237045,0.06577326325247024,0,0.004494821049624449,0.004494821049624449,-0.04928418260809045
weak,0.05,-0.07173140696149198,-0.0063822220283727095,0.06534918493311927,0,0.00499350464002263,0.00499350464002263,-0.049217630989288184
weak,0.055,-0.07169023050000688,-0.006768505621547127,0.06492172487845975,0,0.005491954223262354,0.005491954223262354,-0.04914819910084111
weak,0.06,-0.07164514022019737,-0.0071542326215227915,0.06449090759867458,0,0.005990146390363273,0.005990146390363273,-0.049075897457117455
weak,0.065,-0.07159613823574114,-0.007539380530961739,0.0640567577047794,0,0.006488057729947173,0.006488057729947173,-0.049000736687714055
weak,0.07,-0.0715432268441971,-0.007923926936457836,0.06361929990773926,0,0.006985664828003289,0.006985664828003289,-0.048922727535708525
weak,0.075,-0.07148640852702841,-0.008307849509420652,0.06317855901760776,0,0.007482944267648913,0.007482944267648913,-0.04884188085593019
weak,0.08,-0.0714256859496262,-0.00869112600694667,0.06273455994267953,0,0.007979872628885169,0.007979872628885169,-0.0487582076132447
weak,0.085,-0.07136106196133364,-0.009073734272676274,0.06228732768865737,0,0.008476426488347311,0.008476426488347311,-0.04867171888085994
weak,0.09,-0.07129253959547786,-0.009455652237639832,0.06183688735783803,0,0.00897258241904938,0.00897258241904938,-0.04858242583864559
weak,0.095,-0.07122012206939342,-0.009836857921086456,0.061383264148306964,0,0.009468316990122204,0.009468316990122204,-0.048490339771470874
weak,0.1,-0.07114381278445697,-0.010217329431303688,0.06092648335315329,0,0.009963606766545036,0.009963606766545036,-0.04839547206756134
weak,0.105,-0.07106361532612147,-0.010597044966422484,0.06046657035969899,0,0.010458428308869335,0.010458428308869335,-0.04829783421687063
weak,0.11,-0.0709795334639508,-0.010975982815210424,0.060003550648740384,0,0.01095275817293515,0.01095275817293515,-0.04819743780947061
weak,0.115,-0.07089157115165849,-0.011354121357850662,0.05953744979380783,0,0.011446572909578874,0.011446572909578874,-0.048094294533959185
weak,0.12,-0.0707997325271474,-0.011731439066710201,0.059068293460437196,0,0.011939849064332016,0.011939849064332016,-0.047988416175883813
weak,0.125,-0.07070402191255327,-0.012107914507095155,0.05859610740545812,0,0.012432563177110563,0.012432563177110563,-0.047879814616184894
weak,0.13,-0.07060444381429064,-0.012483526337994036,0.0581209174762966,0,0.012924691781893753,0.012924691781893753,-0.047768501829654156
weak,0.135,-0.0705010029230999,-0.01285825331280889,0.057642749610291005,0,0.01341621140639241,0.01341621140639241,-0.04765448988341227
weak,0.14,-0.07039370411409765,-0.013232074280073586,0.057161629834024064,0,0.013907098571705495,0.013907098571705495,-0.047537790935401614
weak,0.145,-0.07028255244683085,-0.013604968184163119,0.05667758426266773,0,0.01439732979196421,0.01439732979196421,-0.04741841723289853
weak,0.15,-0.0701675531653333,-0.013976914065987226,0.056190639099346074,0,0.014886881573963496,0.014886881573963496,-0.04729638111104144
weak,0.155,-0.07004871169818239,-0.014347891063676625,0.055700820634505765,0,0.015375730416779278,0.015375730416779278,-0.04717169499137657
weak,0.16,-0.06992603365856478,-0.01471787841325529,0.0552081552453095,0,0.015863852811371124,0.015863852811371124,-0.047044371380421224
weak,0.165,-0.06979952484433842,-0.015086855449301719,0.0547126693950367,0,0.01635122524016968,0.01635122524016968,-0.04691442286824434
weak,0.17,-0.06966919123810382,-0.015454801605600315,0.0542143896325035,0,0.016837824176646976,0.016837824176646976,-0.04678186212706137
weak,0.17500000000000002,-0.06953503900727395,-0.01582169641578044,0.05371334259149351,0,0.017323626084869967,0.017323626084869967,-0.0466467019098521
weak,0.18,-0.06939707450415152,-0.016187519513946924,0.05320955499020459,0,0.017808607419035147,0.017808607419035147,-0.04650895504898937
weak,0.185,-0.06925530426600898,-0.016552250635296424,0.05270305363071256,0,0.018292744622983623,0.018292744622983623,-0.04636863445488854
weak,0.19,-0.0691097350151688,-0.01691586961672492,0.05219386539844388,0,0.01877601412969582,0.01877601412969582,-0.046225753114670996
weak,0.195,-0.06896037365909412,-0.01727835639742806,0.05168201726166606,0,0.019258392360763838,0.019258392360763838,-0.04608032409084857
weak,0.2,-0.06880722729047861,-0.017639691019484368,0.05116753627099424,0,0.01973985572584086,0.01973985572584086,-0.04593236052002023
weak,0.20500000000000002,-0.06865030318734287,-0.017999853628433968,0.050650449558908905,0,0.020220380622066162,0.020220380622066162,-0.045781875611587704
weak,0.21,-0.06848960881313423,-0.018358824473845927,0.0501307843392883,0,0.020699943433463677,0.020699943433463677,-0.04562888264648784
weak,0.215,-0.06832515181683507,-0.018716583909873095,0.04960856790696198,0,0.02117852053031354,0.02117852053031354,-0.04547339497594158
weak,0.22,-0.06815694003306859,-0.019073112395801766,0.04908382763726682,0,0.02165608826849492,0.02165608826849492,-0.045315426020216897
weak,0.225,-0.0679849814822188,-0.019428390496586633,0.04855659098563217,0,0.022132622988796875,0.022132622988796875,-0.0451549892674113
weak,0.23,-0.06780928437055098,-0.019782398883381503,0.04802688548716948,0,0.022608101016198076,0.022608101016198076,-0.04499209827224929
weak,0.23500000000000001,-0.06762985709033707,-0.020135118334055548,0.047494738756281525,0,0.02308249865911149,0.02308249865911149,-0.04482676665489583
weak,0.24,-0.0674467082199892,-0.020486529733704063,0.04696017848628514,0,0.023555792208592552,0.023555792208592552,-0.04465900809978467
weak,0.245,-0.06725984652420243,-0.020836614075147575,0.04642323244905486,0,0.02402795793750916,0.02402795793750916,-0.044488836354465135
weak,0.25,-0.0670692809540966,-0.021185352459424458,0.04588392849467214,0,0.024498972099670665,0.024498972099670665,-0.044316265228463665
weak,0.255,-0.06687502064737069,-0.021532726096271982,0.045342294551098714,0,0.024968810928913787,0.024968810928913787,-0.04414130859215931
weak,0.26,-0.06667707492846756,-0.02187871630460174,0.04479835862386582,0,0.025437450638142945,0.025437450638142945,-0.043963980375677975
weak,0.265,-0.06647545330873567,-0.02222330451296125,0.04425214879577442,0,0.025904867418321948,0.025904867418321948,-0.04378429456779986
weak,0.27,-0.06627016548660976,-0.022566472259994346,0.04370369322661541,0,0.026371037437415045,0.026371037437415045,-0.04360226521488311
weak,0.275,-0.06606122134779668,-0.02290820119488568,0.043153020152911004,0,0.026835936839272236,0.026835936839272236,-0.04341790641980286
weak,0.28,-0.065848630965465,-0.02324847307780409,0.04260015788766092,0,0.027299541742459382,0.027299541742459382,-0.04323123234090535
weak,0.28500000000000003,-0.06563240460045283,-0.02358726978033066,0.042045134820122176,0,0.027761828239025406,0.027761828239025406,-0.04304225719097648
weak,0.29,-0.06541255270147703,-0.023924573285883946,0.04148797941559308,0,0.028222772393205232,0.028222772393205232,-0.042850995236226326
weak,0.295,-0.06518908590536202,-0.024260365690136825,0.04092872021522519,0,0.028682350240055766,0.028682350240055766,-0.04265746079528858
weak,0.3,-0.06496201503726957,-0.024594629201421914,0.04036738583584766,0,0.029140537784016755,0.029140537784016755,-0.042461668238232136
weak,0.305,-0.06473135111094834,-0.02492734614113327,0.039804004969815066,0,0.029597310997396903,0.029597310997396903,-0.04226363198559145
weak,0.31,-0.0644971053289907,-0.02525849894411864,0.03923860638487205,0,0.030052645818776976,0.030052645818776976,-0.04206336650740773
weak,0.315,-0.06425928908310592,-0.0255880701590646,0.03867121892404132,0,0.030506518151325927,0.030506518151325927,-0.041860886322286184
weak,0.32,-0.06401791395440301,-0.02591604244887381,0.0381018715055292,0,0.030958903861026437,0.030958903861026437,-0.04165620599646623
weak,0.325,-0.0637729917136919,-0.026242398591036865,0.03753059312265503,0,0.03140977877480079,0.03140977877480079,-0.041449340142908554
weak,0.33,-0.06352453432179715,-0.026567121477993776,0.036957412843803376,0,0.03185911867853393,0.03185911867853393,-0.04124030342039177
weak,0.335,-0.06327255392988826,-0.02689019411749211,0.03638235981239615,0,0.03230689931498606,0.03230689931498606,-0.041029110532627
weak,0.34,-0.06301706287982786,-0.027211599632935384,0.035805463246892474,0,0.03275309638158732,0.03275309638158732,-0.040815776227383055
weak,0.34500000000000003,-0.06275807370453537,-0.02753132126372564,0.035226752440809736,0,0.0331976855281081,0.0331976855281081,-0.04060031529562747
weak,0.35000000000000003,-0.06249559912837173,-0.027849342365600778,0.03464625676277095,0,0.03364064235419656,0.03364064235419656,-0.040382742570679066
weak,0.355,-0.06222965206754354,-0.02816564641096217,0.03406400565658137,0,0.03408194240677479,0.03408194240677479,-0.04016307292737487
weak,0.36,-0.06196024563052642,-0.028480216989197896,0.03348002864132853,0,0.034521561177284096,0.034521561177284096,-0.0399413212812502
weak,0.365,-0.061687393118514816,-0.02879303780700049,0.03289435531151433,0,0.0349594740987716,0.0349594740987716,-0.03971750258773069
weak,0.37,-0.06141110802589002,-0.029104092688675386,0.03230701533721463,0,0.03539565654280441,0.03539565654280441,-0.03949163184133873
weak,0.375,-0.06113140404071607,-0.029413365576446464,0.031718038464269606,0,0.03583008381620313,0.03583008381620313,-0.03926372407491112
weak,0.38,-0.06084829504526207,-0.029720840530751927,0.03112745451451014,0,0.03626273115758183,0.03626273115758183,-0.0390337943588302
weak,0.385,-0.06056179511655479,-0.030026501730539168,0.03053529338601562,0,0.0366935737336801,0.0366935737336801,-0.03880185780026725
weak,0.39,-0.060271918526953336,-0.030330333473547605,0.02994158505340573,0,0.03712258663547571,0.03712258663547571,-0.03856792954243835
weak,0.395,-0.059978679744763244,-0.030632320176590462,0.029346359568172782,0,0.037549744874061146,0.037549744874061146,-0.038332024763871535
weak,0.4,-0.0596820934348814,-0.030932446375829946,0.028749647059051454,0,0.03797502337626924,0.03797502337626924,-0.038094158677687506
weak,0.405,-0.05938217445947366,-0.031230696727045384,0.02815147773242828,0,0.03839839698002953,0.03839839698002953,-0.03785434653089073
weak,0.41000000000000003,-0.059078937878694296,-0.031527056005895344,0.02755188187279895,0,0.038819840429438424,0.038819840429438424,-0.037612603603673495
weak,0.41500000000000004,-0.058772398951443164,-0.03182150910817783,0.02695088984326533,0,0.03923932836952157,0.03923932836952157,-0.037368945208730284
weak,0.42,-0.05846257313616207,-0.032114041050082455,0.026348532086079617,0,0.03965683534066766,0.03965683534066766,-0.037123386690585396
weak,0.425,-0.05814947609168561,-0.03240463696843562,0.025744839123249992,0,0.04007233577271165,0.04007233577271165,-0.03687594342493041
weak,0.43,-0.05783312367812851,-0.0326932821209454,0.025139841557183115,0,0.04048580397864009,0.04048580397864009,-0.036626630817973106
weak,0.435,-0.057513531957831314,-0.03297996188643795,0.02453357007139336,0,0.040897214147894025,0.040897214147894025,-0.036375464305798286
weak,0.44,-0.05719071719636105,-0.03326466176508884,0.023926055431272207,0,0.04130654033923887,0.04130654033923887,-0.0361224593537389
weak,0.445,-0.056864695863561084,-0.03354736737865062,0.023317328484910464,0,0.041713756473170355,0.041713756473170355,-0.03586763145575753
weak,0.45,-0.05653548463467477,-0.03382806447067693,0.022707420163997835,0,0.04211883632382246,0.04211883632382246,-0.03561099613384043
weak,0.455,-0.05620310039152513,-0.034106738906737266,0.022096361484787864,0,0.04252175351034118,0.04252175351034118,-0.0353525689373986
weak,0.46,-0.05586756022376679,-0.03438337667463256,0.021484183549134235,0,0.042922481487683566,0.042922481487683566,-0.03509236544268364
weak,0.465,-0.05552888143021747,-0.034657963884603675,0.020870917545613793,0,0.043320993536798726,0.043320993536798726,-0.034830401252210375
weak,0.47000000000000003,-0.055187081520262395,-0.03493048676953196,0.020256594750730432,0,0.043717262754146086,0.043717262754146086,-0.034566691994191184
weak,0.47500000000000003,-0.054842178215347655,-0.03520093168514483,0.019641246530202827,0,0.044111262040497076,0.044111262040497076,-0.03430125332198047
weak,0.48,-0.05449418945056279,-0.0354692851102052,0.019024904340357585,0,0.04450296408896781,0.04450296408896781,-0.03403410091352767
weak,0.485,-0.0541431333763235,-0.03573553364670703,0.018407599729616475,0,0.04489234137222214,0.04489234137222214,-0.0337652504708419
weak,0.49,-0.05378902836015452,-0.03599966402005867,0.01778936434009585,0,0.045279366128779946,0.045279366128779946,-0.033494717719464585
weak,0.495,-0.05343189298858496,-0.036261663079268175,0.017170229909316784,0,0.04566401034835983,0.04566401034835983,-0.033222518407952345
weak,0.5,-0.05307174606916549,-0.036521517797122004,0.016550228272043485,0,0.04604624575617979,0.04604624575617979,-0.0329486683073693
weak,0.505,-0.05270860663260812,-0.03677921527035697,0.015929391362251147,0,0.04642604379613156,0.04642604379613156,-0.03267318321078804
weak,0.51,-0.05234249393506949,-0.03703474271983519,0.015307751215234304,0,0.046803375612737105,0.046803375612737105,-0.032396078932800325
weak,0.515,-0.05197342746057337,-0.03728808749070783,0.014685339969865534,0,0.04717821203178795,0.04717821203178795,-0.032117371309036045
weak,0.52,-0.05160142692359663,-0.03753923705258051,0.014062189871016116,0,0.0475505235395576,0.0475505235395576,-0.03183707619569205
weak,0.525,-0.05122651227182478,-0.03778817899967274,0.01343833327215204,0,0.0479202802604681,0.0479202802604681,-0.03155520946906844
weak,0.53,-0.05084870368908083,-0.038034901050973055,0.012813802638107774,0,0.04828745193307966,0.04828745193307966,-0.03127178702511401
weak,0.535,-0.050468021598461574,-0.03827939105039248,0.012188630548069096,0,0.048652007884262424,0.048652007884262424,-0.030986824778980803
weak,0.54,-0.05008448666567746,-0.03852163696691241,0.011562849698765053,0,0.049013917001390385,0.049013917001390385,-0.030700338664585783
weak,0.545,-0.0496981198026185,-0.03876162689473275,0.010936492907885752,0,0.04937314770238885,0.04937314770238885,-0.030412344634181392
weak,0.55,-0.04930894217117033,-0.0389993490534118,0.010309593117758531,0,0.049729667903443665,0.049729667903443665,-0.030122858657934456
weak,0.555,-0.04891697518728586,-0.03923479178800596,0.009682183399279905,0,0.05008344498416836,0.05008344498416836,-0.02983189672351232
weak,0.56,-0.048522240525348787,-0.03946794356920731,0.009054296956141475,0,0.05043444574999659,0.05043444574999659,-0.02953947483567747
weak,0.5650000000000001,-0.04812476012283674,-0.03969879299347287,0.008425967129363873,0,0.05078263639155084,0.05078263639155084,-0.029245609015889247
weak,0.5700000000000001,-0.04772455618532426,-0.039927328783157946,0.007797227402166311,0,0.05112798244071119,0.05112798244071119,-0.028950315301914085
weak,0.5750000000000001,-0.04732165119183921,-0.04015353978664005,0.007168111405199164,0,0.05147044872307428,0.05147044872307428,-0.028653609747442164
weak,0.58,-0.04691606790060838,-0.04037741497844308,0.006538652922165301,0,0.05180999930646787,0.05180999930646787,-0.028355508421712333
weak,0.585,-0.04650782935522706,-0.0405989434593591,0.005908885895867959,0,0.05214659744514547,0.05214659744514547,-0.028056027409143796
weak,0.59,-0.04609695889128046,-0.04081811445656531,0.005278844434715151,0,0.05248020551924662,0.05248020551924662,-0.027755182808974953
weak,0.595,-0.04568348014346746,-0.04103491732373829,0.004648562819729168,0,0.05281078496906424,0.05281078496906424,-0.02745299073490929
weak,0.6,-0.045267417053256556,-0.04124934154116745,0.004018075512089103,0,0.05313829622360914,0.05313829622360914,-0.02714946731476837
weak,0.605,-0.04484879387712747,-0.04146137671586446,0.0033874171612630136,0,0.0534626986229058,0.0534626986229058,-0.02684462869015173
weak,0.61,-0.044427635195455895,-0.04167101258166936,0.0027566226137865357,0,0.0537839503333891,0.0537839503333891,-0.026538491016102783
weak,0.615,-0.044003965922084484,-0.04187823899935579,0.0021257269227286935,0,0.05410200825570186,0.05410200825570186,-0.026231070460781995
weak,0.62,-0.043577811314653464,-0.042083045956731575,0.0014947653579218886,0,0.05441682792410831,0.05441682792410831,-0.025922383205146234
weak,0.625,-0.043149196985759225,-0.042285423568739454,0.0008637734170197711,0,0.054728363396651714,0.054728363396651714,-0.025612445442634038
weak,0.63,-0.042718148915012605,-0.04248536207755257,0.00023278683746003753,0,0.055036567135080046,0.055036567135080046,-0.0253012733788588
weak,0.635,-0.04228469346208193,-0.042682851852670074,-0.00039815839058814084,1,-0.02498888323130502,0.055341389873443315,-0.02498888323130502
weak,0.64,-0.04184885738082179,-0.04287788339100773,-0.0010290260101859447,1,-0.024675291229034457,0.055642780474138016,-0.024675291229034457
weak,0.645,-0.041410667834582374,-0.0430704473169894,-0.0016597794824070242,1,-0.024360513612394667,0.05594068577002241,-0.024360513612394667
weak,0.65,-0.040970152412818935,-0.04326053438263348,-0.0022903819698145422,1,-0.024044566632735503,0.056235050391053344,-0.024044566632735503
weak,0.655,-0.040527339149131085,-0.04344813546763818,-0.002920796318507092,1,-0.023727466552130632,0.0565258165737006,-0.023727466552130632
weak,0.66,-0.0400822565408712,-0.043633241579464986,-0.0035509850385937874,1,-0.02340922964310502,0.05681292395117671,-0.02340922964310502
weak,0.665,-0.03963493357048144,-0.04381584385342053,-0.004180910282939092,1,-0.023089872188366726,0.057096309322254984,-0.023089872188366726
weak,0.67,-0.03918539972874635,-0.04399593355273317,-0.004810533823986822,1,-0.022769410480546357,0.05737590639617072,-0.022769410480546357
weak,0.675,-0.03873368504013824,-0.04417350206863235,-0.005439817028494116,1,-0.02244786082193909,0.05765164551075334,-0.02244786082193909
weak,0.68,-0.03827982009050717,-0.04434854092042263,-0.006068720829915462,1,-0.022125239524254575,0.05792345332056057,-0.022125239524254575
weak,0.685,-0.03782383605733877,-0.04452104175555643,-0.006697205698217655,1,-0.021801562908369855,0.0581912524513407,-0.021801562908369855
weak,0.6900000000000001,-0.037365764742877686,-0.044690996349705074,-0.0073252316068273884,1,-0.021476847304088324,0.05845496111663599,-0.021476847304088324
weak,0.6950000000000001,-0.03690563861042265,-0.04485839660682872,-0.007952757996406074,1,-0.02115110904990343,0.05871449269175617,-0.02115110904990343
weak,0.7000000000000001,-0.03644349082415726,-0.045023234559241655,-0.008579743735084397,1,-0.0208243644927673,0.058969755239656786,-0.0208243644927673
weak,0.705,-0.03597935529290676,-0.04518550236768126,-0.009206147074774504,1,-0.020496629987863717,0.05922065098247698,-0.020496629987863717
weak,0.71,-0.03551326671828915,-0.04534519232136859,-0.009831925603079439,1,-0.02016792189838647,0.05946707571155675,-0.02016792189838647
weak,0.715,-0.035045260647762394,-0.045502296838071964,-0.01045703619030957,1,-0.019838256595320465,0.05970891812768267,-0.019838256595320465
weak,0.72,-0.03457537353316175,-0.045656808464167024,-0.011081434931005274,1,-0.01950765045723021,0.05994605910206041,-0.01950765045723021
weak,0.725,-0.034103642795386156,-0.04580871987469546,-0.011705077079309303,1,-0.019176119870050017,0.06017837084702891,-0.019176119870050017
weak,0.73,-0.03363010689599393,-0.04595802387342229,-0.012327916977428362,1,-0.018843681226879225,0.06040571598381904,-0.018843681226879225
weak,0.735,-0.03315480541657241,-0.0461047133928902,-0.012949907976317787,1,-0.018510350927782724,0.060627946492621584,-0.018510350927782724
weak,0.74,-0.03267777914686937,-0.04624878149447548,-0.01357100234760611,1,-0.018176145379593767,0.06084490252784024,-0.018176145379593767
weak,0.745,-0.032199070182825015,-0.046390221368438594,-0.01419115118561358,1,-0.017841080995721913,0.061056411078572084,-0.017841080995721913
weak,0.75,-0.031718722035807424,-0.046529026333976556,-0.014810304298169132,1,-0.017505174195964684,0.06126228445101746,-0.017505174195964684
weak,0.755,-0.031236779754552,-0.04666518983927058,-0.01542841008471858,1,-0.01716844140632324,0.061462318545525016,-0.01716844140632324
weak,0.76,-0.03075329006154482,-0.04679870546153654,-0.01604541539999172,1,-0.01683089905882071,0.06165629089624394,-0.01683089905882071
weak,0.765,-0.0302683015058558,-0.0469295669070696,-0.0166612654012138,1,-0.016492563591325643,0.061843958435688316,-0.016492563591325643
weak,0.77,-0.02978186463475123,-0.047057768011288546,-0.017275903376537317,1,-0.016153451447378134,0.06202505493972218,-0.016153451447378134
weak,0.775,-0.02929403218679728,-0.04718330273878418,-0.017889270551986903,1,-0.015813579076019577,0.06219928810033031,-0.015813579076019577
weak,0.78,-0.028804859309618073,-0.04730616518335611,-0.01850130587373804,1,-0.015472962931625712,0.06236633616370035,-0.015472962931625712
weak,0.785,-0.028314403806004217,-0.047426349568058065,-0.01911194576205385,1,-0.015131619473743422,0.06252584405927515,-0.015131619473743422
weak,0.79,-0.027822726412705057,-0.047543850245235775,-0.019721123832530718,1,-0.014789565166930125,0.06267741893102624,-0.014789565166930125
weak,0.795,-0.02732989111700969,-0.04765866169656745,-0.02032877057955776,1,-0.014446816480596973,0.0628206249646934,-0.014446816480596973
weak,0.8,-0.02683596551712904,-0.04777077853309913,-0.020934813015970086,1,-0.014103389888854553,0.06295497738336961,-0.014103389888854553
weak,0.805,-0.026341021233492717,-0.047880195495283405,-0.021539174261790688,1,-0.013759301870361666,0.06307993545765704,-0.013759301870361666
weak,0.81,-0.02584513437941512,-0.04798690745301232,-0.022141773073597198,1,-0.013414568908177632,0.06319489434450727,-0.013414568908177632
weak,0.8150000000000001,-0.025348386101177896,-0.048090909405653214,-0.022742523304475317,1,-0.013069207489616272,0.06329917552928925,-0.013069207489616272
weak,0.8200000000000001,-0.024850863199545985,-0.04819219648207942,-0.023341333282533433,1,-0.012723234106103756,0.06339201559670553,-0.012723234106103756
weak,0.8250000000000001,-0.024352658847114596,-0.04829076394070565,-0.023938105093591056,1,-0.012376665253038478,0.063472552995504,-0.012376665253038478
weak,0.8300000000000001,-0.023853873418798924,-0.04838660716951316,-0.024532733750714235,1,-0.012029517429653736,0.06353981238639757,-0.012029517429653736
weak,0.835,-0.02335461545635888,-0.048479721686085185,-0.025125106229726305,1,-0.011681807138882696,0.06359268606830969,-0.011681807138882696
weak,0.84,-0.02285500279227529,-0.0485701031376312,-0.02571510034535591,1,-0.011333550887226415,0.06362991185993432,-0.011333550887226415
weak,0.845,-0.02235516386372946,-0.048657747301017094,-0.026302583437287634,1,-0.010984765184623107,0.06365004666514222,-0.010984765184623107
weak,0.85,-0.021855239254214884,-0.04874265008279042,-0.026887410828575535,1,-0.010635466544321103,0.06365143476372467,-0.010635466544321103
weak,0.855,-0.021355383508725904,-0.04882480751920496,-0.027469424010479058,1,-0.010285671482752787,0.06363216963261173,-0.010285671482752787
weak,0.86,-0.020855767278988278,-0.048904215776247435,-0.028048448497259158,1,-0.0099353965194114,0.06359004780344034,-0.0099353965194114
weak,0.865,-0.020356579868348705,-0.048980871149659856,-0.02862429128131115,1,-0.009584658176729469,0.0635225128827601,-0.009584658176729469
weak,0.87,-0.01985803226248499,-0.049054770064961783,-0.029196737802476794,1,-0.009233472979959667,0.06342658737927376,-0.009233472979959667
weak,0.875,-0.01936036075290855,-0.0491259090774732,-0.029765548324564645,1,-0.00888185745705745,0.06329878937080544,-0.00888185745705745
weak,0.88,-0.01886383128644631,-0.04919428487233404,-0.030330453585887734,1,-0.008529828138565019,0.06313503026839043,-0.008529828138565019
weak,0.885,-0.018368744707000832,-0.04925989426452426,-0.03089114955752343,1,-0.00817740155749773,0.06293048895579795,-0.00817740155749773
weak,0.89,-0.017875443097595693,-0.049322734198884714,-0.03144729110128902,1,-0.007824594249232448,0.06267945635444906,-0.007824594249232448
weak,0.895,-0.01738431748324018,-0.049382801750131676,-0.031998484266891496,1,-0.007471422751395877,0.06237514293942462,-0.007471422751395877
weak,0.9,-0.01689581722091113,-0.04944009412287792,-0.03254427690196679,1,-0.007117903603756942,0.06200943987430075,-0.007117903603756942
weak,0.905,-0.016410461484663012,-0.049494608651645566,-0.033084147166982554,1,-0.006764053348118187,0.061572622233290776,-0.006764053348118187
weak,0.91,-0.015928853354050355,-0.0495463428008851,-0.03361748944683475,1,-0.006409888528210742,0.06105298030391346,-0.006409888528210742
weak,0.915,-0.015451697134054563,-0.0495952941649871,-0.03414359703093253,1,-0.006055425689588892,0.06043636243100284,-0.006055425689588892
weak,0.92,-0.014979819673331387,-0.04964146046829806,-0.03466164079496667,1,-0.005700681379526924,0.059705610796136184,-0.005700681379526924
weak,0.925,-0.014514196597238557,-0.04968483956513356,-0.035170642967895,1,-0.0053456721469170914,0.05883987101933845,-0.0053456721469170914
weak,0.93,-0.014055984513174644,-0.049725429439787625,-0.03566944492661298,1,-0.004990414542168489,0.0578137596511619,-0.004990414542168489
weak,0.935,-0.013606560335268391,-0.04976322820654915,-0.03615666787128076,1,-0.004634925117106784,0.05659638442417715,-0.004634925117106784
weak,0.9400000000000001,-0.01316756882886622,-0.04979823410970858,-0.036630665280842356,1,-0.004279220424875734,0.05515023747430439,-0.004279220424875734
weak,0.9450000000000001,-0.0127409791366889,-0.0498304455235697,-0.03708946638688081,1,-0.00392331701983865,0.05343003316291924,-0.00392331701983865
weak,0.9500000000000001,-0.01232915014756519,-0.04985986095245808,-0.03753071080489288,1,-0.003567231457481766,0.0513816574703379,-0.003567231457481766
weak,0.9550000000000001,-0.011934902668411018,-0.049886479030730055,-0.03795157636231904,1,-0.003210980294317256,0.048941559509557864,-0.003210980294317256
weak,0.96,-0.011561592822135851,-0.04991029852278032,-0.03834870570064447,1,-0.002854580087788248,0.046037172700899034,-0.002854580087788248
weak,0.965,-0.011213175139053861,-0.04993131832304918,-0.038718143183995316,1,-0.002498047396173469,0.04258930881126757,-0.002498047396173469
weak,0.97,-0.010894234848444671,-0.049949537456027336,-0.039055302607582665,1,-0.0021413987784929226,0.03851785666319472,-0.0021413987784929226
weak,0.975,-0.010609957407649667,-0.049964955076262856,-0.03935499766861319,1,-0.0017846507944140092,0.03375230955817044,-0.0017846507944140092
weak,0.98,-0.010365992619390559,-0.04997757046836614,-0.039611577848975586,1,-0.001427820004158492,0.028248147349891426,-0.001427820004158492
weak,0.985,-0.010168168939106595,-0.049987383047010975,-0.03981921410790438,1,-0.0010709229684090998,0.022008202723971707,-0.0010709229684090998
weak,0.99,-0.010022033811376384,-0.04999439235694297,-0.039972358545566584,1,-0.0007139762482171597,0.015104455190865895,-0.0007139762482171597
weak,0.995,-0.009932249238718133,-0.04999859807297613,-0.040066348834258,1,-0.0003569964049103562,0.007691326520842021,-0.0003569964049103562
weak,1.0,-0.009901951359278467,-0.04999999999999985,-0.04009804864072138,1,1.6933978036352822e-17,2.976475971143626e-17,1.6933978036352822e-17
strong,0.0,-0.9129696891006696,-0.36963821669799674,0.5433314724026728,0,0.0,0.0,0.0
strong,0.005,-0.9129592154854671,-0.3722961982344445,0.5406630172510226,0,0.002667080042999472,0.002667080042999472,-0.33779268499549525
strong,0.01,-0.9129277948362463,-0.3749442339081583,0.5379835609280881,0,0.005334110076224645,0.005334110076224645,-0.33652292810311885
strong,0.015,-0.9128754277421807,-0.37758227027880503,0.5352931574633757,0,0.00800104008675597,0.00800104008675597,-0.3352463915331513
strong,0.02,-0.9128021151852662,-0.3802102542903414,0.5325918608949248,0,0.010667820055378762,0.010667820055378762,-0.33396312393940747
strong,0.025,-0.9127078585403832,-0.3828281332667311,0.529879725273652,0,0.013334399953423892,0.013334399953423892,-0.33267317343893293
strong,0.03,-0.9125926595753872,-0.38543585490779486,0.5271568046675923,0,0.016000729739594374,0.016000729739594374,-0.3313765876283602
strong,0.035,-0.9124565204512133,-0.388033367285184,0.5244231531660293,0,0.01866675935677317,0.01866675935677317,-0.33007341359974957
strong,0.04,-0.912299443722017,-0.39062061883847904,0.521678824883538,0,0.021332438728807482,0.021332438728807482,-0.328763697955932
strong,0.045,-0.9121214323353398,-0.3931975583714065,0.5189238739639332,0,0.023997717757264243,0.023997717757264243,-0.3274474868253715
strong,0.05,-0.9119224896322901,-0.39576413504816843,0.5161583545841216,0,0.026662546318152753,0.026662546318152753,-0.32612482587656383
strong,0.055,-0.9117026193477629,-0.39832029838988686,0.5133823209578761,0,0.02932687425860864,0.02932687425860864,-0.32479576033198454
strong,0.06,-0.9114618256106742,-0.40086599827115255,0.5105958273395217,0,0.03199065139353443,0.03199065139353443,-0.32346033498160787
strong,0.065,-0.911200112944235,-0.4034011849166809,0.5077989280275541,0,0.03465382750219212,0.03465382750219212,-0.3221185941960028
strong,0.07,-0.9109174862662359,-0.40592580889806795,0.504991677368168,0,0.037316352324741266,0.037316352324741266,-0.3207705819390294
strong,0.075,-0.9106139508893751,-0.4084398211306425,0.5021741297587327,0,0.03997817555871854,0.03997817555871854,-0.3194163417801403
strong,0.08,-0.9102895125216017,-0.4109431728704194,0.4993463396511823,0,0.042639246855452284,0.042639246855452284,-0.3180559169063093
strong,0.085,-0.9099441772665016,-0.41343581571113847,0.4965083615553631,0,0.04529951581640697,0.04529951581640697,-0.3166893501335902
strong,0.09,-0.909577951623691,-0.4159177015813956,0.4936602500422954,0,0.04795893198945146,0.04795893198945146,-0.3153166839183264
strong,0.095,-0.9091908424892637,-0.4183887827418625,0.49080205974740126,0,0.05061744486504539,0.05061744486504539,-0.313937960368019
strong,0.1,-0.9087828571562495,-0.4208490117825853,0.4879338453736642,0,0.053275003872337356,0.053275003872337356,-0.3125532212518629
strong,0.105,-0.9083540033151175,-0.4232983416203713,0.48505566169474623,0,0.05593155837516839,0.05593155837516839,-0.3111625080109686
strong,0.11,-0.9079042890543001,-0.4257367254962488,0.4821675635580513,0,0.05858705766797406,0.05858705766797406,-0.3097658617682701
strong,0.115,-0.9074337228607574,-0.4281641169730074,0.47926960588775,0,0.061241450971579646,0.061241450971579646,-0.3083633233381388
strong,0.12,-0.9069423136205718,-0.4305804699328101,0.4763618436877617,0,0.06389468742887901,0.06389468742887901,-0.3069549332357064
strong,0.125,-0.9064300706195757,-0.4329857385748805,0.4734443320446952,0,0.06654671610039263,0.06654671610039263,-0.3055407316859098
strong,0.13,-0.9058970035440191,-0.4353798774132569,0.47051712613076224,0,0.06919748595969394,0.06919748595969394,-0.3041207586322656
strong,0.135,-0.9053431224812675,-0.4377628412746159,0.46758028120665157,0,0.07184694588870018,0.07184694588870018,-0.3026950537453824
strong,0.14,-0.904768437920545,-0.4401345852961619,0.46463385262438306,0,0.07449504467281462,0.07449504467281462,-0.30126365643122066
strong,0.145,-0.9041729607537075,-0.44249506492358,0.46167789583012747,0,0.07714173099591692,0.07714173099591692,-0.299826605839108
strong,0.15,-0.9035567022760638,-0.4448442359090515,0.4587124663670123,0,0.07978695343518777,0.07978695343518777,-0.29838394086951553
strong,0.155,-0.9029196741872335,-0.4471820543093281,0.4557376198779054,0,0.08243066045576147,0.08243066045576147,-0.29693570018160786
strong,0.16,-0.9022618885920438,-0.44950847648386705,0.45275341210817677,0,0.08507280040519614,0.08507280040519614,-0.2954819222005666
strong,0.165,-0.901583358001487,-0.45182345909302024,0.4497598989084668,0,0.08771332150775045,0.08771332150775045,-0.29402264512470044
strong,0.17,-0.9008840953336971,-0.4541269590962802,0.44675713623741686,0,0.09035217185845755,0.09035217185845755,-0.29255790693234895
strong,0.17500000000000002,-0.9001641139150021,-0.456418933750579,0.44374518016442305,0,0.09298929941698245,0.09298929941698245,-0.2910877453885799
strong,0.18,-0.8994234274810021,-0.45869934060863826,0.44072408687236386,0,0.0956246520012561,0.0956246520012561,-0.2896121980516935
strong,0.185,-0.8986620501777143,-0.4609681375173707,0.4376939126603436,0,0.0982581772808665,0.0982581772808665,-0.2881313022795363
strong,0.19,-0.8978799965627637,-0.4632252826163309,0.43465471394643285,0,0.10088982277020095,0.10088982277020095,-0.28664509523563203
strong,0.195,-0.8970772816066269,-0.4654707343362096,0.4316065472704173,0,0.10351953582132223,0.10351953582132223,-0.28515361389513283
strong,0.2,-0.8962539206939395,-0.46770445139738037,0.4285494692965591,0,0.10614726361656414,0.10614726361656414,-0.2836568950505993
strong,0.20500000000000002,-0.8954099296248565,-0.46992639280848586,0.4254835368163707,0,0.10877295316083223,0.10877295316083223,-0.2821549753176118
strong,0.21,-0.8945453246164808,-0.4721365178650691,0.42240880675141174,0,0.11139655127359477,0.11139655127359477,-0.2806478911402201
strong,0.215,-0.8936601223043461,-0.474334786148249,0.41932533615609713,0,0.11401800458054628,0.11401800458054628,-0.27913567879623674
strong,0.22,-0.8927543397439784,-0.4765211575234329,0.41623318222054556,0,0.11663725950492429,0.11663725950492429,-0.27761837440237574
strong,0.225,-0.8918279944125184,-0.478695592139072,0.4131324022734464,0,0.11925426225846492,0.11925426225846492,-0.27609601391924493
strong,0.23,-0.8908811042104202,-0.480858050425454,0.41002305378496623,0,0.12186895883197325,0.12186895883197325,-0.2745686331561949
strong,0.23500000000000001,-0.8899136874632269,-0.4830084930935355,0.40690519436969136,0,0.12448129498549061,0.12448129498549061,-0.2730362677760266
strong,0.24,-0.8889257629234165,-0.48514688113380594,0.4037788817896106,0,0.12709121623803685,0.12709121623803685,-0.27149895329956747
strong,0.245,-0.8879173497723433,-0.48727317581519286,0.4006441739571504,0,0.12969866785690248,0.12969866785690248,-0.26995672511011276
strong,0.25,-0.8868884676222583,-0.48938733868399664,0.3975011289382616,0,0.132303594846468,0.132303594846468,-0.2684096184577427
strong,0.255,-0.8858391365184141,-0.4914893315628628,0.3943498049555513,0,0.13490594193652478,0.13490594193652478,-0.2668576684635146
strong,0.26,-0.8847693769412737,-0.49357911654978287,0.3911902603914908,0,0.1375056535700681,0.1375056535700681,-0.2653009101235366
strong,0.265,-0.8836792098088134,-0.4956566560171301,0.3880225537916833,0,0.1401026738905367,0.1401026738905367,-0.26373937831292316
strong,0.27,-0.8825686564789241,-0.4977219126107234,0.3848467438682007,0,0.14269694672846497,0.14269694672846497,-0.2621731077896401
strong,0.275,-0.8814377387519237,-0.49977484924892157,0.3816628895030021,0,0.14528841558751557,0.14528841558751557,-0.26060213319823794
strong,0.28,-0.8802864788731859,-0.5018154291217497,0.3784710497514362,0,0.14787702362986127,0.14787702362986127,-0.25902648907348214
strong,0.28500000000000003,-0.8791148995358764,-0.5038436156900467,0.37527128384582975,0,0.15046271366087527,0.15046271366087527,-0.25744620984387484
strong,0.29,-0.8779230238838177,-0.505859372684647,0.37206365119917073,0,0.15304542811309435,0.15304542811309435,-0.25586132983508325
strong,0.295,-0.876710875514491,-0.5078626641055852,0.3688482114089058,0,0.1556251090294112,0.1556251090294112,-0.25427188327326283
strong,0.3,-0.8754784784821525,-0.5098534542213278,0.36562502426082477,0,0.15820169804545217,0.15820169804545217,-0.2526779042882943
strong,0.305,-0.8742258573011155,-0.511831707568028,0.3623941497330875,0,0.1607751363710965,0.1607751363710965,-0.2510794269169208
strong,0.31,-0.872953036949161,-0.5137973889488081,0.35915564800035293,0,0.1633453647710867,0.1633453647710867,-0.24947648510580214
strong,0.315,-0.8716600428711204,-0.5157504634330623,0.3559095794380581,0,0.16591232354467092,0.16591232354467092,-0.24786911271447823
strong,0.32,-0.8703469009826098,-0.5176908963557849,0.3526560046268249,0,0.16847595250423414,0.16847595250423414,-0.24625734351825052
strong,0.325,-0.8690136376739414,-0.5196186533169186,0.34939498435702276,0,0.1710361909528442,0.1710361909528442,-0.24464121121098095
strong,0.33,-0.8676602798142198,-0.5215337001807265,0.34612657963349325,0,0.17359297766065943,0.17359297766065943,-0.24302074940781043
strong,0.335,-0.8662868547556193,-0.5234360030751837,0.3428508516804356,0,0.1761462508401238,0.1761462508401238,-0.24139599164780134
strong,0.34,-0.8648933903378667,-0.5253255283913904,0.33956786194647637,0,0.17869594811988035,0.17869594811988035,-0.23976697139650488
strong,0.34500000000000003,-0.8634799148929362,-0.5272022427830039,0.3362776721099323,0,0.18124200651732517,0.18124200651732517,-0.23813372204845318
strong,0.35000000000000003,-0.8620464572499607,-0.5290661131656909,0.3329803440842698,0,0.1837843624097158,0.1837843624097158,-0.23649627692958416
strong,0.355,-0.8605930467403744,-0.5309171067165972,0.3296759400237772,0,0.18632295150375244,0.18632295150375244,-0.23485466929959317
strong,0.36,-0.8591197132033129,-0.532755190873838,0.3263645223294749,0,0.1888577088035285,0.1888577088035285,-0.23320893235422155
strong,0.365,-0.8576264869912529,-0.5345803333360025,0.32304615365525036,0,0.19138856857676223,0.19138856857676223,-0.23155909922747553
strong,0.37,-0.8561133989759419,-0.5363925020616785,0.3197208969142633,0,0.19391546431918552,0.19391546431918552,-0.22990520299378547
strong,0.375,-0.854580480554602,-0.5381916652689932,0.3163888152856088,0,0.1964383287169913,0.1964383287169913,-0.22824727667010153
strong,0.38,-0.8530277636564461,-0.5399777914351686,0.3130499722212775,0,0.19895709360720007,0.19895709360720007,-0.22658535321792933
strong,0.385,-0.851455280749509,-0.5417508492960953,0.30970443145341375,0,0.20147168993582582,0.20147168993582582,-0.22491946554530723
strong,0.39,-0.8498630648478168,-0.5435108078459187,0.30635225700189817,0,0.20398204771368894,0.20398204771368894,-0.22324964650872714
strong,0.395,-0.8482511495189131,-0.5452576363366423,0.30299351318227086,0,0.2064880959697332,0.2064880959697332,-0.2215759289149998
strong,0.4,-0.8466195688917643,-0.5469913042777452,0.29962826461401904,0,0.20898976270167202,0.20898976270167202,-0.2198983455230654
strong,0.405,-0.8449683576650601,-0.5487117814358113,0.2962565762292487,0,0.21148697482379913,0.21148697482379913,-0.2182169290457536
strong,0.41000000000000003,-0.8432975511159378,-0.5504190378341757,0.2928785132817622,0,0.21397965811176636,0.21397965811176636,-0.21653171215149183
strong,0.41500000000000004,-0.8416071851091551,-0.5521130437525822,0.2894941413565729,0,0.21646773714412926,0.21646773714412926,-0.21484272746596192
strong,0.42,-0.8398972961067284,-0.5537937697268522,0.2861035263798761,0,0.2189511352404402,0.2189511352404402,-0.21315000757371147
strong,0.425,-0.8381679211780794,-0.5554611865485707,0.2827067346295087,0,0.22142977439565323,0.22142977439565323,-0.21145358501971756
strong,0.43,-0.8364190980107082,-0.5571152652647785,0.27930383274592974,0,0.22390357521059273,0.22390357521059273,-0.20975349231090326
strong,0.435,-0.8346508649214285,-0.5587559771776818,0.2758948877437467,0,0.22637245681819812,0.22637245681819812,-0.20804976191761093
strong,0.44,-0.8328632608682023,-0.560383293844368,0.27247996702383426,0,0.2288363368052682,0.2288363368052682,-0.20634242627503122
strong,0.445,-0.8310563254626047,-0.5619971870765382,0.26905913838606643,0,0.23129513112937164,0.23129513112937164,-0.20463151778459077
strong,0.45,-0.8292300989829624,-0.5635976289402442,0.26563247004271817,0,0.2337487540305872,0.2337487540305872,-0.2029170688152988
strong,0.455,-0.8273846223882104,-0.56518459175564,0.26220003063257047,0,0.23619711793770157,0.23619711793770157,-0.20119911170505156
strong,0.46,-0.8255199373325037,-0.5667580480967442,0.2587618892357595,0,0.2386401333684585,0.2386401333684585,-0.19947767876190237
strong,0.465,-0.8236360861806388,-0.568317970791208,0.2553181153894307,0,0.2410777088234337,0.2410777088234337,-0.19775280226528766
strong,0.47000000000000003,-0.8217331120243325,-0.5698643329200973,0.2518687791042352,0,0.24350975067304825,0.24350975067304825,-0.1960245144672215
strong,0.47500000000000003,-0.8198110586994292,-0.5713971078176793,0.2484139508817499,0,0.24593616303723617,0.24593616303723617,-0.1942928475934505
strong,0.48,-0.8178699708040632,-0.572916269071224,0.24495370173283926,0,0.2483568476571792,0.2483568476571792,-0.1925578338445758
strong,0.485,-0.8159098937178801,-0.5744217905208073,0.2414881031970728,0,0.25077170375853997,0.25077170375853997,-0.19081950539713877
strong,0.49,-0.813930873622358,-0.5759136462591294,0.2380172273632286,0,0.2531806279055229,0.2531806279055229,-0.18907789440467646
strong,0.495,-0.8119329575223148,-0.5773918106313365,0.23454114689097827,0,0.25558351384505607,0.25558351384505607,-0.1873330329987403
strong,0.5,-0.8099161932686826,-0.5788562582348515,0.23105993503383104,0,0.25798025234033306,0.25798025234033306,-0.18558495328988847
strong,0.505,-0.8078806295826341,-0.5803069639192149,0.2275736656634192,0,0.26037073099285796,0.26037073099285796,-0.18383368736864242
strong,0.51,-0.8058263160811512,-0.5817439027859296,0.2240824132952216,0,0.26275483405210165,0.26275483405210165,-0.18207926730641658
strong,0.515,-0.8037533033041451,-0.5831670501883139,0.22058625311583113,0,0.2651324422117527,0.2651324422117527,-0.180321725156418
strong,0.52,-0.8016616427432289,-0.5845763817313645,0.21708526101186443,0,0.26750343239148927,0.26750343239148927,-0.1785610929545166
strong,0.525,-0.7995513868722652,-0.5859718732716195,0.21357951360064575,0,0.2698676775030782,0.2698676775030782,-0.17679740272008962
strong,0.53,-0.7974225891798218,-0.5873535009170366,0.21006908826278514,0,0.27222504619950344,0.27222504619950344,-0.1750306864568365
strong,0.535,-0.7952753042036611,-0.5887212410268703,0.20655406317679081,0,0.27457540260570923,0.27457540260570923,-0.17326097615356947
strong,0.54,-0.7931095875674259,-0.5900750702115584,0.20303451735586753,0,0.27691860602939966,0.27691860602939966,-0.17148830378497756
strong,0.545,-0.790925496019684,-0.5914149653326141,0.19951053068706992,0,0.27925451065019374,0.27925451065019374,-0.16971270131236482
strong,0.55,-0.7887230874754946,-0.5927409035025251,0.19598218397296951,0,0.2815829651852702,0.2815829651852702,-0.16793420068436632
strong,0.555,-0.7865024210607117,-0.5940528620846544,0.1924495589760573,0,0.283903812529445,0.283903812529445,-0.16615283383763796
strong,0.56,-0.7842635571592108,-0.5953508186931507,0.18891273846606016,0,0.2862168893674398,0.2862168893674398,-0.16436863269752341
strong,0.5650000000000001,-0.7820065574632917,-0.5966347511928608,0.18537180627043093,0,0.28852202575585656,0.28852202575585656,-0.16258162917870053
strong,0.5700000000000001,-0.7797314850274769,-0.5979046376992496,0.1818268473282273,0,0.2908190446721262,0.2908190446721262,-0.16079185518580327
strong,0.5750000000000001,-0.7774384043260011,-0.5991604565783228,0.17827794774767824,0,0.2931077615274402,0.2931077615274402,-0.1589993426140228
strong,0.58,-0.7751273813142809,-0.600402186446555,0.17472519486772597,0,0.2953879836403344,0.2953879836403344,-0.15720412334968942
strong,0.585,-0.7727984834946756,-0.6016298061708224,0.1711686773238532,0,0.29765950966726756,0.29765950966726756,-0.15540622927083
strong,0.59,-0.7704517799869115,-0.6028432948683403,0.16760848511857118,0,0.2999221289861528,0.2999221289861528,-0.15360569224771015
strong,0.595,-0.7680873416035398,-0.6040426319066035,0.1640447096969363,0,0.30217562102834983,0.30217562102834983,-0.15180254414335398
strong,0.6,-0.7657052409308678,-0.6052277969033308,0.16047744402753694,0,0.3044197545541686,0.3044197545541686,-0.14999681681404525
strong,0.605,-0.7633055524158101,-0.6063987697264162,0.15690678268939395,0,0.30665428686636503,0.30665428686636503,-0.14818854210981156
strong,0.61,-0.7608883524591895,-0.6075555304938792,0.15333282196531028,0,0.3088789629555349,0.3088789629555349,-0.1463777518748888
strong,0.615,-0.7584537195160307,-0.6086980595738223,0.1497556599422084,0,0.3110935145705875,0.3110935145705875,-0.14456447794816868
strong,0.62,-0.7560017342034845,-0.6098263375843906,0.14617539661909384,0,0.31329765920675956,0.31329765920675956,-0.14274875216362962
strong,0.625,-0.7535324794170385,-0.6109403453937355,0.14259213402330295,0,0.3154910990027253,0.3154910990027253,-0.14093060635075058
strong,0.63,-0.7510460404557853,-0.6120400641199776,0.1390059763358077,0,0.3176735195374082,0.3176735195374082,-0.13911007233490796
strong,0.635,-0.7485425051575662,-0.613125475131182,0.13541703002638417,0,0.3198445885159877,0.3198445885159877,-0.13728718193775766
strong,0.64,-0.7460219640449077,-0.614196560045325,0.13182540399958276,0,0.32200395433335066,0.32200395433335066,-0.1354619669776019
strong,0.645,-0.7434845104827673,-0.615253300730271,0.12823120975249636,0,0.32415124450182303,0.32415124450182303,-0.13363445926973908
strong,0.65,-0.7409302408492032,-0.6162956793037518,0.12463456154545138,0,0.3262860639284288,0.3262860639284288,-0.13180469062680092
strong,0.655,-0.7383592547202247,-0.6173236781333452,0.12103557658687947,0,0.32840799302508683,0.32840799302508683,-0.1299726928590744
strong,0.66,-0.7357716550701942,-0.6183372798364577,0.11743437523373645,0,0.3305165856331092,0.3305165856331092,-0.12813849777481026
strong,0.665,-0.7331675484893394,-0.6193364672803104,0.11383108120902896,0,0.3326113667409861,0.3326113667409861,-0.12630213718051722
strong,0.67,-0.7305470454200633,-0.6203212235819264,0.1102258218381369,0,0.3346918299717803,0.3346918299717803,-0.12446364288124277
strong,0.675,-0.7279102604139899,-0.6212915321081198,0.10661872830587005,0,0.3367574348133611,0.3367574348133611,-0.1226230466808426
strong,0.68,-0.7252573124118687,-0.6222473764754886,0.10300993593638019,0,0.33880760356119344,0.33880760356119344,-0.12078038038223524
strong,0.685,-0.7225883250487275,-0.6231887405504064,0.09939958449832109,0,0.34084171793938123,0.34084171793938123,-0.11893567578764615
strong,0.6900000000000001,-0.7199034269869581,-0.6241156084490204,0.09578781853793772,0,0.3428591153610021,0.3428591153610021,-0.11708896469883867
strong,0.6950000000000001,-0.717202752280326,-0.6250279645372447,0.0921747877430813,0,0.3448590847834758,0.3448590847834758,-0.11524027891733458
strong,0.7000000000000001,-0.7144864407722901,-0.6259257934307645,0.08856064734152558,0,0.3468408621085263,0.3468408621085263,-0.11338965024462162
strong,0.705,-0.7117546385324247,-0.6268090799950319,0.08494555853739283,0,0.3488036250692337,0.3488036250692337,-0.11153711048235215
strong,0.71,-0.7090074983352209,-0.6276778093452711,0.08132968898994986,0,0.35074648753843923,0.35074648753843923,-0.1096826914325282
strong,0.715,-0.7062451801861113,-0.6285319668464794,0.07771321333963188,0,0.35266849318327614,0.35266849318327614,-0.10782642489767873
strong,0.72,-0.7034678519001696,-0.629371538113434,0.07409631378673553,0,0.3545686083795261,0.3545686083795261,-0.10596834268102494
strong,0.725,-0.700675689739696,-0.6301965090106973,0.07047918072899861,0,0.3564457142866548,0.3564457142866548,-0.10410847658663679
strong,0.73,-0.697868879117704,-0.6310068656526234,0.06686201346508058,0,0.3582985979694074,0.3582985979694074,-0.10224685841957862
strong,0.735,-0.6950476153753069,-0.6318025944033678,0.06324502097193907,0,0.3601259424343122,0.3601259424343122,-0.10038351998604607
strong,0.74,-0.6922121046421121,-0.6325836818768964,0.05962842276521574,0,0.3619263154289659,0.3619263154289659,-0.09851849309349395
strong,0.745,-0.6893625647900062,-0.6333501149369943,0.0560124498530119,0,0.36369815682792545,0.36369815682792545,-0.09665180955075518
strong,0.75,-0.6864992264922262,-0.6341018806972794,0.052397345794946815,0,0.3654397644007841,0.3654397644007841,-0.09478350116814944
strong,0.755,-0.6836223344013282,-0.6348389665212135,0.048783367880114725,0,0.36714927772472955,0.36714927772472955,-0.09291359975758683
strong,0.76,-0.6807321484616718,-0.6355613600221146,0.04517078843955724,0,0.36882465996456837,0.36882465996456837,-0.09104213713265906
strong,0.765,-0.6778289453744407,-0.6362690490631714,0.04155989631126933,0,0.3704636771967733,0.3704636771967733,-0.08916914510872628
strong,0.77,-0.6749130202358982,-0.6369620217574565,0.03795099847844163,0,0.3720638748989545,0.3720638748989545,-0.08729465550299388
strong,0.775,-0.6719846883728618,-0.6376402664679426,0.034344421904919264,0,0.37362255116071685,0.37362255116071685,-0.08541870013458264
strong,0.78,-0.6690442874031347,-0.6383037718075163,0.030740515595618412,0,0.3751367260939074,0.3751367260939074,-0.0835413108245914
strong,0.785,-0.6660921795530884,-0.6389525266389939,0.02713965291409448,0,0.37660310682720843,0.37660310682720843,-0.08166251939615249
strong,0.79,-0.6631287542698592,-0.6395865200751398,0.023542234194719347,0,0.3780180473588076,0.3780180473588076,-0.07978235767448053
strong,0.795,-0.6601544311718107,-0.6402057414786798,0.019948689693130905,0,0.37937750240754614,0.37937750240754614,-0.07790085748691417
strong,0.8,-0.6571696633882991,-0.6408101804623195,0.01635948292597955,0,0.38067697424286306,0.38067697424286306,-0.07601805066295113
strong,0.805,-0.6541749413485032,-0.6413998268887628,0.012775114459740333,0,0.38191145128126247,0.38191145128126247,-0.07413396903427799
strong,0.81,-0.65117079708949,-0.6419746708707271,0.009196126218762868,0,0.383075337004869,0.383075337004869,-0.07224864443479247
strong,0.8150000000000001,-0.6481578091660986,-0.6425347027709605,0.005623106395138078,0,0.3841623674773644,0.3841623674773644,-0.07036210870062039
strong,0.8200000000000001,-0.6451366082600603,-0.6430799132022611,0.0020566950577991516,0,0.38516551539370514,0.38516551539370514,-0.06847439367012725
strong,0.8250000000000001,-0.6421078836035335,-0.6436102930274943,-0.0015024094239607377,1,-0.06658553118392378,0.3860768781897739,-0.06658553118392378
strong,0.8300000000000001,-0.6390723903535632,-0.6441258333596072,-0.005053443006043934,1,-0.06469555308486559,0.38688754724102226,-0.06469555308486559
strong,0.835,-0.6360309580795824,-0.6446265255616529,-0.008595567482070465,1,-0.06280449121804933,0.3875874545766864,-0.06280449121804933
strong,0.84,-0.6329845005569317,-0.6451123612468014,-0.012127860689869707,1,-0.060912377430801405,0.38816519280587974,-0.060912377430801405
strong,0.845,-0.6299340270965226,-0.64558333227836,-0.01564930518183738,1,-0.059019243572663985,0.38860780306772114,-0.059019243572663985
strong,0.85,-0.6268806556855903,-0.646039430769791,-0.01915877508420072,1,-0.05712512149537518,0.38890052474900966,-0.05712512149537518
strong,0.855,-0.6238256282685052,-0.6464806490847276,-0.022655020816222393,1,-0.05523004305284477,0.3890264994256351,-0.05523004305284477
strong,0.86,-0.6207703285617681,-0.6469069798369926,-0.026136651275224576,1,-0.05333404010112579,0.38896641994086595,-0.05333404010112579
strong,0.865,-0.6177163028756585,-0.6473184158906125,-0.029602113014953968,1,-0.051437144498382,0.388698113697991,-0.051437144498382
strong,0.87,-0.61466528450907,-0.6477149503598362,-0.033049665850766186,1,-0.04953938810485093,0.38819604708523947,-0.04953938810485093
strong,0.875,-0.6116192223963929,-0.6480965766091502,-0.03647735421275733,1,-0.047640802782803526,0.3874307354520345,-0.047640802782803526
strong,0.88,-0.6085803148185728,-0.6484632882532942,-0.03988297343472147,1,-0.04574142039649934,0.3863680402357297,-0.04574142039649934
strong,0.885,-0.6055510491468802,-0.6488150791572781,-0.043264030010397914,1,-0.04384127281213903,0.3849683317796571,-0.04384127281213903
strong,0.89,-0.6025342487687092,-0.6491519434363944,-0.04661769466768517,1,-0.04194039189781293,0.3831854932844985,-0.04194039189781293
strong,0.895,-0.5995331285488035,-0.6494738754562343,-0.04994074690743078,1,-0.0400388095234461,0.38096573859164107,-0.0400388095234461
strong,0.9,-0.5965513604012962,-0.6497808698327026,-0.05322950943140636,1,-0.03813655756074105,0.37824621483648935,-0.03813655756074105
strong,0.905,-0.5935931507747969,-0.6500729214320303,-0.05647977065723342,1,-0.03623366788311662,0.3749533616981806,-0.03623366788311662
strong,0.91,-0.5906633320584567,-0.6503500253707885,-0.059686693312331784,1,-0.034330172365644375,0.37100100413411485,-0.034330172365644375
strong,0.915,-0.5877674700536897,-0.6506121770159,-0.06284470696221034,1,-0.0324261028849828,0.3662881685763292,-0.0324261028849828
strong,0.92,-0.5849119896421587,-0.6508593719846532,-0.06594738234249442,1,-0.030521491319307946,0.36069663902759075,-0.030521491319307946
strong,0.925,-0.5821043204801062,-0.6510916061447123,-0.0689872856646061,1,-0.028616369548242468,0.3540883176296083,-0.028616369548242468
strong,0.93,-0.5793530637472395,-0.6513088756141286,-0.07195581186688915,1,-0.026710769452782068,0.34630253620831447,-0.026710769452782068
strong,0.935,-0.5766681793472571,-0.6515111767613522,-0.07484299741409506,1,-0.024804722915220095,0.33715359769334274,-0.024804722915220095
strong,0.9400000000000001,-0.5740611900210107,-0.6516985062052404,-0.07763731618422964,1,-0.022898261819069614,0.3264290299091209,-0.022898261819069614
strong,0.9450000000000001,-0.5715453939474731,-0.6518708608150678,-0.08032546686759479,1,-0.02099141804898412,0.31388933031702304,-0.02099141804898412
strong,0.9500000000000001,-0.569136069788766,-0.6520282377105346,-0.08289216792176868,1,-0.019084223490676365,0.29927038035887965,-0.019084223490676365
strong,0.9550000000000001,-0.5668506470164149,-0.6521706342617746,-0.08531998724535972,1,-0.017176710030835592,0.282290191246455,-0.017176710030835592
strong,0.96,-0.564708799388552,-0.6522980480893623,-0.08758924870081031,1,-0.01526890955704351,0.2626621150597479,-0.01526890955704351
strong,0.965,-0.5627324015045171,-0.6524104770643211,-0.089678075559804,1,-0.013360853957688339,0.24011688823804742,-0.013360853957688339
strong,0.97,-0.560945270827677,-0.6525079193081265,-0.09156264848044948,1,-0.01145257512187855,0.2144354504997589,-0.01145257512187855
strong,0.975,-0.5593726078623916,-0.6525903731927141,-0.09321776533032244,1,-0.009544104939355157,0.1854928048941501,-0.009544104939355157
strong,0.98,-0.5580400574924737,-0.6526578373404834,-0.09461777984800979,1,-0.007635475300402691,0.15330969594915597,-0.007635475300402691
strong,0.985,-0.5569723595772256,-0.6527103106243,-0.09573795104707439,1,-0.005726718095760086,0.1181036147801903,-0.005726718095760086
strong,0.99,-0.5561916462913478,-0.6527477921675019,-0.09655614587615413,1,-0.0038178652165304344,0.08032501822634329,-0.0038178652165304344
strong,0.995,-0.5557155685319888,-0.6527702813438993,-0.09705471281191047,1,-0.0019089485540906188,0.04066190907700483,-0.0019089485540906188
strong,1.0,-0.5555555555555558,-0.6527777777777778,-0.09722222222222199,1,-1.5324103985823123e-17,5.189150615196873e-16,-1.5324103985823123e-17
