curve,phi_over_pi,current,nrg_current,difference
strong,0.0,0.0,6.0006000600049125e-05,-6.0006000600049125e-05
strong,0.05,0.025732147733342224,0.0257125712571257,1.9576476216524863e-05
strong,0.1,0.051422903915876256,0.05136513651365135,5.7767402224906395e-05
strong,0.15,0.07703074786805328,0.07686768676867686,0.00016306109937641589
strong,0.2,0.1025138917407922,0.10237023702370238,0.00014365471708982502
strong,0.21,0.10759185127963891,0.10747074707470747,0.00012110420493144369
strong,0.22,0.11266279601867263,0.11257125712571256,9.153889296006912e-05
strong,0.23,0.11772638467343347,0.11752175217521751,0.00020463249821595086
strong,0.24,0.12278227484451676,0.1226222622262226,0.00016001261829415303
strong,0.25,0.1278301229403368,0.12772277227722773,0.00010735066310907371
strong,0.3,0.15293661237159778,0.15277527752775275,0.0001613348438450346
strong,0.32,0.16291072909745408,0.16267626762676266,0.00023446147069142165
strong,0.34,0.17284146458686017,0.17257725772577256,0.00026420686108760694
strong,0.35,0.17778966599393656,0.17752775277527752,0.00026191321865903783
strong,0.36,0.18272593926614644,0.18247824782478247,0.0002476914413639675
strong,0.38,0.19256123364449076,0.19237923792379238,0.00018199572069838021
strong,0.4,0.20234438219650552,0.2021302130213021,0.00021416917520342138
strong,0.43,0.21691471102856408,0.2166816681668167,0.00023304286174738453
strong,0.44,0.22174210399054495,0.22148214821482146,0.0002599557757234916
strong,0.45,0.22655414825854953,0.22628262826282627,0.0002715199957232517
strong,0.46,0.23135044178806768,0.2310831083108311,0.00026733347723659207
strong,0.5,0.2503698495735761,0.25013501350135015,0.00023483607222596348
strong,0.55,0.27373853689464167,0.27338733873387333,0.0003511981607683401
strong,0.6,0.2966010005973816,0.29633963396339635,0.0002613666339852383
strong,0.63,0.31004696205906485,0.3098409840984099,0.00020597796065496832
strong,0.64,0.31447985079488316,0.3141914191419142,0.0002884316529689901
strong,0.65,0.3188869590666731,0.3186918691869187,0.0001950898797543621
strong,0.66,0.32326746771359216,0.323042304230423,0.00022516348316914403
strong,0.67,0.32762049085486555,0.3273927392739274,0.0002277515809381292
strong,0.7,0.3405045138486496,0.3404440444044404,6.046944420917688e-05
strong,0.75,0.36131406497051033,0.36144614461446145,-0.00013207964395112182
strong,0.8,0.38105289172396584,0.38154815481548154,-0.0004952630915157075
strong,0.81,0.38482837999712816,0.38544854485448543,-0.0006201648573572749
strong,0.82,0.38853002584486535,0.3893489348934893,-0.0008189090486239725
strong,0.83,-0.0697167913967436,-0.07014701470147015,0.0004302233047265569
strong,0.84,-0.06564577880074557,-0.06594659465946595,0.0003008158587203824
strong,0.85,-0.06156930746517625,-0.0618961896189619,0.00032688215378565144
strong,0.86,-0.05748772127354947,-0.057695769576957705,0.00020804830340823144
strong,0.9,-0.0411170881163143,-0.04134413441344135,0.00022704629712704677
strong,0.95,-0.020579786880681718,-0.020642064206420646,6.227732573892836e-05
strong,1.0,2.1094237467877974e-15,6.0006000600049125e-05,-6.00060005979397e-05
weak,0.05,0.004606487175425392,0.004560456045604552,4.603112982084004e-05
weak,0.1,0.00918880243301793,0.009060906090609055,0.00012789634240887443
weak,0.15,0.013722620293281678,0.013561356135613559,0.00016126415766811938
weak,0.2,0.018183285758987536,0.01791179117911791,0.00027149457986962514
weak,0.25,0.02254558831482958,0.02226222622262225,0.00028336209220733086
weak,0.3,0.026783445953167964,0.026462646264626466,0.0003207996885414982
weak,0.35,0.030869435625340363,0.030363036303630353,0.0005063993217100105
weak,0.4,0.03477406230463263,0.03426342634263427,0.0005106359619983653
weak,0.45,0.038464575143698485,0.03771377137713772,0.0007508037665607675
weak,0.5,0.041902975703586365,0.041014101410141,0.0008888742934453631
weak,0.55,0.045042530554588706,0.04401440144014401,0.0010281291144446925
weak,0.56,0.04562951205861382,0.044614461446144615,0.0010150506124692038
weak,0.58,0.04675802073887163,0.045664566456645656,0.0010934542822259724
weak,0.6,0.04782139080325008,0.04656465646564656,0.001256734337603524
weak,0.62,0.048813321935634625,0.04746474647464746,0.0013485754609871628
weak,0.64,0.049726265886906665,0.0482148214821482,0.0015114444047584635
weak,0.65,0.050150324810806314,0.04866486648664867,0.0014854583241576472
weak,0.66,-0.0221220696438143,-0.022142214221422152,2.0144577607850156e-05
weak,0.67,-0.021521338919411742,-0.02154215421542155,2.081529600980736e-05
weak,0.68,-0.020916163888026224,-0.020942094209420947,2.5930321394723732e-05
weak,0.69,-0.02030667520328219,-0.020342034203420345,3.5359000138155544e-05
weak,0.7,-0.019693003908125204,-0.019591959195919592,-0.00010104471220561198
weak,0.75,-0.016566520165093912,-0.016591659165916595,2.513900082268261e-05
weak,0.8,-0.013355325965879211,-0.013291329132913296,-6.399683296591518e-05
weak,0.85,-0.010076154333332761,-0.009990999099909997,-8.515523342276371e-05
weak,0.9,-0.006745879553407039,-0.006690669066906699,-5.5210486500339995e-05
weak,0.95,-0.003381479503042465,-0.0033903390339034,8.859530860935022e-06
weak,1.0,-2.6645352591003757e-15,6.0006000600049125e-05,-6.000600060271366e-05
