setting,curve,phi_over_pi,even_energy,odd_energy,signed_gap,ground_parity,current,even_current,odd_current
paper,weak,0.0,-3.6095038126560106,-3.543087744732972,0.06641606792303856,0,0.0,0.0,0.0
paper,weak,0.03333333333333333,-3.609423359663818,-3.545489037987623,0.06393432167619473,0,0.0030724819064941525,0.0030724819064941525,-0.045737063391621924
paper,weak,0.05,-3.6093228373147084,-3.5466844041014784,0.06263843321322993,0,0.004606487175425392,0.004606487175425392,-0.045577109609175555
paper,weak,0.06666666666666667,-3.6091821879857116,-3.5478751855200463,0.06130700246566523,0,0.006137807916535495,0.006137807916535495,-0.045386864539193675
paper,weak,0.1,-3.608780860030127,-3.5502398446057724,0.05854101542435464,0,0.00918880243301793,0.00918880243301793,-0.04491665563299131
paper,weak,0.13333333333333333,-3.608220314886979,-3.5525767950908294,0.055643519796149565,0,0.012218249213165056,0.012218249213165056,-0.044328906358922934
paper,weak,0.15,-3.6078807329801093,-3.5537329725882016,0.05414776039190761,0,0.013722620293281678,0.013722620293281678,-0.043991792835943816
paper,weak,0.16666666666666666,-3.6075018710581443,-3.554879952576016,0.05262191848212838,0,0.015218867809492206,0.015218867809492206,-0.04362632966330409
paper,weak,0.2,-3.6066272305244635,-3.5571433807162043,0.04948384980825926,0,0.018183285758987536,0.018183285758987536,-0.04281186512468255
paper,weak,0.23333333333333334,-3.6055984844247546,-3.55936130266438,0.046237181760374835,0,0.021104004432453853,0.021104004432453853,-0.04188866292608205
paper,weak,0.25,-3.605027083521917,-3.5604514397947695,0.04457564372714762,0,0.02254558831482958,0.02254558831482958,-0.04138732342555737
paper,weak,0.26666666666666666,-3.60441812074759,-3.561528111693389,0.04289000905420126,0,0.023973355755747397,0.023973355755747397,-0.040860068478239274
paper,weak,0.3,-3.6030890346094013,-3.563638381030394,0.039450653579007344,0,0.026783445953167964,0.026783445953167964,-0.039729607729542496
paper,weak,0.3333333333333333,-3.601614541932076,-3.5656868729407027,0.03592766899137345,0,0.029526080861411397,0.029526080861411397,-0.03850097318535747
paper,weak,0.35,-3.600823923800304,-3.566686369332833,0.03413755446747091,0,0.030869435625340363,0.030869435625340363,-0.037851036912728425
paper,weak,0.36666666666666664,-3.5999983976788847,-3.5676685470983234,0.03232985058056137,0,0.03219266493147757,0.03219266493147757,-0.03717801064779691
paper,weak,0.4,-3.598244820310307,-3.5695785682811607,0.0286662520291463,0,0.03477406230463263,0.03477406230463263,-0.035764706676970855
paper,weak,0.43333333333333335,-3.596358524870128,-3.571412313428423,0.02494621144170539,0,0.03726040253537126,0.03726040253537126,-0.03426517676624979
paper,weak,0.45,-3.5953672279198168,-3.5722991973957723,0.02306803052404449,0,0.038464575143698485,0.038464575143698485,-0.03348439567833254
paper,weak,0.4666666666666667,-3.5943447682478356,-3.5731653780973316,0.021179390150503963,0,0.03964080432035177,0.03964080432035177,-0.032683654216664706
paper,weak,0.5,-3.5922094119150385,-3.5748335823550224,0.017375829560016154,0,0.041902975703586365,0.041902975703586365,-0.031024479689718876
paper,weak,0.5333333333333333,-3.5899590101983954,-3.576412976140763,0.01354603405763255,0,0.04403262465975971,0.04403262465975971,-0.029292091412689965
paper,weak,0.55,-3.588792935018907,-3.577168198775414,0.011624736243493139,0,0.045042530554588706,0.045042530554588706,-0.02839985347264628
paper,weak,0.56,-3.5880807793061162,-3.5776100429307767,0.010470736375339573,0,0.04562951205861382,0.04562951205861382,-0.027856506032380404
paper,weak,0.5666666666666667,-3.587600936600425,-3.5778998441317484,0.009701092468676453,0,0.04601257249222138,0.04601257249222138,-0.02749101600664596
paper,weak,0.58,-3.5866293961949163,-3.578467897312156,0.008161498882760299,0,0.04675802073887163,0.04675802073887163,-0.026752382793998577
paper,weak,0.6,-3.5851435680146326,-3.5792907101441083,0.005852857870524364,0,0.04782139080325008,0.04782139080325008,-0.02562585990417755
paper,weak,0.62,-3.5836254372695433,-3.5800777936186394,0.0035476436509038756,0,0.048813321935634625,0.048813321935634625,-0.024477950888508758
paper,weak,0.6333333333333333,-3.5825965590706197,-3.580582341099403,0.002014217971216592,0,0.0494312557552481,0.0494312557552481,-0.023701301321346156
paper,weak,0.64,-3.5820773631293847,-3.5808284919009052,0.0012488712284794978,0,0.049726265886906665,0.049726265886906665,-0.02330967759568099
paper,weak,0.65,-3.58129290457028,-3.5811900004517545,0.00010290411852542647,0,0.050150324810806314,0.050150324810806314,-0.022718225812200617
paper,weak,0.66,-3.5805019664179456,-3.5815421813818737,-0.0010402149639281433,1,-0.0221220696438143,0.05055103848605311,-0.0221220696438143
paper,weak,0.6666666666666666,-3.579971260316557,-3.5817717505843776,-0.001800490267820365,1,-0.021722082746618843,0.05080448242688407,-0.021722082746618843
paper,weak,0.67,-3.579704926866842,-3.5818849618141053,-0.002180034947263376,1,-0.021521338919411742,0.05092691652697574,-0.021521338919411742
paper,weak,0.68,-3.5789021888927954,-3.582218270913912,-0.00331608202111644,1,-0.020916163888026224,0.05127628967333467,-0.020916163888026224
paper,weak,0.69,-3.578094183282012,-3.5825420398958983,-0.0044478566138863584,1,-0.02030667520328219,0.051597281046508875,-0.02030667520328219
paper,weak,0.7,-3.5772813721520036,-3.5828562020301242,-0.005574829878120635,1,-0.019693003908125204,0.05188777214371282,-0.019693003908125204
paper,weak,0.7333333333333333,-3.574543996139091,-3.583833211534616,-0.009289215395524852,1,-0.017618915179770604,0.0526023894484175,-0.017618915179770604
paper,weak,0.75,-3.5731641810499157,-3.584280719046953,-0.011116537997037046,1,-0.016566520165093912,0.05278588345944443,-0.016566520165093912
paper,weak,0.7666666666666666,-3.5717813752051137,-3.584700550350797,-0.012919175145683415,1,-0.015504711386147473,0.052826923759165825,-0.015504711386147473
paper,weak,0.8,-3.5690238582877387,-3.585456247059708,-0.016432388771969286,1,-0.013355325965879211,0.05236636834426671,-0.013355325965879211
paper,weak,0.8333333333333334,-3.566315072819286,-3.5860985894464554,-0.019783516627169373,1,-0.011175725452962911,0.050896341082673296,-0.011175725452962911
paper,weak,0.85,-3.564998337452517,-3.586376788975942,-0.02137845152342477,1,-0.010076154333332761,0.04962327036092193,-0.010076154333332761
paper,weak,0.8666666666666667,-3.563721018918419,-3.586626126094828,-0.022905107176408812,1,-0.008970904235770637,0.04786631742554301,-0.008970904235770637
paper,weak,0.9,-3.561345468841545,-3.5870376677137474,-0.025692198872202532,1,-0.006745879553407039,0.0423593593020312,-0.006745879553407039
paper,weak,0.9333333333333333,-3.5593518944329707,-3.5873322882072407,-0.027980393774269974,1,-0.004505686689498835,0.03302556211817359,-0.004505686689498835
paper,weak,0.95,-3.558569926337838,-3.5874355358016423,-0.028865609463804454,1,-0.003381479503042465,0.02648885800130124,-0.003381479503042465
paper,weak,0.9666666666666667,-3.5579765443141564,-3.5875093254967534,-0.029532781182596946,1,-0.002255374323505796,0.018630081207825056,-0.002255374323505796
paper,weak,1.0,-3.5574773476005244,-3.5875683821037008,-0.030091034503176406,1,-2.6645352591003757e-15,-1.3905543383429423e-14,-2.6645352591003757e-15
paper,strong,0.0,-6.0039840050292534,-5.446182136958885,0.557801868070368,0,0.0,0.0,0.0
paper,strong,0.03333333333333333,-6.003534800735568,-5.4644463767058,0.5390884240297682,0,0.017157318791662907,0.017157318791662907,-0.344832085033161
paper,strong,0.05,-6.0029733705736374,-5.4734205176890605,0.529552852884577,0,0.025732147733342224,0.025732147733342224,-0.3407251808086334
paper,strong,0.06666666666666667,-6.002187508755614,-5.482285844501354,0.5199016642542595,0,0.0343023786673699,0.0343023786673699,-0.3365196180171497
paper,strong,0.1,-5.999943092231778,-5.499679875756526,0.5002632164752514,0,0.051422903915876256,0.051422903915876256,-0.3278202281302484
paper,strong,0.13333333333333333,-5.996803157876201,-5.516608612418192,0.48019454545800855,0,0.06850658473530995,0.06850658473530995,-0.3187492070999114
paper,strong,0.15,-5.994898050121178,-5.524892507555715,0.47000554256546323,0,0.07703074786805328,0.07703074786805328,-0.31407906834526855
paper,strong,0.16666666666666666,-5.992769958230365,-5.5330529926457706,0.45971696558459474,0,0.08554105889702268,0.08554105889702268,-0.3093216868298928
paper,strong,0.2,-5.987846394924812,-5.548994743852242,0.4388516510725706,0,0.1025138917407922,0.1025138917407922,-0.29955268877889907
paper,strong,0.21,-5.986196219318519,-5.553676621603152,0.4325195977153671,0,0.10759185127963891,0.10759185127963891,-0.29655763632649834
paper,strong,0.22,-5.984466333958376,-5.558311224997961,0.42615510896041453,0,0.11266279601867263,0.11266279601867263,-0.29353359777126076
paper,strong,0.23,-5.982656851711682,-5.562898101877742,0.4197587498339397,0,0.11772638467343347,0.11772638467343347,-0.29048097455696026
paper,strong,0.23333333333333334,-5.982036023046665,-5.56441637770225,0.41761964534441454,0,0.11941255372639781,0.11941255372639781,-0.28945715064201105
paper,strong,0.24,-5.980767890815126,-5.567436806384841,0.41333108443028443,0,0.12278227484451676,0.12278227484451676,-0.2874001675546128
paper,strong,0.25,-5.97879957489322,-5.571926898954115,0.4068726759391046,0,0.1278301229403368,0.1278301229403368,-0.28429157705626884
paper,strong,0.26666666666666666,-5.975343056768061,-5.57930118606551,0.39604187070255126,0,0.13622439453629842,0.13622439453629842,-0.27904993712698445
paper,strong,0.3,-5.96777237644922,-5.593633237235338,0.37413913921388264,0,0.15293661237159778,0.15293661237159778,-0.2683458400920794
paper,strong,0.32,-5.962810948178704,-5.601960806232139,0.36085014194656484,0,0.16291072909745408,0.16291072909745408,-0.2617870017810612
paper,strong,0.3333333333333333,-5.959329537514709,-5.607397371966398,0.35193216554831075,0,0.16953621654439593,0.16953621654439593,-0.2573595720640004
paper,strong,0.34,-5.957536847729874,-5.610080769051352,0.3474560786785217,0,0.17284146458686017,0.17284146458686017,-0.25512974647435255
paper,strong,0.35,-5.954782981894683,-5.614061943549824,0.3407210383448591,0,0.17778966599393656,0.17778966599393656,-0.25176519745222337
paper,strong,0.36,-5.951951483099287,-5.617990083351793,0.33396139974749417,0,0.18272593926614644,0.18272593926614644,-0.24837722454718505
paper,strong,0.36666666666666664,-5.950020781521536,-5.620579199066714,0.32944158245482136,0,0.18600998063732943,0.18600998063732943,-0.24610575614288696
paper,strong,0.38,-5.946056353360376,-5.625685805556175,0.3203705478042007,0,0.19256123364449076,0.19256123364449076,-0.24153257298538244
paper,strong,0.4,-5.9398530500108,-5.633165090416493,0.3066879595943073,0,0.20234438219650552,0.20234438219650552,-0.2345989144900642
paper,strong,0.43,-5.929973982591175,-5.643972214431914,0.28600176815926126,0,0.21691471102856408,0.21691471102856408,-0.22403833223022954
paper,strong,0.43333333333333335,-5.9288340019966395,-5.645142175381988,0.28369182661465153,0,0.21852552283558846,0.21852552283558846,-0.222853456952323
paper,strong,0.44,-5.926528760191837,-5.647463455960275,0.27906530423156184,0,0.22174210399054495,0.22174210399054495,-0.22047699108206245
paper,strong,0.45,-5.923007829306922,-5.650898599018455,0.2721092302884669,0,0.22655414825854953,0.22655414825854953,-0.21689571704981125
paper,strong,0.46,-5.9194114341834005,-5.654277333509201,0.2651341006741994,0,0.23135044178806768,0.23135044178806768,-0.2132948929212203
paper,strong,0.4666666666666667,-5.916972036349706,-5.656498334660805,0.26047370168890094,0,0.23453901921021436,0.23453901921021436,-0.21088367087565957
paper,strong,0.5,-5.9042763209685205,-5.667222193640907,0.23705412732761388,0,0.2503698495735761,0.2503698495735761,-0.1987037127781348
paper,strong,0.5333333333333333,-5.8907568316673355,-5.677303115380701,0.2134537162866348,0,0.266002130669393,0.266002130669393,-0.186327602261378
paper,strong,0.55,-5.88369152285892,-5.682099350660684,0.20159217219823677,0,0.27373853689464167,0.27373853689464167,-0.1800703325773755
paper,strong,0.5666666666666667,-5.876424405454301,-5.686731193333202,0.18969321212109946,0,0.28141878190074476,0.28141878190074476,-0.1737692183297077
paper,strong,0.6,-5.861290815900452,-5.6954972439408555,0.16579357195959687,0,0.2966010005973816,0.2966010005973816,-0.16104229813359838
paper,strong,0.63,-5.846996162896072,-5.702813642657292,0.14418252023877987,0,0.31004696205906485,0.31004696205906485,-0.14945521171949433
paper,strong,0.6333333333333333,-5.845368883781851,-5.703592799226633,0.14177608455521806,0,0.31152740800179185,0.31152740800179185,-0.14816043805095291
paper,strong,0.64,-5.8420911075430135,-5.705130755607121,0.13696035193589218,0,0.31447985079488316,0.31447985079488316,-0.14556665999588694
paper,strong,0.65,-5.837116621982832,-5.707386688748253,0.1297299332345796,0,0.3188869590666731,0.3188869590666731,-0.1416656166896137
paper,strong,0.66,-5.832073117527417,-5.709581248694772,0.12249186883264507,0,0.32326746771359216,0.32326746771359216,-0.13775244212309062
paper,strong,0.6666666666666666,-5.828672646532506,-5.711010099499458,0.11766254703304746,0,0.32617259486398503,0.32617259486398503,-0.13513709695246373
paper,strong,0.67,-5.826961018865765,-5.711714247712357,0.11524677115340776,0,0.32762049085486555,0.32762049085486555,-0.1338274955722468
paper,strong,0.7,-5.8112176306477865,-5.717742086283875,0.09347554436391192,0,0.3405045138486496,0.3405045138486496,-0.12198560145762384
paper,strong,0.7333333333333333,-5.793021314682357,-5.723782395571907,0.06923891911045033,0,0.35447951701810765,0.35447951701810765,-0.10871915296850246
paper,strong,0.75,-5.783651358382299,-5.726541370726604,0.05710998765569464,0,0.36131406497051033,0.36131406497051033,-0.10204691463635301
paper,strong,0.7666666666666666,-5.774103969160594,-5.729125351485856,0.04497861767473754,0,0.36803221700538113,0.36803221700538113,-0.09535083626310008
paper,strong,0.8,-5.754490303879747,-5.733765960426206,0.020724343453540683,0,0.38105289172396584,0.38105289172396584,-0.08189362943469863
paper,strong,0.81,-5.748474995877468,-5.7350205224862725,0.013454473391195876,0,0.38482837999712816,0.38482837999712816,-0.07784106204209876
paper,strong,0.82,-5.742400949988833,-5.736211375511287,0.006189574477546422,0,0.38853002584486535,0.38853002584486535,-0.07378200081730575
paper,strong,0.83,-5.736269408653081,-5.737338420211915,-0.0010690115588340987,1,-0.0697167913967436,0.39214685614262884,-0.0697167913967436
paper,strong,0.8333333333333334,-5.734213026812149,-5.7376999057713824,-0.003486878959233053,1,-0.06836041497445369,0.3933312680111064,-0.06836041497445369
paper,strong,0.84,-5.730081811231603,-5.738401562722853,-0.00831975149124986,1,-0.06564577880074557,0.39566459122064224,-0.06564577880074557
paper,strong,0.85,-5.723839855657898,-5.73940071459425,-0.015560858936352062,1,-0.06156930746517625,0.3990643221890841,-0.06156930746517625
paper,strong,0.86,-5.717545585638728,-5.740335792781836,-0.022790207143107644,1,-0.05748772127354947,0.4023205299992191,-0.05748772127354947
paper,strong,0.8666666666666667,-5.713321559741325,-5.740923543183387,-0.027601983442061773,1,-0.05476399180847515,0.4043947583802243,-0.05476399180847515
paper,strong,0.9,-5.6919073971325735,-5.743433896564985,-0.05152649943241183,1,-0.0411170881163143,0.4129381215540681,-0.0411170881163143
paper,strong,0.9333333333333333,-5.670199526653196,-5.745228654704586,-0.07502912805138973,1,-0.027432374773273416,0.41409039616922827,-0.027432374773273416
paper,strong,0.95,-5.659443003439638,-5.7458571444456075,-0.08641414100596911,1,-0.020579786880681718,0.40582781231139015,-0.020579786880681718
paper,strong,0.9666666666666667,-5.6491166026256465,-5.74630616863896,-0.09718956601331374,1,-0.01372247927317203,0.3775998151540798,-0.01372247927317203
paper,strong,1.0,-5.636080324461896,-5.746665449753904,-0.11058512529200737,1,2.1094237467877974e-15,2.5741214715324453e-13,2.1094237467877974e-15
