setting,delta_over_D,epsilon_over_gamma,omega_prime_over_D,pi_gamma_A,finite_band_continuum,wide_band_analytic
N128_eta04,0.0001,0.0,1.0000000000000002e-14,0.014955274126106363,0.022635982314787036,0.022630945286013084
N128_eta04,0.0001,0.0,1.4125375446227557e-14,0.027255051259881306,0.026903017959889627,0.02689692532877416
N128_eta04,0.0001,0.0,1.9952623149688828e-14,0.033385933662075984,0.03197445717043449,0.031967049700241154
N128_eta04,0.0001,0.0,2.8183829312644495e-14,0.043780126895687416,0.0380019405469679,0.03799289976058432
N128_eta04,0.0001,0.0,3.9810717055349693e-14,0.032443391451043906,0.04516569074700051,0.04515462918282488
N128_eta04,0.0001,0.0,5.623413251903491e-14,0.039207630893148854,0.05367995527495846,0.05366634914318185
N128_eta04,0.0001,0.0,7.943282347242822e-14,0.06861246096375463,0.0637993435533814,0.06378252811980191
N128_eta04,0.0001,0.0,1.1220184543019654e-13,0.10632505762743949,0.07582649827692348,0.07580559720827679
N128_eta04,0.0001,0.0,1.584893192461111e-13,0.10474450539950443,0.09012111263879077,0.09009498761312007
N128_eta04,0.0001,0.0,2.2387211385683378e-13,0.0916741284888402,0.10711074217587327,0.10707786930412921
N128_eta04,0.0001,0.0,3.1622776601683797e-13,0.10921504473357177,0.12730354403858166,0.12726190986679647
N128_eta04,0.0001,0.0,4.466835921509635e-13,0.1322098120475493,0.15130354666672644,0.15125043159772134
N128_eta04,0.0001,0.0,6.309573444801943e-13,0.2680664019297362,0.17982866657755944,0.17976041428623274
N128_eta04,0.0001,0.0,8.912509381337441e-13,0.24582325778226968,0.21373222893919186,0.21364387232292895
N128_eta04,0.0001,0.0,1.258925411794166e-12,0.208156568510367,0.2540284657961276,0.25391322914866366
N128_eta04,0.0001,0.0,1.7782794100389228e-12,0.1961839276134118,0.3019228250216952,0.3017714206407372
N128_eta04,0.0001,0.0,2.5118864315095823e-12,0.3373589156754062,0.3588479267104604,0.3586475820801755
N128_eta04,0.0001,0.0,3.548133892335753e-12,0.44102024470654955,0.4265062334033577,0.4262393095156842
N128_eta04,0.0001,0.0,5.011872336272715e-12,0.6283661143773522,0.5069205640352995,0.5065626312983597
N128_eta04,0.0001,0.0,7.079457843841373e-12,0.45763409216302464,0.602493837390551,0.6020109695595867
N128_eta04,0.0001,0.0,1e-11,0.5180965458847494,0.7160795238633776,0.7154244951949923
N128_eta04,0.0001,0.0,1.4125375446227556e-11,0.904656405565481,0.8510643954440011,0.8501713478636103
N128_eta04,0.0001,0.0,1.995262314968879e-11,1.339043281569332,1.011465193145397,1.0102421410868034
N128_eta04,0.0001,0.0,2.8183829312644493e-11,1.5416644931260537,1.2020405691708478,1.2003588912775487
N128_eta04,0.0001,0.0,3.9810717055349695e-11,1.3078909538392995,1.428419094500367,1.4260988098683218
N128_eta04,0.0001,0.0,5.6234132519034906e-11,1.3970057645599336,1.6972427731088993,1.6940319625776457
N128_eta04,0.0001,0.0,7.943282347242822e-11,1.6028076396081936,2.0163229603914243,2.011869104073995
N128_eta04,0.0001,0.0,1.1220184543019632e-10,3.3295878544842177,2.394800929456931,2.3886111844463436
N128_eta04,0.0001,0.0,1.5848931924611142e-10,3.2794502668268826,2.843297162501031,2.8346837324742085
N128_eta04,0.0001,0.0,2.2387211385683377e-10,2.973265283100111,3.3740196102210893,3.3620254417841338
N128_eta04,0.0001,0.0,3.1622776601683795e-10,2.5959509188196064,4.000778327168536,3.984077710626208
N128_eta04,0.0001,0.0,4.4668359215096254e-10,3.9037392370569957,4.738817483094494,4.715586380854251
N128_eta04,0.0001,0.0,6.30957344480193e-10,5.751087105040824,5.604320176669637,5.572073571038471
N128_eta04,0.0001,0.0,8.91250938133746e-10,9.233852018404301,6.613362033802199,6.568762737007006
N128_eta04,0.0001,0.0,1.2589254117941663e-09,7.216988531438949,7.779988160880088,7.718647432280567
N128_eta04,0.0001,0.0,1.778279410038923e-09,6.765079872294009,9.112986580603376,9.029307253293826
N128_eta04,0.0001,0.0,2.511886431509577e-09,10.365849452229735,10.610897972739215,10.498060994839403
N128_eta04,0.0001,0.0,3.5481338923357537e-09,12.051776473590902,12.254989425515372,12.105252869372388
N128_eta04,0.0001,0.0,5.0118723362727255e-09,21.5647897254101,14.00059266517214,13.806133420777202
N128_eta04,0.0001,0.0,7.0794578438413736e-09,18.4305440261338,15.768663886152481,15.523175879239036
N128_eta04,0.0001,0.0,1e-08,14.647872031100267,17.441651800218196,17.142700250289124
N128_eta04,0.0001,0.0,1.4125375446227526e-08,12.398962687988796,18.869740209614413,18.52136637631408
N128_eta04,0.0001,0.0,1.995262314968879e-08,16.048174323583765,19.89271538084665,19.507132361312735
N128_eta04,0.0001,0.0,2.818382931264455e-08,20.390939289186505,20.376339868105134,19.97331062181213
N128_eta04,0.0001,0.0,3.9810717055349696e-08,27.20071815682742,20.25137980173442,19.854678061963085
N128_eta04,0.0001,0.0,5.623413251903491e-08,21.79385904595538,19.536451938747582,19.168520386041944
N128_eta04,0.0001,0.0,7.943282347242806e-08,13.73429474444967,18.33173025313552,18.008922647589113
N128_eta04,0.0001,0.0,1.122018454301963e-07,16.246632175435245,16.787203696495418,16.51758379604201
N128_eta04,0.0001,0.0,1.584893192461111e-07,12.726864414305549,15.06264305141604,14.84662559941536
N128_eta04,0.0001,0.0,2.2387211385683377e-07,17.940781102981138,13.29640514725033,13.129103209862624
N128_eta04,0.0001,0.0,3.1622776601683797e-07,15.09070246817387,11.590363002182201,11.464228417273949
N128_eta04,0.0001,0.0,4.4668359215096253e-07,9.05806370839837,10.008716351152948,9.915595251061223
N128_eta04,0.0001,0.0,6.309573444801931e-07,5.939619198983346,8.584549032216552,8.516915538294619
N128_eta04,0.0001,0.0,8.912509381337442e-07,5.50173365901247,7.328720141315024,7.280227057734648
N128_eta04,0.0001,0.0,1.2589254117941661e-06,6.764606417850366,6.237979482479437,6.203571971223308
N128_eta04,0.0001,0.0,1.7782794100389231e-06,6.115758353230735,5.301156813985988,5.276960625196856
N128_eta04,0.0001,0.0,2.5118864315095823e-06,4.128398951811075,4.503379899714709,4.486502985666952
N128_eta04,0.0001,0.0,3.548133892335746e-06,2.54363744715352,3.828711286586715,3.8170345898477125
N128_eta04,0.0001,0.0,5.011872336272715e-06,2.9945211745549107,3.2616644870488907,3.253656118792792
N128_eta04,0.0001,0.0,7.079457843841373e-06,3.423187463017472,2.7879853092230973,2.782549081798673
N128_eta04,0.0001,0.0,1e-05,2.1883235439491626,2.394976622465022,2.391334657127289
N128_eta04,0.0001,0.0,1.4125375446227553e-05,1.4939596703723987,2.0715500458677036,2.069154719759989
N128_eta04,0.0001,0.0,1.995262314968875e-05,2.3224582967117895,1.8081177551315095,1.8065872080185437
N128_eta04,0.0001,0.0,2.8183829312644495e-05,1.5337847924475436,1.5963911049696717,1.5954629890034058
N128_eta04,0.0001,0.0,3.9810717055349695e-05,1.686945816068671,1.4291266759056878,1.4286258167121075
N128_eta04,0.0001,0.0,5.623413251903491e-05,1.0074753348575156,1.2998518794092886,1.2996685431721409
N128_eta04,0.0001,0.0,7.943282347242822e-05,1.1530113106842528,1.2026079163309493,1.2026842100680792
N128_eta04,0.0001,0.0,0.00011220184543019607,1.2552503071068255,1.1317589779875277,1.1320814540507294
N128_eta04,0.0001,0.0,0.0001584893192461111,1.0765534905995053,1.0819155809031387,1.082512437921346
N128_eta04,0.0001,0.0,0.00022387211385683378,0.8987169057766451,1.0479871041283018,1.0489287090334405
N128_eta04,0.0001,0.0,0.000316227766016838,1.1000466562915154,1.025313108353215,1.026715040559968
N128_eta04,0.0001,0.0,0.0004466835921509635,0.9833352538656954,1.0097580868648608,1.0117859918717893
N128_eta04,0.0001,0.0,0.0006309573444801918,0.8834131771076247,0.9976332529559115,1.0005068897263019
N128_eta04,0.0001,0.0,0.000891250938133744,0.9291180719930071,0.9853365501368588,0.9893237099827545
N128_eta04,0.0001,0.0,0.0012589254117941662,0.9492191784332737,0.9686442654962819,0.9740190161295005
N128_eta04,0.0001,0.0,0.001778279410038923,0.8651636025751985,0.9416597267222991,0.9485679765928647
N128_eta04,0.0001,0.0,0.002511886431509582,0.9010358366698729,0.8957354764248602,0.9038756774140682
N128_eta04,0.0001,0.0,0.003548133892335746,0.8455979925540223,0.8197119595852665,0.8278043150331462
N128_eta04,0.0001,0.0,0.005011872336272715,0.6518134038808401,0.7045236855215787,0.7099877549496475
N128_eta04,0.0001,0.0,0.007079457843841374,0.5633762019599944,0.5538773165861971,0.5538461120921949
N128_eta04,0.0001,0.0,0.01,0.3999408326443516,0.39172644958580255,0.38550202916557796
N128_eta04,0.0001,4.0,1.0000000000000002e-14,0.5569905846812472,0.3871227828429085,0.38689658655441445
N128_eta04,0.0001,4.0,1.4125375446227557e-14,0.40074200099959495,0.4601119350247742,0.4598099143751122
N128_eta04,0.0001,4.0,1.9952623149688828e-14,0.5262348681552848,0.5468617630039715,0.5464556630256835
N128_eta04,0.0001,4.0,2.8183829312644495e-14,0.5329801382532393,0.64996360937005,0.6494143477381465
N128_eta04,0.0001,4.0,3.9810717055349693e-14,0.9164032479997095,0.7724939738820689,0.771747439221413
N128_eta04,0.0001,4.0,5.623413251903491e-14,1.20939886924302,0.9181040975424526,0.9170843137415151
N128_eta04,0.0001,4.0,7.943282347242822e-14,1.0227253451143172,1.0911220379352877,1.0897230839317944
N128_eta04,0.0001,4.0,1.1220184543019654e-13,0.9609632630679861,1.2966726765963883,1.2947462364565256
N128_eta04,0.0001,4.0,1.584893192461111e-13,1.1747450296459134,1.5408123090510024,1.5381510476078233
N128_eta04,0.0001,4.0,2.2387211385683378e-13,1.962293692079229,1.8306794459110312,1.8269928703488434
N128_eta04,0.0001,4.0,3.1622776601683797e-13,2.4872282865703106,2.174653902358229,2.169535941217517
N128_eta04,0.0001,4.0,4.466835921509635e-13,2.606421030909635,2.582517335067593,2.5754003006256627
N128_eta04,0.0001,4.0,6.309573444801943e-13,2.203133055540255,3.065590406419102,3.0556831122117263
N128_eta04,0.0001,4.0,8.912509381337441e-13,3.1822429225192272,3.636812395841287,3.6230156069868045
N128_eta04,0.0001,4.0,1.258925411794166e-12,4.692996523803167,4.310694792807985,4.291489477709467
N128_eta04,0.0001,4.0,1.7782794100389228e-12,7.613524097804066,5.103040591587469,5.076344159328664
N128_eta04,0.0001,4.0,2.5118864315095823e-12,6.1208540229443065,6.030254454159563,5.9932442610807515
N128_eta04,0.0001,4.0,3.548133892335753e-12,6.964027891334781,7.107978887258564,7.056892743211501
N128_eta04,0.0001,4.0,5.011872336272715e-12,6.308558950431858,8.34868548569386,8.278629806108762
N128_eta04,0.0001,4.0,7.079457843841373e-12,8.943603648929962,9.75776354591821,9.662597947326585
N128_eta04,0.0001,4.0,1e-11,14.920369419104677,11.327679844074714,11.200106016773873
N128_eta04,0.0001,4.0,1.4125375446227556e-11,12.993610224925119,13.030132177688428,12.86218547159752
N128_eta04,0.0001,4.0,1.995262314968879e-11,13.15123241169142,14.807083813759734,14.59126794931072
N128_eta04,0.0001,4.0,2.8183829312644493e-11,11.474516528609382,16.563385933634347,16.294610469482162
N128_eta04,0.0001,4.0,3.9810717055349695e-11,15.273683970828,18.166045930703877,17.844196112845175
N128_eta04,0.0001,4.0,5.6234132519034906e-11,22.234718043775597,19.45643848648889,19.0887991490367
N128_eta04,0.0001,4.0,7.943282347242822e-11,29.516507949379346,20.278906781939167,19.88108018048881
N128_eta04,0.0001,4.0,1.1220184543019632e-10,22.300489587077166,20.520484129468993,20.11456431551749
N128_eta04,0.0001,4.0,1.5848931924611142e-10,19.89535291478599,20.145887654462832,19.75593043043086
N128_eta04,0.0001,4.0,2.2387211385683377e-10,14.827684088672012,19.20941904597367,18.855994931276896
N128_eta04,0.0001,4.0,3.1622776601683795e-10,13.796400017283737,17.836835979564622,17.53312476899097
N128_eta04,0.0001,4.0,4.4668359215096254e-10,19.874568054389947,16.18763171006939,15.938430455307735
N128_eta04,0.0001,4.0,6.30957344480193e-10,14.890417362563518,14.416708810793304,14.21995039768483
N128_eta04,0.0001,4.0,8.91250938133746e-10,13.511481306657236,12.649293318152443,12.498678861087916
N128_eta04,0.0001,4.0,1.2589254117941663e-09,7.929029256005801,10.972035133747047,10.859519712975763
N128_eta04,0.0001,4.0,1.778279410038923e-09,7.232130511463698,9.435727142283856,9.353254583595454
N128_eta04,0.0001,4.0,2.511886431509577e-09,8.728361873553567,8.063380643412154,8.003819767536996
N128_eta04,0.0001,4.0,3.5481338923357537e-09,9.245894810752151,6.859100925634093,6.816592426375701
N128_eta04,0.0001,4.0,5.0118723362727255e-09,6.968919416363515,5.815525330786405,5.785482858998815
N128_eta04,0.0001,4.0,7.0794578438413736e-09,4.553954507587016,4.919216018005434,4.898165631646588
N128_eta04,0.0001,4.0,1e-08,3.4571432227193286,4.15420244344645,4.139572123898412
N128_eta04,0.0001,4.0,1.4125375446227526e-08,2.9412484661894105,3.5041248475954796,3.494040862804307
N128_eta04,0.0001,4.0,1.995262314968879e-08,4.00309721184028,2.9534229139383523,2.946536131604433
N128_eta04,0.0001,4.0,2.818382931264455e-08,2.775437579686156,2.4879172213395884,2.483264690833772
N128_eta04,0.0001,4.0,3.9810717055349696e-08,1.8654379695107373,2.0950264399177816,2.0919255129204837
N128_eta04,0.0001,4.0,5.623413251903491e-08,1.1795617408996368,1.7637786796002435,1.7617481256415821
N128_eta04,0.0001,4.0,7.943282347242806e-08,1.3122799274508659,1.484715291179204,1.4834175497232942
N128_eta04,0.0001,4.0,1.122018454301963e-07,1.2919252604259632,1.249745644672832,1.2489450576396468
N128_eta04,0.0001,4.0,1.584893192461111e-07,1.360298176312433,1.0519862936708368,1.0515191520286487
N128_eta04,0.0001,4.0,2.2387211385683377e-07,0.7614845338273812,0.8856026137288714,0.885355808608001
N128_eta04,0.0001,4.0,3.1622776601683797e-07,0.561104128292201,0.7456619300038623,0.7455578070558504
N128_eta04,0.0001,4.0,4.4668359215096253e-07,0.651431752273276,0.6280019363243128,0.6279875902519437
N128_eta04,0.0001,4.0,6.309573444801931e-07,0.6621668906210085,0.5291153218337941,0.5291550527031004
N128_eta04,0.0001,4.0,8.912509381337442e-07,0.57054743007464,0.4460500078575679,0.4461200201071644
N128_eta04,0.0001,4.0,1.2589254117941661e-06,0.35233287142237324,0.37632367510752507,0.37640836237049086
N128_eta04,0.0001,4.0,1.7782794100389231e-06,0.270426584138416,0.31785098090284675,0.31794032908007286
N128_eta04,0.0001,4.0,2.5118864315095823e-06,0.24768284959967451,0.26888182100651425,0.26896959772846574
N128_eta04,0.0001,4.0,3.548133892335746e-06,0.32104628864437906,0.2279490594707081,0.22803155482332615
N128_eta04,0.0001,4.0,5.011872336272715e-06,0.20402146032876742,0.19382426154579746,0.19389941360954513
N128_eta04,0.0001,4.0,7.079457843841373e-06,0.13710364664158634,0.16548007847102486,0.1655468657955056
N128_eta04,0.0001,4.0,1e-05,0.1428734400303287,0.14205802835115036,0.14211604573962405
N128_eta04,0.0001,4.0,1.4125375446227553e-05,0.1489026985589057,0.12284049309389358,0.12288965118820482
N128_eta04,0.0001,4.0,1.995262314968875e-05,0.08438044788324339,0.1072258336358147,0.10726613980740048
N128_eta04,0.0001,4.0,2.8183829312644495e-05,0.09852537729475204,0.0947056836998518,0.09473707379467652
N128_eta04,0.0001,4.0,3.9810717055349695e-05,0.07123345823303372,0.08484384037439446,0.08486603909594949
N128_eta04,0.0001,4.0,5.623413251903491e-05,0.09614608707561612,0.07725687806885899,0.07726926999119914
N128_eta04,0.0001,4.0,7.943282347242822e-05,0.0766154879269759,0.07159771276720192,0.07159920411065711
N128_eta04,0.0001,4.0,0.00011220184543019607,0.06311404784329659,0.06754450674949339,0.06753334728316399
N128_eta04,0.0001,4.0,0.0001584893192461111,0.06756822493153689,0.06479764280910422,0.06477115797144439
N128_eta04,0.0001,4.0,0.00022387211385683378,0.07254068954887512,0.06308598065671664,0.06304014401385233
N128_eta04,0.0001,4.0,0.000316227766016838,0.058120579003463145,0.062180324728015976,0.06210908950952425
N128_eta04,0.0001,4.0,0.0004466835921509635,0.06268880338889388,0.06190911469092422,0.061803412274880884
N128_eta04,0.0001,4.0,0.0006309573444801918,0.07047528509959533,0.06217161161401245,0.062017879531825096
N128_eta04,0.0001,4.0,0.000891250938133744,0.06776362640059523,0.06294788608135213,0.06272586358749271
N128_eta04,0.0001,4.0,0.0012589254117941662,0.06566034853071316,0.06431057154406153,0.06398985136732341
N128_eta04,0.0001,4.0,0.001778279410038923,0.07162120681211288,0.06644892975641711,0.06598328740872324
N128_eta04,0.0001,4.0,0.002511886431509582,0.06940754291167504,0.06972358564904785,0.06904117306816861
N128_eta04,0.0001,4.0,0.003548133892335746,0.07140126343360316,0.07478939049742794,0.07377486443367487
N128_eta04,0.0001,4.0,0.005011872336272715,0.0862037683614207,0.08287968014228092,0.08133980995005921
N128_eta04,0.0001,4.0,0.007079457843841374,0.09654609087954638,0.09652379876377346,0.09411834701911871
N128_eta04,0.0001,4.0,0.01,0.11089502322514695,0.12162879965609984,0.11773693095010954
