bath_key,family,levels,bandwidth,delta,detuning,gamma,phi,charge_error,current_error,excitation_error,charge_continuum,charge_quadrature_error_continuum,current_continuum,current_quadrature_error_continuum,excitation_continuum,charge_finite,charge_quadrature_error_finite,current_finite,current_quadrature_error_finite,excitation_finite,construction_seconds
81a4955732b57cc62f3a,cosh-grid,12,10.0,1.0,0.0,0.3,0.8,0.0,4.4221743433769944e-08,1.312139539993984e-06,1.0,0.0,0.03646660898081374,1.29429498690461e-14,0.20568302247521383,1.0,0.0,0.03646656475907031,1.3596665348033357e-14,0.20568433461475383,0.00012199999764561653
81a4955732b57cc62f3a,cosh-grid,12,10.0,1.0,0.6,2.0,1.7,8.627821879159114e-08,3.54341397335034e-08,2.5811923863305886e-06,0.7232649312960897,8.231913942409993e-15,0.17421033254017804,1.1165138690405331e-12,0.48971567097358437,0.7232648450178709,1.476473688561041e-14,0.1742102971060383,1.1606720731278838e-12,0.4897182521659707,0.00012199999764561653
81a4955732b57cc62f3a,cosh-grid,12,10.0,1.0,0.0,10.0,0.2,0.0,1.427530135766908e-09,0.0007384758899732224,1.0,0.0,0.037152728533145225,3.0830315915380044e-11,0.97170073350295,1.0,0.0,0.03715272996067536,3.060984046286446e-11,0.9724392093929233,0.00012199999764561653
0ccd6a7ebad9f4a5dc65,cosh-grid,16,10.0,1.0,0.0,0.3,0.8,0.0,3.4138435828223734e-10,1.812983035920368e-08,1.0,0.0,0.03646660898081374,1.29429498690461e-14,0.20568302247521383,1.0,0.0,0.0364666093221981,1.2883448302303599e-14,0.20568300434538347,0.00014204205945134163
0ccd6a7ebad9f4a5dc65,cosh-grid,16,10.0,1.0,0.6,2.0,1.7,1.0484195733795332e-09,2.5367763445416358e-11,7.723344247478892e-08,0.7232649312960897,8.231913942409993e-15,0.17421033254017804,1.1165138690405331e-12,0.48971567097358437,0.7232649323445093,1.0291805163741592e-14,0.17421033251481027,1.1115470915567494e-12,0.4897155937401419,0.00014204205945134163
0ccd6a7ebad9f4a5dc65,cosh-grid,16,10.0,1.0,0.0,10.0,0.2,0.0,1.0254297411194102e-13,5.6567199118395806e-05,1.0,0.0,0.037152728533145225,3.0830315915380044e-11,0.97170073350295,1.0,0.0,0.03715272853324777,3.080609341155982e-11,0.9716441663038317,0.00014204205945134163
2479680ede57077b0426,cosh-grid,24,10.0,1.0,0.0,0.3,0.8,0.0,8.717332411478651e-14,1.4842294060457561e-12,1.0,0.0,0.03646660898081374,1.29429498690461e-14,0.20568302247521383,1.0,0.0,0.03646660898072657,1.294283906727713e-14,0.2056830224737296,0.00018116692081093788
2479680ede57077b0426,cosh-grid,24,10.0,1.0,0.6,2.0,1.7,9.658940314238862e-15,1.1213252548714081e-14,6.795281004556841e-11,0.7232649312960897,8.231913942409993e-15,0.17421033254017804,1.1165138690405331e-12,0.48971567097358437,0.72326493129608,8.23235574493692e-15,0.17421033254016682,1.1165022757677573e-12,0.48971567090563156,0.00018116692081093788
2479680ede57077b0426,cosh-grid,24,10.0,1.0,0.0,10.0,0.2,0.0,2.0816681711721685e-17,2.3354373941408824e-06,1.0,0.0,0.037152728533145225,3.0830315915380044e-11,0.97170073350295,1.0,0.0,0.037152728533145246,3.0830365288433727e-11,0.9717030689403442,0.00018116692081093788
