gate_over_u,phi_over_pi,even_energy,odd_energy,signed_gap,ground_parity,even_charge,odd_charge
-0.6,0.0,-1.5673331628244076,-0.9961054400950343,0.5712277227293733,0,1.6686115283066931,1.3045072117782246
-0.44999999999999996,0.0,-1.1127530154908214,-0.8137173444637529,0.2990356710270685,0,1.5374776188490613,1.1880023698101276
-0.3,0.0,-0.769432123679886,-0.7053354423458535,0.06409668133403246,0,1.373491134397804,1.106044668210097
-0.15000000000000002,0.0,-0.5573765542433115,-0.6487761300000809,-0.09139957575676949,1,1.1900197556870789,1.0475863860211712
0.0,0.0,-0.48597022944496693,-0.6312566446022181,-0.14528641515725116,1,1.0000000000000004,1.0000000000000004
0.15000000000000002,0.0,-0.5573765542433138,-0.6487761300000776,-0.09139957575676383,1,0.8099802443129204,0.9524136139788274
0.29999999999999993,0.0,-0.7694321236798846,-0.7053354423458553,0.06409668133402924,0,0.6265088656021964,0.893955331789902
0.45000000000000007,0.0,-1.112753015490821,-0.813717344463758,0.29903567102706297,0,0.46252238115094035,0.8119976301898735
0.6,0.0,-1.5673331628244054,-0.9961054400950362,0.5712277227293692,0,0.3313884716933064,0.6954927882217747
-0.6,0.5,-1.531675780029012,-1.0276293955353617,0.5040463844936502,0,1.6874014430808972,1.3084312194936571
-0.44999999999999996,0.5,-1.05997829123241,-0.8420728531941871,0.21790543803822293,0,1.5644031084969334,1.192183228837005
-0.3,0.5,-0.6939644273034994,-0.7309373753503552,-0.0369729480468558,1,1.4060311468791322,1.1090803962645464
-0.15000000000000002,0.5,-0.45882344078796056,-0.6726634804628946,-0.21384003967493403,1,1.2159775100865384,1.049108721064868
0.0,0.5,-0.37670866356600996,-0.6545745696380127,-0.2778659060720028,1,0.9999999999999999,0.9999999999999969
0.15000000000000002,0.5,-0.4588234407879579,-0.6726634804629027,-0.2138400396749448,1,0.7840224899134632,0.9508912789351408
0.29999999999999993,0.5,-0.6939644273034963,-0.7309373753503564,-0.03697294804686013,1,0.5939688531208683,0.8909196037354522
0.45000000000000007,0.5,-1.059978291232409,-0.8420728531941885,0.2179054380382205,0,0.43559689150306613,0.8078167711629952
0.6,0.5,-1.5316757800290188,-1.027629395535356,0.5040463844936629,0,0.3125985569191049,0.6915687805063421
-0.6,1.0,-1.4925207088273111,-1.0565715034477683,0.43594920537954285,0,1.710695876081793,1.3114326421948261
-0.44999999999999996,1.0,-0.9977148729519025,-0.8684865353304576,0.12922833762144492,0,1.6042813741198,1.195625608536421
-0.3,1.0,-0.5917870187478638,-0.7550393238647025,-0.16325230511683875,1,1.4755321845573752,1.1116738440568732
-0.15000000000000002,1.0,-0.2861076474695663,-0.6952866304377288,-0.40917898296816246,1,1.3400331812537583,1.05043370959035
0.0,1.0,-0.07935279738894133,-0.6767006857742435,-0.5973478883853022,1,1.0882563418391824,1.000000000000001
0.15000000000000002,1.0,-0.2861076474695643,-0.6952866304377278,-0.40917898296816346,1,0.6599668187462412,0.94956629040965
0.29999999999999993,1.0,-0.5917870187478624,-0.7550393238647011,-0.16325230511683864,1,0.5244678154426266,0.8883261559431264
0.45000000000000007,1.0,-0.9977148729519074,-0.868486535330458,0.12922833762144936,0,0.3957186258801985,0.8043743914635793
0.6,1.0,-1.4925207088273031,-1.0565715034477674,0.43594920537953574,0,0.2893041239182055,0.688567357805173
