setting,gamma,even_energy,odd_energy,signed_gap,singlet_excitation,doublet_excitation,doublet_dot_spin
L1,0.5,0.747671439048244,-0.056204394980431234,-0.8038758340286752,0.8038758340286752,0.0,0.4967370107277104
L1,2.0,0.07380937803784746,-0.22057995850595727,-0.2943893365438047,0.2943893365438047,0.0,0.4876649136939005
L1,3.0,-0.32485354780506265,-0.3268851578439991,-0.0020316100389364267,0.0020316100389364267,0.0,0.48214478042540715
L1,10.0,-2.520049905449982,-1.0112190438125297,1.5088308616374522,0.0,1.5088308616374522,0.45194939445632015
L2,0.5,1.0896254843157114,-0.14178802290459525,-1.2314135072203065,1.2314135072203065,0.0,0.49095419840829985
L2,2.0,-0.2840665643641539,-0.6203558333714181,-0.3362892690072642,0.3362892690072642,0.0,0.43976894215905443
L2,3.0,-1.0485502118197012,-0.9945762260646984,0.053973985755002785,0.0,0.053973985755002785,0.3818369237236682
L2,10.0,-4.9834305003243085,-4.157232419101839,0.8261980812224694,0.0,0.8261980812224694,0.08923785393900968
L3,0.5,0.657322054659905,-0.21246910417198064,-0.8697911588318856,0.8697911588318856,0.0,0.4880994589180741
L3,2.0,-0.6324281675244313,-0.9210691792473359,-0.2886410117229046,0.2886410117229046,0.0,0.4314152527731541
L3,3.0,-1.5304653893743223,-1.4502479131510195,0.08021747622330277,0.0,0.08021747622330277,0.3796827629897454
L3,10.0,-6.500059888602384,-5.46773150278044,1.0323283858219439,0.0,1.0323283858219439,0.12863385053576418
