u_meV,tilde_epsilon,phi_over_pi,eps_x,eps_y
2.0,0.03776978417266187,0.49348534201954397,179.5,186.5
2.0,0.09532374100719425,0.5,195.5,184.5
2.0,0.14568345323741008,0.5130293159609121,209.5,180.5
2.0,0.19964028776978418,0.5325732899022801,224.5,174.5
2.0,0.2715827338129496,0.5651465798045603,244.5,164.5
2.0,0.3255395683453237,0.5977198697068404,259.5,154.5
2.0,0.3723021582733813,0.6302931596091205,272.5,144.5
2.0,0.447841726618705,0.7052117263843648,293.5,121.5
2.0,0.5161870503597122,0.7964169381107492,312.5,93.5
2.0,0.5449640287769785,0.8550488599348535,320.5,75.5
2.0,0.5629496402877698,0.9104234527687296,325.5,58.5
2.0,0.5737410071942446,1.0,328.5,30.5
2.5,0.019784172661870502,0.24267100977198697,174.5,263.5
2.5,0.07014388489208633,0.252442996742671,188.5,260.5
2.5,0.13129496402877697,0.2785016286644951,205.5,252.5
2.5,0.16007194244604317,0.2947882736156352,213.5,247.5
2.5,0.2643884892086331,0.3697068403908795,242.5,224.5
2.5,0.3363309352517986,0.43485342019543977,262.5,204.5
2.5,0.39748201438848924,0.5,279.5,184.5
2.5,0.45143884892086333,0.5651465798045603,294.5,164.5
2.5,0.4982014388489209,0.6302931596091205,307.5,144.5
2.5,0.5413669064748201,0.7052117263843648,319.5,121.5
2.5,0.5845323741007195,0.7964169381107492,331.5,93.5
2.5,0.6025179856115108,0.8550488599348535,336.5,75.5
2.5,0.6133093525179856,0.9104234527687296,339.5,58.5
2.5,0.6241007194244604,1.0,342.5,30.5
2.8,0.2068345323741007,0.0,226.5,338.5
2.8,0.22122302158273383,0.08957654723127036,230.5,310.5
2.8,0.24640287769784172,0.1449511400651466,237.5,293.5
2.8,0.2787769784172662,0.20358306188925082,246.5,275.5
2.8,0.3363309352517986,0.2947882736156352,262.5,247.5
2.8,0.38669064748201437,0.3697068403908795,276.5,224.5
2.8,0.43345323741007197,0.43485342019543977,289.5,204.5
2.8,0.47302158273381295,0.5,300.5,184.5
2.8,0.512589928057554,0.5651465798045603,311.5,164.5
2.8,0.5485611510791367,0.6302931596091205,321.5,144.5
2.8,0.5845323741007195,0.7052117263843648,331.5,121.5
2.8,0.6312949640287769,0.8550488599348535,344.5,75.5
2.8,0.6420863309352518,0.9104234527687296,347.5,58.5
2.8,0.6492805755395683,1.0,349.5,30.5
3.0,0.3147482014388489,0.0,256.5,338.5
3.0,0.3255395683453237,0.08957654723127036,259.5,310.5
3.0,0.33992805755395683,0.1449511400651466,263.5,293.5
3.0,0.36151079136690645,0.20358306188925082,269.5,275.5
3.0,0.40467625899280574,0.2947882736156352,281.5,247.5
3.0,0.44064748201438847,0.3697068403908795,291.5,224.5
3.0,0.4802158273381295,0.43485342019543977,302.5,204.5
3.0,0.512589928057554,0.5,311.5,184.5
3.0,0.5449640287769785,0.5651465798045603,320.5,164.5
3.0,0.5773381294964028,0.6302931596091205,329.5,144.5
3.0,0.6061151079136691,0.7052117263843648,337.5,121.5
3.0,0.6348920863309353,0.7964169381107492,345.5,93.5
3.0,0.6492805755395683,0.8550488599348535,349.5,75.5
3.0,0.6564748201438849,0.9104234527687296,351.5,58.5
3.0,0.6636690647482014,1.0,353.5,30.5
3.2,0.38669064748201437,0.0,276.5,338.5
3.2,0.39388489208633093,0.08957654723127036,278.5,310.5
3.2,0.40467625899280574,0.1449511400651466,281.5,293.5
3.2,0.4226618705035971,0.20358306188925082,286.5,275.5
3.2,0.4370503597122302,0.252442996742671,290.5,260.5
3.2,0.4550359712230216,0.2947882736156352,295.5,247.5
3.2,0.4694244604316547,0.3338762214983713,299.5,235.5
3.2,0.48741007194244607,0.3697068403908795,304.5,224.5
3.2,0.5017985611510791,0.4022801302931596,308.5,214.5
3.2,0.5161870503597122,0.43485342019543977,312.5,204.5
3.2,0.5305755395683454,0.46742671009771986,316.5,194.5
3.2,0.5449640287769785,0.5,320.5,184.5
3.2,0.5593525179856115,0.5325732899022801,324.5,174.5
3.2,0.5737410071942446,0.5651465798045603,328.5,164.5
3.2,0.5881294964028777,0.5977198697068404,332.5,154.5
3.2,0.5989208633093526,0.6302931596091205,335.5,144.5
3.2,0.6133093525179856,0.6661237785016286,339.5,133.5
3.2,0.6276978417266187,0.7052117263843648,343.5,121.5
3.2,0.6384892086330936,0.747557003257329,346.5,108.5
3.2,0.6528776978417267,0.7964169381107492,350.5,93.5
3.2,0.6636690647482014,0.8550488599348535,353.5,75.5
3.2,0.6780575539568345,1.0,357.5,30.5
4.0,0.5449640287769785,0.0,320.5,338.5
4.0,0.5485611510791367,0.08957654723127036,321.5,310.5
4.0,0.5557553956834532,0.1449511400651466,323.5,293.5
4.0,0.5629496402877698,0.20358306188925082,325.5,275.5
4.0,0.5845323741007195,0.2947882736156352,331.5,247.5
4.0,0.6025179856115108,0.3697068403908795,336.5,224.5
4.0,0.6205035971223022,0.43485342019543977,341.5,204.5
4.0,0.6384892086330936,0.5,346.5,184.5
4.0,0.6564748201438849,0.5651465798045603,351.5,164.5
4.0,0.6744604316546763,0.6302931596091205,356.5,144.5
4.0,0.6888489208633094,0.7052117263843648,360.5,121.5
4.0,0.7068345323741008,0.7964169381107492,365.5,93.5
4.0,0.7140287769784173,0.8550488599348535,367.5,75.5
4.0,0.7212230215827338,1.0,369.5,30.5
4.0,0.7212230215827338,0.9104234527687296,369.5,58.5
5.0,0.6492805755395683,0.08957654723127036,349.5,310.5
5.0,0.6492805755395683,0.0,349.5,338.5
5.0,0.6528776978417267,0.1449511400651466,350.5,293.5
5.0,0.6600719424460432,0.20358306188925082,352.5,275.5
5.0,0.670863309352518,0.2947882736156352,355.5,247.5
5.0,0.6816546762589928,0.3697068403908795,358.5,224.5
5.0,0.6960431654676259,0.43485342019543977,362.5,204.5
5.0,0.7068345323741008,0.5,365.5,184.5
5.0,0.7176258992805755,0.5651465798045603,368.5,164.5
5.0,0.7284172661870504,0.6302931596091205,371.5,144.5
5.0,0.7428057553956835,0.7052117263843648,375.5,121.5
5.0,0.7535971223021583,0.7964169381107492,378.5,93.5
5.0,0.7571942446043165,0.8550488599348535,379.5,75.5
5.0,0.7607913669064749,0.9104234527687296,380.5,58.5
5.0,0.7643884892086331,1.0,381.5,30.5
6.0,0.710431654676259,0.08957654723127036,366.5,310.5
6.0,0.710431654676259,0.0,366.5,338.5
6.0,0.7140287769784173,0.1449511400651466,367.5,293.5
6.0,0.7176258992805755,0.20358306188925082,368.5,275.5
6.0,0.7248201438848921,0.2947882736156352,370.5,247.5
6.0,0.7356115107913669,0.3697068403908795,373.5,224.5
6.0,0.7428057553956835,0.43485342019543977,375.5,204.5
6.0,0.75,0.5,377.5,184.5
6.0,0.7607913669064749,0.5651465798045603,380.5,164.5
6.0,0.7679856115107914,0.6302931596091205,382.5,144.5
6.0,0.7787769784172662,0.7052117263843648,385.5,121.5
6.0,0.7859712230215827,0.7964169381107492,387.5,93.5
6.0,0.789568345323741,0.8550488599348535,388.5,75.5
6.0,0.7931654676258992,1.0,389.5,30.5
6.0,0.7931654676258992,0.9104234527687296,389.5,58.5
7.0,0.75,0.0,377.5,338.5
7.0,0.7535971223021583,0.1449511400651466,378.5,293.5
7.0,0.7535971223021583,0.08957654723127036,378.5,310.5
7.0,0.7571942446043165,0.20358306188925082,379.5,275.5
7.0,0.7643884892086331,0.2947882736156352,381.5,247.5
7.0,0.7715827338129496,0.3697068403908795,383.5,224.5
7.0,0.7787769784172662,0.43485342019543977,385.5,204.5
7.0,0.7823741007194245,0.5,386.5,184.5
7.0,0.789568345323741,0.5651465798045603,388.5,164.5
7.0,0.7967625899280576,0.6302931596091205,390.5,144.5
7.0,0.8039568345323741,0.7052117263843648,392.5,121.5
7.0,0.8111510791366906,0.7964169381107492,394.5,93.5
7.0,0.814748201438849,0.9104234527687296,395.5,58.5
7.0,0.814748201438849,0.8550488599348535,395.5,75.5
7.0,0.8183453237410072,1.0,396.5,30.5
