gamma_over_u,kappa_phi0,kappa_phipi
0.001,0.001146975,0.001148405
0.0011,0.001262655,0.00126439
0.00121,0.001389945,0.001391985
0.001331,0.0015299,0.00153242
0.0014641,0.00168388,0.001687135
0.00161051,0.001851365,0.001857255
0.001771561,0.002038215,0.00204494
0.0019487171,0.00224342,0.00225049
0.0021435888,0.00246926,0.002477595
0.0023579477,0.002717855,0.00272772
0.0025937425,0.002991495,0.003003515
0.0028531167,0.003292765,0.003307305
0.0031384284,0.003624505,0.003641575
0.0034522712,0.003989605,0.004010185
0.0037974983,0.004391775,0.00441651
0.0041772482,0.00483459,0.00486451
0.004594973,0.00532273,0.00535739
0.0050544703,0.0058619,0.005901865
0.0055599173,0.006449925,0.0065007
0.006115909,0.00710459,0.007164545
0.0067274999,0.007820315,0.007897525
0.0074002499,0.00861434,0.008707115
0.0081402749,0.00949004,0.0096017
0.0089543024,0.01045607,0.010590615
0.0098497327,0.011521575,0.01168396
0.010834706,0.012698065,0.01289408
0.011918177,0.01399338,0.01421624
0.013109994,0.015433035,0.015701215
0.014420994,0.01700591,0.01734702
0.015863093,0.01875816,0.019172815
0.017449402,0.02068804,0.02119987
0.019194342,0.022854185,0.02345225
0.021113777,0.02521928,0.02595724
0.023225154,0.02783817,0.02874585
0.02554767,0.030753175,0.031853305
0.028102437,0.03400514,0.035336685
0.030912681,0.037597575,0.0391911
0.034003949,0.04158166,0.0435232
0.037404343,0.04600975,0.048386325
0.041144778,0.05093689,0.053813585
0.045259256,0.056414385,0.05991284
0.049785181,0.06253339,0.066762725
0.054763699,0.0693491,0.07448445
0.060240069,0.076955685,0.083172945
0.066264076,0.08545484,0.092976175
0.072890484,0.094949705,0.10404349
0.080179532,0.10558112,0.11652477
0.088197485,0.11747697,0.13064041
0.097017234,0.13081389,0.14657437
0.10671896,0.14573239,0.16454322
0.11739085,0.16244405,0.18475222
0.12912994,0.18114256,0.207427
0.14204293,0.20200278,0.23273515
0.15624723,0.22533579,0.26080936
0.17187195,0.25126002,0.29169787
0.18905914,0.27996827,0.32533956
0.20796506,0.31163725,0.3615306
0.22876156,0.346305,0.39991121
0.25163772,0.383982,0.43997185
0.27680149,0.4244955,0.48106561
0.30448164,0.467571,0.52229106
0.3349298,0.512729,0.56332351
0.36842278,0.5592735,0.60301954
0.40526506,0.6062765,0.6409161
0.44579157,0.652646,0.67654306
0.49037073,0.6972045,0.70958064
0.5394078,0.738976,0.73987482
0.59334858,0.777211,0.76736764
0.65268344,0.811591,0.79220557
0.71795178,0.842189,0.81446522
0.78974696,0.86914,0.8343135
0.86872165,0.892623,0.85204076
0.95559382,0.912708,0.8677348
1.0511532,0.9294865,0.88176612
1.1562685,0.943161,0.89417704
1.2718954,0.9541215,0.90519114
1.3990849,0.9628635,0.91498635
1.5389934,0.969884,0.92369233
1.6928927,0.9755785,0.93132627
1.862182,0.9802685,0.93836914
2.0484002,0.9841405,0.94454167
2.2532402,0.9873085,0.95004315
2.4785643,0.9898565,0.95497226
2.7264207,0.991871,0.95939429
2.9990628,0.993454,0.9633536
3.298969,0.9946945,0.96690511
3.6288659,0.995681,0.97008568
3.9917525,0.996479,0.97295612
4.3909278,0.997134,0.97553846
4.8300206,0.9976765,0.97786458
5.3130226,0.9981235,0.97996184
5.8443249,0.9984865,0.98185368
6.4287574,0.998778,0.98356094
7.0716331,0.9990105,0.98510404
7.7787964,0.999192,0.98649813
8.556676,0.9993385,0.98775862
9.4123437,0.9994555,0.98889838
