bath_key,family,levels,bandwidth,study,case,backend,cutoff,chi,restriction,converged,double_occupancy_0_0,double_occupancy_0_1,energy_0,energy_1,impurity_charge_0,impurity_charge_1,impurity_spin_z_0,impurity_spin_z_1,kappa,signed_gap,max_residual,max_dimension,construction_seconds,cold_total_seconds,peak_process_rss_bytes,model_seconds,reused_bath_total_seconds,solve_seconds,solver_diagonalization_seconds,solver_observables_and_residuals_seconds,solver_preparation_seconds,solver_total_seconds,reused_q25,reused_q75
81a4955732b57cc62f3a,cosh-grid,12,10.0,spectrum-refinement,g0.5,dmrg,,128,none,False,0.02165010866971788,0.011758034587531142,0.6502605833333952,-0.2695719362923157,0.9999999999999996,0.9999999999999976,-8.205500642843866e-08,0.48695851799609313,0.026082964007813736,-0.9198325196257109,0.014701693742995273,0,0.00012258300557732582,121.69892524881288,569212928,0.004296707920730114,121.6988026658073,121.69450595788658,120.1821901248768,1.0601649163290858,0.23028841754421592,121.69116754131392,121.6988026658073,121.6988026658073
81a4955732b57cc62f3a,cosh-grid,12,10.0,spectrum-refinement,g0.5,dmrg,,256,none,False,0.02165005192498661,0.011758036897372856,0.650252586602587,-0.2695719693245806,0.9999999999940965,1.0,1.988966130683778e-09,0.486958505019346,0.02608298996130798,-0.9198245559271676,0.0008488959312333305,0,0.00012258300557732582,288.54872116586193,1484390400,0.004188832826912403,288.54859858285636,288.54440975002944,283.41563245793805,4.66706170886755,0.2305732499808073,288.53630383266136,288.54859858285636,288.54859858285636
0ccd6a7ebad9f4a5dc65,cosh-grid,16,10.0,spectrum-refinement,g0.5,dmrg,,128,none,False,0.021770124935351527,0.011758013787078912,0.650195863891998,-0.26957150099799776,1.0000000000000124,0.9999999999999993,-7.828962248795923e-06,0.48695868702739326,0.02608262594521349,-0.9197673648899958,0.03558537894703419,0,0.00013616587966680527,231.3247331236489,617938944,0.006622083019465208,231.32459695776924,231.31797487474978,228.88766395812854,1.8456291249021888,0.2951120832003653,231.3140786252916,231.32459695776924,231.32459695776924
0ccd6a7ebad9f4a5dc65,cosh-grid,16,10.0,spectrum-refinement,g0.5,dmrg,,256,none,False,0.021769269241376905,0.011758036275749957,0.6501473665434467,-0.2695719702486912,0.9999999999993541,1.0000000000000007,-2.8949173697112585e-08,0.4869585115563806,0.026082976887238818,-0.9197193367921379,0.0036704452174678016,0,0.00013616587966680527,622.0268043316901,1620656128,0.006567415781319141,622.0266681658104,622.0201007500291,612.3318430418149,9.08071191702038,0.30096520809456706,622.0034570829011,622.0266681658104,622.0266681658104
2479680ede57077b0426,cosh-grid,24,10.0,spectrum-refinement,g0.5,dmrg,,128,none,False,0.021755470367277135,0.011757946835379117,0.6503627533909011,-0.2695682929610257,1.0000000000000029,1.0000000000000042,-7.211093177356132e-05,0.48695930014214894,0.026081399715702114,-0.9199310463519268,0.08012742256038255,0,0.00019762525334954262,495.01320279110223,1101053952,0.0127464160323143,495.0130051658489,495.00025874981657,490.8289768747054,3.3238980411551893,0.41340829199180007,494.99417866719887,495.0130051658489,495.0130051658489
2479680ede57077b0426,cosh-grid,24,10.0,spectrum-refinement,g0.5,dmrg,,256,none,False,0.021746885434099274,0.011758034902905466,0.6500986500740282,-0.2695719249073676,1.0000000000000013,0.9999999999999998,-4.02390043618972e-07,0.48695852624996666,0.026082947500066678,-0.9196705749813958,0.01245892526146784,0,0.00019762525334954262,1950.5938321254216,1779269632,0.012589583173394203,1950.5936345001683,1950.5810449169949,1932.0141814583912,17.683205291163176,0.4273482081480324,1950.5617274590768,1950.5936345001683,1950.5936345001683
81a4955732b57cc62f3a,cosh-grid,12,10.0,spectrum-refinement,g20,dmrg,,128,none,False,0.2061310177542737,0.20514884522880095,-13.54044794395486,-12.554985446329031,0.9999999999999986,1.0000000000024598,1.0311723697142838e-11,0.012718283183854345,0.9745634336322913,0.9854624976258286,0.0010224045848634814,0,0.00012258300557732582,68.73828129190952,525615104,0.0041992091573774815,68.73815870890394,68.73395949974656,67.16951829241589,1.1194729167036712,0.22703508334234357,68.73194833286107,68.73815870890394,68.73815870890394
81a4955732b57cc62f3a,cosh-grid,12,10.0,spectrum-refinement,g20,dmrg,,256,none,True,0.20613101766299474,0.20514884457316793,-13.540447949415308,-12.554985482124241,1.0000000000000018,0.9999999999997552,3.4139358007223564e-15,0.01271828347818929,0.9745634330436215,0.9854624672910663,2.5615331624479425e-05,0,0.00012258300557732582,230.1818141657859,1225031680,0.004199957940727472,230.18169158278033,230.1774916248396,224.98340575024486,4.740302541758865,0.22931124968454242,230.17179712560028,230.18169158278033,230.18169158278033
0ccd6a7ebad9f4a5dc65,cosh-grid,16,10.0,spectrum-refinement,g20,dmrg,,128,none,False,0.206131018886389,0.20508674889415857,-13.54044782163756,-12.556039563302228,0.9999999999999993,0.9999999999998166,-1.3337458915074762e-10,0.013524940674495084,0.9729501186510099,0.984408258335332,0.005462386738444692,0,0.00013616587966680527,148.5788297909312,609746944,0.006725208833813667,148.57869362505153,148.57196841621771,146.0230168341659,1.9615993336774409,0.290756874717772,148.56782341655344,148.57869362505153,148.57869362505153
0ccd6a7ebad9f4a5dc65,cosh-grid,16,10.0,spectrum-refinement,g20,dmrg,,256,none,False,0.20613101736189487,0.20508673699677415,-13.540447971626573,-12.556040651821796,1.0000000000000042,1.0000000000004192,7.438494264988549e-15,0.01352496598676034,0.9729500680264793,0.9844073198047774,0.0002955079846008644,0,0.00013616587966680527,514.1643822081387,1462206464,0.006647082976996899,514.164246042259,514.157598959282,503.958691499196,9.59781545912847,0.30333204148337245,514.1450729165226,514.164246042259,514.164246042259
2479680ede57077b0426,cosh-grid,24,10.0,spectrum-refinement,g20,dmrg,,128,none,False,0.20613103063283694,0.20512263198747024,-13.540445275486459,-12.556206457554385,0.9999999999999989,0.999999999999998,-1.3645647389814997e-08,0.013061622182630295,0.9738767556347394,0.9842388179320736,0.022202391980245494,0,0.00019762525334954262,384.5045086252503,698400768,0.012916500214487314,384.50431099999696,384.4913944997825,380.03991387505084,3.579389583785087,0.42547875130549073,384.484916458372,384.50431099999696,384.50431099999696
2479680ede57077b0426,cosh-grid,24,10.0,spectrum-refinement,g20,dmrg,,256,none,False,0.20613101749589935,0.20512248693124183,-13.540447947492378,-12.556225975962636,1.0000000000000047,0.9999999999990579,-2.6829705124242764e-11,0.013062383633900998,0.973875232732198,0.9842219715297418,0.0025530551335625385,0,0.00019762525334954262,1291.5306253335439,1635155968,0.012628416065126657,1291.5304277082905,1291.5177992922254,1272.2724740831181,18.37198495864868,0.4263347084634006,1291.506807541009,1291.5304277082905,1291.5304277082905
