setting,gap_ratio,detuning,even_energy,odd_energy,signed_gap,ground_parity,current,left_current,right_current,current_sum,charge
paper,1.0,-4.0,-4.6089117853402115,-3.4537064549397773,1.1552053304004342,0,0.013009370558925901,-0.013009370558932589,0.013009370558918737,-1.3851766955674805e-14,1.8849141121873922
paper,1.0,-3.0,-3.7408107222278004,-2.6870178424625304,1.05379287976527,0,0.021362101305776086,-0.021362101305776406,0.021362101305776232,-1.734723475976807e-16,1.8481782651758132
paper,1.0,-2.0,-2.9222328691897603,-2.0858254268211995,0.8364074423685608,0,0.0405355503563074,-0.04053555035630889,0.04053555035630646,-2.42861286636753e-15,1.7813537239328858
paper,1.0,-1.0,-2.2068484445548417,-1.7535958298582752,0.4532526146965665,0,0.09660701006096609,-0.09660701006094946,0.09660701006098163,3.216871213851391e-14,1.6214890956195023
paper,1.0,-0.6,-1.9848992196567339,-1.692781670770341,0.29211754888639296,0,0.14552683250686244,-0.14552683250686282,0.14552683250686288,5.551115123125783e-17,1.4730454730349356
paper,1.0,-0.4,-1.9015203769161315,-1.6747269460902694,0.22679343082586212,0,0.17602516138245472,-0.1760251613824536,0.17602516138245583,2.220446049250313e-15,1.354295845472296
paper,1.0,-0.2,-1.8459919706829766,-1.6641180869369228,0.18187388374605384,0,0.20313010122057512,-0.2031301012205743,0.2031301012205775,3.219646771412954e-15,1.1939239938272297
paper,1.0,0.0,-1.8262579245704103,-1.6606194318645267,0.1656384927058836,0,0.21458313079369934,-0.2145831307937015,0.21458313079370106,-4.440892098500626e-16,0.999999999999991
paper,1.0,0.2,-1.8459919706829762,-1.66411808693692,0.18187388374605606,0,0.20313010122057795,-0.203130101220584,0.20313010122057618,-7.827072323607354e-15,0.8060760061727711
paper,1.0,0.4,-1.9015203769161204,-1.6747269460902532,0.22679343082586723,0,0.1760251613824553,-0.1760251613824564,0.17602516138245483,-1.582067810090848e-15,0.6457041545276955
paper,1.0,0.6,-1.9848992196567448,-1.6927816707704035,0.2921175488863412,0,0.14552683250686127,-0.14552683250686022,0.14552683250686083,6.106226635438361e-16,0.5269545269650597
paper,1.0,1.0,-2.206848444554839,-1.7535958298583085,0.45325261469653055,0,0.09660701006097783,-0.096607010060975,0.09660701006098218,7.188694084447889e-15,0.37851090438048446
paper,1.0,2.0,-2.92223286918975,-2.0858254268212115,0.8364074423685386,0,0.04053555035630887,-0.04053555035630843,0.040535550356307064,-1.366962099069724e-15,0.21864627606710552
paper,1.0,3.0,-3.740810722227802,-2.6870178424625406,1.0537928797652616,0,0.021362101305793316,-0.021362101305778647,0.02136210130580667,2.8022723030929342e-14,0.1518217348241782
paper,1.0,4.0,-4.608911785340222,-3.453706454939783,1.155205330400439,0,0.013009370558930054,-0.013009370558931574,0.013009370558928628,-2.9455604622086184e-15,0.11508588781258658
paper,0.5,-4.0,-4.533482898388715,-3.883170605240981,0.6503122931477336,0,0.009684500728416187,-0.009684500728419296,0.009684500728413226,-6.069797442442848e-15,1.8835289437052052
paper,0.5,-3.0,-3.6678560607193145,-3.0346212387926204,0.6332348219266941,0,0.016220897129508728,-0.016220897129512066,0.016220897129503347,-8.718720190259432e-15,1.8443758085956063
paper,0.5,-2.0,-2.855164815536261,-2.2740803588992655,0.5810844566369955,0,0.031762859876353494,-0.03176285987635047,0.03176285987635345,2.9837243786801082e-15,1.7727843816654847
paper,0.5,-1.0,-2.152954636347258,-1.7697171667520109,0.38323746959524696,0,0.0795029694619412,-0.07950296946194176,0.07950296946194182,6.938893903907228e-17,1.6025572204039036
paper,0.5,-0.6,-1.9394429199479823,-1.6793126897272446,0.2601302302207378,0,0.12221520299941623,-0.12221520299939281,0.12221520299943797,4.515832152662824e-14,1.450614962626048
paper,0.5,-0.4,-1.860422553330223,-1.6535436150585696,0.20687893827165338,0,0.14889307668592622,-0.14889307668586516,0.14889307668598828,1.2312373343092986e-13,1.33387645573931
paper,0.5,-0.2,-1.808330071589355,-1.6386635753523118,0.16966649623704333,0,0.17250868945880427,-0.17250868945873443,0.1725086894588755,1.4108159085424177e-13,1.1810387437547942
paper,0.5,0.0,-1.7899427425921537,-1.6337999864955548,0.1561427560965989,0,0.1824445399659021,-0.18244453996584412,0.18244453996595827,1.1415868250708172e-13,1.0000000000000024
paper,0.5,0.2,-1.8083300715893829,-1.6386635753523127,0.1696664962370702,0,0.17250868945882125,-0.17250868945877607,0.17250868945886935,9.328648964412878e-14,0.8189612562451882
paper,0.5,0.4,-1.8604225533302174,-1.6535436150585825,0.20687893827163495,0,0.14889307668594504,-0.14889307668591703,0.14889307668597246,5.542788450441094e-14,0.6661235442606317
paper,0.5,0.6,-1.93944291994798,-1.6793126897272208,0.2601302302207591,0,0.12221520299942076,-0.12221520299941609,0.12221520299942665,1.0560996521746802e-14,0.5493850373738992
paper,0.5,1.0,-2.152954636347247,-1.7697171667520109,0.3832374695952363,0,0.07950296946193942,-0.07950296946193935,0.07950296946193937,1.3877787807814457e-17,0.3974427795960588
paper,0.5,2.0,-2.855164815536244,-2.2740803588992535,0.5810844566369906,0,0.03176285987634314,-0.031762859876328306,0.03176285987635933,3.102379464436922e-14,0.22721561833448897
paper,0.5,3.0,-3.667856060719319,-3.034621238792589,0.6332348219267301,0,0.0162208971295262,-0.016220897129526207,0.01622089712952568,-5.273559366969494e-16,0.15562419140437367
paper,0.5,4.0,-4.533482898388701,-3.8831706052409847,0.6503122931477168,0,0.009684500728408645,-0.00968450072840897,0.009684500728406872,-2.0990154059319366e-15,0.11647105629477916
paper,0.25,-4.0,-4.450961517816438,-4.121149548432407,0.3298119693840311,0,0.006666366196466534,-0.006666366196467665,0.006666366196465933,-1.7321213907628419e-15,1.886393436631073
paper,0.25,-3.0,-3.583305811302644,-3.2585092274594802,0.3247965838431637,0,0.011362705906744937,-0.011362705906742092,0.011362705906746106,4.014150123410332e-15,1.845305024493109
paper,0.25,-2.0,-2.771558435849593,-2.459407818489657,0.312150617359936,0,0.022889335622817163,-0.02288933562283396,0.022889335622802296,-3.1665642330480637e-14,1.7694010492698808
paper,0.25,-1.0,-2.0770351564471583,-1.818740093162559,0.2582950632845993,0,0.060149341187055436,-0.06014934118705043,0.060149341187059474,9.041378756791119e-15,1.5891330226717673
paper,0.25,-0.6,-1.8700216154726546,-1.670107847374311,0.1999137680983436,0,0.09438905654509545,-0.09438905654508212,0.0943890565451086,2.6478819137309983e-14,1.4319943663649335
paper,0.25,-0.4,-1.794752365657195,-1.6276453349779656,0.1671070306792295,0,0.11567964540956494,-0.11567964540956406,0.11567964540956471,6.522560269672795e-16,1.3156842344654525
paper,0.25,-0.2,-1.7458013765079519,-1.6037557587839464,0.14204561772400548,0,0.13428276905259764,-0.13428276905259784,0.13428276905259898,1.1379786002407855e-15,1.1689604494307138
paper,0.25,0.0,-1.7286883184511646,-1.5960879727364532,0.13260034571471135,0,0.14201678923149386,-0.14201678923149522,0.1420167892314953,8.326672684688674e-17,0.9999999999999853
paper,0.25,0.2,-1.7458013765079345,-1.6037557587839248,0.1420456177240097,0,0.13428276905259848,-0.13428276905259912,0.13428276905259928,1.6653345369377348e-16,0.8310395505692436
paper,0.25,0.4,-1.7947523656572064,-1.6276453349779594,0.16710703067924704,0,0.11567964540956616,-0.11567964540956634,0.11567964540956423,-2.1094237467877974e-15,0.6843157655345194
paper,0.25,0.6,-1.8700216154726652,-1.6701078473743316,0.1999137680983336,0,0.09438905654510293,-0.09438905654510174,0.09438905654510553,3.788636071533347e-15,0.5680056336350148
paper,0.25,1.0,-2.0770351564471663,-1.818740093162573,0.2582950632845933,0,0.06014934118705906,-0.060149341187060154,0.06014934118705855,-1.6028844918025698e-15,0.41086697732819555
paper,0.25,2.0,-2.7715584358495695,-2.4594078184896784,0.31215061735989114,0,0.02288933562278709,-0.022889335622785723,0.022889335622786985,1.2628786905111156e-15,0.2305989507300802
paper,0.25,3.0,-3.5833058113026426,-3.2585092274594816,0.324796583843161,0,0.011362705906748198,-0.011362705906748947,0.011362705906747915,-1.0321604682062002e-15,0.15469497550686678
paper,0.25,4.0,-4.450961517816443,-4.12114954843241,0.3298119693840329,0,0.006666366196467259,-0.006666366196468022,0.006666366196466378,-1.6445178552260131e-15,0.1136065633689003
