setting,gamma_over_u,phi_over_pi,kappa,residual
L4,0.001,0.0,0.0011325664443453398,1.8874025921615837e-14
L4,0.001,0.5,0.0011333819562149294,1.715712143359498e-14
L4,0.001,1.0,0.0011341974632786966,2.0180579246661295e-14
L4,0.1,0.0,0.1334147982584516,1.6014236734053362e-14
L4,0.1,0.5,0.14205697799712347,1.8911094970340083e-14
L4,0.1,1.0,0.15009975343738668,1.7047885766858994e-14
L4,0.2,0.0,0.29975587177801555,1.7558199134819357e-14
L4,0.2,0.5,0.3247827274381887,2.093142596349009e-14
L4,0.2,1.0,0.34361283750181304,1.3577601834318693e-14
L6,0.001,0.0,0.0011423233377052533,6.067769307300499e-14
L6,0.001,0.5,0.0011431305720914775,7.803687082184868e-14
L6,0.001,1.0,0.0011439378016989687,5.722045750078076e-14
L6,0.1,0.0,0.13450705857789746,9.249264745013751e-14
L6,0.1,0.5,0.14317934099851048,7.696393480650696e-14
L6,0.1,1.0,0.15122276175539573,8.893276734059254e-14
L6,0.2,0.0,0.29811365344226315,2.9363694089485913e-12
L6,0.2,0.5,0.32539476170780834,1.5933063749887421e-12
L6,0.2,1.0,0.34518094744413896,5.4445180208371286e-14
L8,0.001,0.0,0.0011435838859475966,4.85845834129146e-13
L8,0.001,0.5,0.0011443904807865168,2.855459105764088e-13
L8,0.001,1.0,0.0011451970708448167,3.035012182881347e-13
L8,0.1,0.0,0.13460282365817722,1.136812812377416e-12
L8,0.1,0.5,0.14327252525133205,1.533081348245422e-12
L8,0.1,1.0,0.151308831483142,3.677296449561484e-13
L8,0.2,0.0,0.2974172852254432,2.7312189483499584e-12
L8,0.2,0.5,0.32529828448319287,1.4721764820561379e-12
L8,0.2,1.0,0.34527313606641374,4.800352722401659e-13
L10,0.001,0.0,0.0011436954791052,2.7355536417639517e-12
L10,0.001,0.5,0.001144501974765455,2.0635881883960186e-12
L10,0.001,1.0,0.0011453084656530832,2.6267562288039313e-12
L10,0.1,0.0,0.1346174674647822,3.2865922464320902e-12
L10,0.1,0.5,0.14328565652296665,2.052432044977545e-12
L10,0.1,1.0,0.15132001430689646,2.412577137075422e-12
L10,0.2,0.0,0.29725501689005296,2.6387726038111995e-12
L10,0.2,0.5,0.32527984505488605,1.9475502951821833e-12
L10,0.2,1.0,0.345287659998184,2.5518104917711007e-12
L8_w200,0.001,0.0,0.0011436725759772504,2.302165060968582e-13
L8_w200,0.001,0.5,0.00114447917911642,4.453500555437324e-13
L8_w200,0.001,1.0,0.0011452857774822967,4.631027757917973e-13
L8_w200,0.1,0.0,0.13460995618531135,1.8311421524772434e-12
L8_w200,0.1,0.5,0.14327967071909786,5.82336377556815e-13
L8_w200,0.1,1.0,0.15131605697319206,4.703060946254123e-13
L8_w200,0.2,0.0,0.2974449295963102,4.073903879884943e-13
L8_w200,0.2,0.5,0.32531315882479417,2.7528559766409298e-12
L8_w200,0.2,1.0,0.34528447662943895,3.962047518796625e-13
L8_q4,0.001,0.0,0.0011435838859461533,8.990158280060968e-14
L8_q4,0.001,0.5,0.0011443904807746375,9.522836629289252e-14
L8_q4,0.001,1.0,0.0011451970708292736,6.504728711328789e-14
L8_q4,0.1,0.0,0.13453607541419443,2.9969132963804695e-13
L8_q4,0.1,0.5,0.14315194610967252,4.833783681688127e-13
L8_q4,0.1,1.0,0.1511349986405277,9.077743081826757e-14
L8_q4,0.2,0.0,0.29561772095679084,9.992114268706206e-13
L8_q4,0.2,0.5,0.3224840094288818,4.1338327944521093e-13
L8_q4,0.2,1.0,0.34188479667625093,6.647588803629813e-14
cosh6_q6,0.001,0.0,0.0011437023247925504,1.2415331202745884e-12
cosh6_q6,0.001,0.5,0.0011445089264546793,2.169909179957768e-12
cosh6_q6,0.001,1.0,0.0011453155233585033,1.928235726841049e-12
cosh6_q6,0.1,0.0,0.1346096583713312,2.0110064953740255e-12
cosh6_q6,0.1,0.5,0.14328024772960202,1.847320956394601e-12
cosh6_q6,0.1,1.0,0.15131795888369426,1.4544985525071556e-12
cosh6_q6,0.2,0.0,0.29737175612960987,2.0781634916826793e-12
cosh6_q6,0.2,0.5,0.3253089321789415,2.5970339334625724e-12
cosh6_q6,0.2,1.0,0.34528190514946866,4.0666774186432655e-12
