setting,kind,delta_over_D,epsilon_over_gamma,cells,eta_ratio,max_quadrature_error_over_peak,max_broadening_band_error_over_peak,peak_offset_over_D,peak_pi_gamma_A
N256_eta02,quadratic,0.0001,0.0,256,0.02,0.5415947537898281,0.010046238052367288,4.265795188015926e-08,30.78687677922774
N256_eta02,quadratic,0.0001,4.0,256,0.02,0.4443719912017538,0.010049207632919258,1.5848931924611142e-10,28.889166927689082
N512_eta02,quadratic,0.0001,0.0,512,0.02,0.0853934988364711,0.010046238052367288,4.265795188015926e-08,21.66419594256179
N512_eta02,quadratic,0.0001,4.0,512,0.02,0.0760695757353164,0.010049207632919258,9.772372209558111e-11,21.82417205410491
N1024_eta02,quadratic,0.0001,0.0,1024,0.02,0.005854634175223953,0.010046238052367288,2.818382931264455e-08,20.29087613944594
N1024_eta02,quadratic,0.0001,4.0,1024,0.02,0.005038424016067225,0.010049207632919258,9.772372209558111e-11,20.395352299731186
N2048_eta02,quadratic,0.0001,0.0,2048,0.02,7.135451149436822e-05,0.010046238052367288,3.2359365692962815e-08,20.197304821937337
N2048_eta02,quadratic,0.0001,4.0,2048,0.02,6.16424502814599e-05,0.010049207632919258,1.0471285480508986e-10,20.317837800600152
N2048_eta01,quadratic,0.0001,0.0,2048,0.01,0.005374723777166147,0.005011359877133211,2.818382931264455e-08,20.173855055662226
N2048_eta01,quadratic,0.0001,4.0,2048,0.01,0.005101263839199208,0.00501203790420236,9.772372209558111e-11,20.224924337123365
N4096_eta01,quadratic,0.0001,0.0,4096,0.01,7.153158130879388e-05,0.005011359877133211,3.0199517204020135e-08,20.09708583780373
N4096_eta01,quadratic,0.0001,4.0,4096,0.01,6.056800140333291e-05,0.00501203790420236,1.0471285480508986e-10,20.217081990854872
N8192_eta01,quadratic,0.0001,0.0,8192,0.01,3.931177434000647e-07,0.005011359877133211,3.0199517204020135e-08,20.097260201050684
N8192_eta01,quadratic,0.0001,4.0,8192,0.01,3.4663609430353267e-07,0.00501203790420236,1.0471285480508986e-10,20.216219709540574
N8192_eta005,quadratic,0.0001,0.0,8192,0.005,6.842477249519777e-05,0.0025032800302614115,3.2359365692962815e-08,20.04664834879387
N8192_eta005,quadratic,0.0001,4.0,8192,0.005,5.993410231512284e-05,0.0025028002802346236,1.0471285480508986e-10,20.16689507092833
L4_k240,interacting,0.03,-6.122448979591836,0,0.0,,,,
L4_k240,interacting,3e-05,-6.122448979591836,0,0.0,,,,
L6_k240,interacting,0.03,-6.122448979591836,0,0.0,,,,
L6_k240,interacting,3e-05,-6.122448979591836,0,0.0,,,,
L8_k240,interacting,0.03,-6.122448979591836,0,0.0,,,,
L8_k240,interacting,3e-05,-6.122448979591836,0,0.0,,,,
L8_k480,interacting,0.03,-6.122448979591836,0,0.0,,,,
L8_k480,interacting,3e-05,-6.122448979591836,0,0.0,,,,
